<?xml version="1.0" encoding="UTF-8"?>
<osm version="0.6" generator="Overpass API 0.7.62.11 87bfad18">
<note>The data included in this document is from www.openstreetmap.org. The data is made available under ODbL.</note>
<meta osm_base="2026-09-19T20:11:25Z"/>

  <node id="104187715" lat="40.4489397" lon="-79.9615120"/>
  <node id="104198588" lat="40.4368354" lon="-79.9546421">
    <tag k="odbl" v="clean"/>
  </node>
  <node id="104198595" lat="40.4373239" lon="-79.9541402"/>
  <node id="104206700" lat="40.4378592" lon="-79.9470710"/>
  <node id="104371210" lat="40.4399943" lon="-79.9576053"/>
  <node id="104375525" lat="40.4421067" lon="-79.9567153"/>
  <node id="104507069" lat="40.4435483" lon="-79.9521585"/>
  <node id="104507077" lat="40.4423810" lon="-79.9516882"/>
  <node id="104507928" lat="40.4419940" lon="-79.9581867"/>
  <node id="104507936" lat="40.4424105" lon="-79.9584030"/>
  <node id="104548430" lat="40.4369295" lon="-79.9514347"/>
  <node id="104548441" lat="40.4371395" lon="-79.9513470"/>
  <node id="104548449" lat="40.4374790" lon="-79.9512023"/>
  <node id="104548454" lat="40.4377749" lon="-79.9510768">
    <tag k="noexit" v="yes"/>
  </node>
  <node id="104580895" lat="40.4412739" lon="-79.9591778">
    <tag k="highway" v="traffic_signals"/>
    <tag k="traffic_signals:direction" v="forward"/>
  </node>
  <node id="104580909" lat="40.4409203" lon="-79.9587407"/>
  <node id="104580920" lat="40.4405853" lon="-79.9583384">
    <tag k="highway" v="traffic_signals"/>
    <tag k="traffic_signals" v="signal"/>
    <tag k="traffic_signals:direction" v="both"/>
  </node>
  <node id="104580931" lat="40.4391818" lon="-79.9566021"/>
  <node id="104580941" lat="40.4375344" lon="-79.9545416"/>
  <node id="104590325" lat="40.4478257" lon="-79.9624201"/>
  <node id="104590338" lat="40.4482628" lon="-79.9623709"/>
  <node id="104590348" lat="40.4486207" lon="-79.9622764"/>
  <node id="104639490" lat="40.4411375" lon="-79.9612960"/>
  <node id="104639501" lat="40.4419581" lon="-79.9628195">
    <tag k="highway" v="traffic_signals"/>
  </node>
  <node id="104649281" lat="40.4494537" lon="-79.9512023"/>
  <node id="104651221" lat="40.4404460" lon="-79.9509944"/>
  <node id="104663452" lat="40.4468013" lon="-79.9505804">
    <tag k="highway" v="traffic_signals"/>
  </node>
  <node id="104663459" lat="40.4489974" lon="-79.9518560"/>
  <node id="104670315" lat="40.4385350" lon="-79.9466130">
    <tag k="note" v="There used to be a separate way for the cycle along this road. I decided to delete that way and tag this road with `cycleway:(left,right)=track` tags because of how the added complexity of having it tagged as a separate way caused it to not appropriately"/>
  </node>
  <node id="104683082" lat="40.4404419" lon="-79.9421518"/>
  <node id="104706071" lat="40.4370737" lon="-79.9595234"/>
  <node id="104706083" lat="40.4373303" lon="-79.9591682"/>
  <node id="104706094" lat="40.4377324" lon="-79.9586192"/>
  <node id="104706102" lat="40.4383837" lon="-79.9577099"/>
  <node id="104706116" lat="40.4394431" lon="-79.9562481"/>
  <node id="104706127" lat="40.4397044" lon="-79.9559048"/>
  <node id="104707716" lat="40.4425705" lon="-79.9622241"/>
  <node id="104707727" lat="40.4427689" lon="-79.9620152"/>
  <node id="104707731" lat="40.4436705" lon="-79.9609595"/>
  <node id="104787623" lat="40.4393582" lon="-79.9517707"/>
  <node id="104822534" lat="40.4363853" lon="-79.9539075"/>
  <node id="104822545" lat="40.4368408" lon="-79.9534622"/>
  <node id="104822554" lat="40.4370367" lon="-79.9532606"/>
  <node id="104822564" lat="40.4373217" lon="-79.9529581">
    <tag k="odbl" v="clean"/>
  </node>
  <node id="104832904" lat="40.4404695" lon="-79.9537512">
    <tag k="crossing" v="uncontrolled"/>
    <tag k="crossing:island" v="no"/>
    <tag k="crossing:markings" v="lines"/>
    <tag k="highway" v="crossing"/>
    <tag k="tactile_paving" v="yes"/>
  </node>
  <node id="104832924" lat="40.4404017" lon="-79.9501656">
    <tag k="highway" v="stop"/>
  </node>
  <node id="104841779" lat="40.4480625" lon="-79.9592636"/>
  <node id="104843460" lat="40.4489276" lon="-79.9577523">
    <tag k="highway" v="traffic_signals"/>
    <tag k="traffic_signals" v="signal"/>
  </node>
  <node id="104844013" lat="40.4487409" lon="-79.9615429"/>
  <node id="104844017" lat="40.4483281" lon="-79.9590558"/>
  <node id="104844020" lat="40.4483380" lon="-79.9589013">
    <tag k="crossing" v="marked"/>
    <tag k="crossing:island" v="no"/>
    <tag k="crossing:markings" v="zebra"/>
    <tag k="highway" v="crossing"/>
    <tag k="tactile_paving" v="yes"/>
  </node>
  <node id="104844024" lat="40.4483700" lon="-79.9587207">
    <tag k="highway" v="traffic_signals"/>
  </node>
  <node id="104844027" lat="40.4496346" lon="-79.9567325"/>
  <node id="104844028" lat="40.4509149" lon="-79.9549411">
    <tag k="highway" v="traffic_signals"/>
  </node>
  <node id="104844032" lat="40.4512886" lon="-79.9540443"/>
  <node id="104853006" lat="40.4373652" lon="-79.9523142"/>
  <node id="104853013" lat="40.4370464" lon="-79.9509799"/>
  <node id="104853020" lat="40.4370135" lon="-79.9509017"/>
  <node id="104853025" lat="40.4369600" lon="-79.9509038"/>
  <node id="104853031" lat="40.4368688" lon="-79.9509571"/>
  <node id="104853041" lat="40.4368295" lon="-79.9509930"/>
  <node id="104853052" lat="40.4371724" lon="-79.9523927"/>
  <node id="104861797" lat="40.4408027" lon="-79.9543545"/>
  <node id="104861806" lat="40.4410568" lon="-79.9538918"/>
  <node id="104861821" lat="40.4412518" lon="-79.9531675"/>
  <node id="104861837" lat="40.4413222" lon="-79.9530147"/>
  <node id="104861841" lat="40.4414273" lon="-79.9528886"/>
  <node id="104861882" lat="40.4418007" lon="-79.9526539"/>
  <node id="104925160" lat="40.4431553" lon="-79.9565686">
    <tag k="highway" v="traffic_signals"/>
    <tag k="traffic_signals:direction" v="forward"/>
  </node>
  <node id="104925171" lat="40.4444252" lon="-79.9581364"/>
  <node id="104930984" lat="40.4462428" lon="-79.9505198"/>
  <node id="104930999" lat="40.4463668" lon="-79.9489127"/>
  <node id="104931010" lat="40.4465191" lon="-79.9470412"/>
  <node id="104991712" lat="40.4455722" lon="-79.9514992"/>
  <node id="104991719" lat="40.4457061" lon="-79.9504423"/>
  <node id="104991730" lat="40.4458056" lon="-79.9488393"/>
  <node id="104991736" lat="40.4460133" lon="-79.9468206"/>
  <node id="105001872" lat="40.4459602" lon="-79.9567005"/>
  <node id="105001912" lat="40.4478699" lon="-79.9588625"/>
  <node id="105002583" lat="40.4453661" lon="-79.9596991"/>
  <node id="105002598" lat="40.4451531" lon="-79.9609642"/>
  <node id="105002609" lat="40.4455155" lon="-79.9613029"/>
  <node id="105002618" lat="40.4459579" lon="-79.9611948"/>
  <node id="105002626" lat="40.4460138" lon="-79.9612878"/>
  <node id="105002633" lat="40.4462494" lon="-79.9622909"/>
  <node id="105013257" lat="40.4384673" lon="-79.9612424">
    <tag k="highway" v="traffic_signals"/>
    <tag k="traffic_signals:direction" v="both"/>
  </node>
  <node id="105013267" lat="40.4391288" lon="-79.9603411"/>
  <node id="105013281" lat="40.4397764" lon="-79.9594379">
    <tag k="highway" v="traffic_signals"/>
    <tag k="traffic_signals:direction" v="both"/>
  </node>
  <node id="105013293" lat="40.4402234" lon="-79.9588398"/>
  <node id="105013303" lat="40.4410967" lon="-79.9576160">
    <tag k="highway" v="traffic_signals"/>
    <tag k="traffic_signals" v="signal"/>
    <tag k="traffic_signals:direction" v="forward"/>
  </node>
  <node id="105013312" lat="40.4415621" lon="-79.9569723">
    <tag k="highway" v="traffic_signals"/>
    <tag k="traffic_signals:direction" v="forward"/>
  </node>
  <node id="105013320" lat="40.4419581" lon="-79.9564358">
    <tag k="highway" v="traffic_signals"/>
    <tag k="traffic_signals:direction" v="forward"/>
    <tag k="traffic_signals:sound" v="yes"/>
  </node>
  <node id="105013345" lat="40.4431909" lon="-79.9535474">
    <tag k="highway" v="traffic_signals"/>
    <tag k="traffic_signals:direction" v="forward"/>
    <tag k="traffic_signals:sound" v="yes"/>
  </node>
  <node id="105013369" lat="40.4439240" lon="-79.9507569"/>
  <node id="105013377" lat="40.4440583" lon="-79.9502130"/>
  <node id="105013390" lat="40.4442898" lon="-79.9492892"/>
  <node id="105013396" lat="40.4444446" lon="-79.9486742"/>
  <node id="105013419" lat="40.4445388" lon="-79.9463614">
    <tag k="crossing" v="traffic_signals"/>
    <tag k="crossing:island" v="no"/>
    <tag k="crossing:markings" v="yes"/>
    <tag k="highway" v="crossing"/>
  </node>
  <node id="105013433" lat="40.4446357" lon="-79.9429911">
    <tag k="highway" v="traffic_signals"/>
  </node>
  <node id="105018892" lat="40.4473274" lon="-79.9438349"/>
  <node id="105024352" lat="40.4358752" lon="-79.9581281"/>
  <node id="105024377" lat="40.4359514" lon="-79.9561276">
    <tag k="odbl" v="clean"/>
  </node>
  <node id="105026656" lat="40.4479870" lon="-79.9476798"/>
  <node id="105026665" lat="40.4489016" lon="-79.9466970"/>
  <node id="105026691" lat="40.4504808" lon="-79.9450328">
    <tag k="highway" v="stop"/>
    <tag k="stop" v="all"/>
  </node>
  <node id="105032235" lat="40.4397715" lon="-79.9533273"/>
  <node id="105032245" lat="40.4393821" lon="-79.9526383"/>
  <node id="105037550" lat="40.4387980" lon="-79.9616501"/>
  <node id="105037555" lat="40.4380955" lon="-79.9607837"/>
  <node id="105037561" lat="40.4365296" lon="-79.9588523"/>
  <node id="105057945" lat="40.4417538" lon="-79.9499438"/>
  <node id="105057957" lat="40.4400368" lon="-79.9468550"/>
  <node id="105058001" lat="40.4388134" lon="-79.9447326">
    <tag k="odbl" v="clean"/>
  </node>
  <node id="105058010" lat="40.4396882" lon="-79.9435123"/>
  <node id="105058043" lat="40.4420847" lon="-79.9530777"/>
  <node id="105060928" lat="40.4417794" lon="-79.9584730">
    <tag k="highway" v="traffic_signals"/>
    <tag k="traffic_signals" v="signal"/>
    <tag k="traffic_signals:direction" v="forward"/>
  </node>
  <node id="105060939" lat="40.4414314" lon="-79.9580505"/>
  <node id="105060950" lat="40.4404883" lon="-79.9568596"/>
  <node id="105060960" lat="40.4381113" lon="-79.9539378">
    <tag k="highway" v="traffic_signals"/>
  </node>
  <node id="105060974" lat="40.4380309" lon="-79.9538440">
    <tag k="odbl" v="clean"/>
  </node>
  <node id="105060985" lat="40.4369517" lon="-79.9524930"/>
  <node id="105075863" lat="40.4457173" lon="-79.9563859">
    <tag k="highway" v="traffic_signals"/>
  </node>
  <node id="105075877" lat="40.4478857" lon="-79.9574383">
    <tag k="highway" v="stop"/>
  </node>
  <node id="105075882" lat="40.4484374" lon="-79.9567009"/>
  <node id="105075896" lat="40.4491743" lon="-79.9555641"/>
  <node id="105097518" lat="40.4393808" lon="-79.9617586"/>
  <node id="105097536" lat="40.4411374" lon="-79.9593594"/>
  <node id="105097546" lat="40.4422246" lon="-79.9578736">
    <tag k="highway" v="traffic_signals"/>
    <tag k="traffic_signals:direction" v="forward"/>
  </node>
  <node id="105097564" lat="40.4425184" lon="-79.9574644">
    <tag k="highway" v="traffic_signals"/>
    <tag k="traffic_signals:direction" v="forward"/>
  </node>
  <node id="105097575" lat="40.4437849" lon="-79.9556927">
    <tag k="highway" v="traffic_signals"/>
    <tag k="traffic_signals" v="signal"/>
    <tag k="traffic_signals:direction" v="forward"/>
  </node>
  <node id="105097584" lat="40.4444185" lon="-79.9547850">
    <tag k="highway" v="traffic_signals"/>
  </node>
  <node id="105097592" lat="40.4450263" lon="-79.9539361">
    <tag k="highway" v="traffic_signals"/>
    <tag k="traffic_signals" v="signal"/>
    <tag k="traffic_signals:direction" v="forward"/>
  </node>
  <node id="105097604" lat="40.4455862" lon="-79.9531565">
    <tag k="highway" v="traffic_signals"/>
    <tag k="traffic_signals" v="signal"/>
    <tag k="traffic_signals:direction" v="forward"/>
  </node>
  <node id="105097609" lat="40.4461266" lon="-79.9524167"/>
  <node id="105097617" lat="40.4464965" lon="-79.9518983">
    <tag k="highway" v="traffic_signals"/>
  </node>
  <node id="105097632" lat="40.4469408" lon="-79.9489816"/>
  <node id="105097664" lat="40.4470707" lon="-79.9472806">
    <tag k="highway" v="traffic_signals"/>
  </node>
  <node id="105097673" lat="40.4472102" lon="-79.9453777">
    <tag k="highway" v="traffic_signals"/>
    <tag k="traffic_signals" v="signal"/>
  </node>
  <node id="105097688" lat="40.4472996" lon="-79.9441699"/>
  <node id="105097696" lat="40.4474268" lon="-79.9424494">
    <tag k="highway" v="traffic_signals"/>
    <tag k="traffic_signals" v="signal"/>
  </node>
  <node id="105098674" lat="40.4485877" lon="-79.9595797"/>
  <node id="105098687" lat="40.4485944" lon="-79.9589587"/>
  <node id="105136535" lat="40.4474162" lon="-79.9540429"/>
  <node id="105152169" lat="40.4476266" lon="-79.9537478">
    <tag k="highway" v="traffic_signals"/>
  </node>
  <node id="105152180" lat="40.4483658" lon="-79.9527322">
    <tag k="highway" v="traffic_signals"/>
    <tag k="traffic_signals:sound" v="yes"/>
  </node>
  <node id="105152192" lat="40.4498042" lon="-79.9507475">
    <tag k="highway" v="traffic_signals"/>
  </node>
  <node id="105152213" lat="40.4503998" lon="-79.9487445">
    <tag k="highway" v="traffic_signals"/>
  </node>
  <node id="105186057" lat="40.4401084" lon="-79.9598624"/>
  <node id="105186064" lat="40.4393921" lon="-79.9589652"/>
  <node id="105186072" lat="40.4365804" lon="-79.9555083"/>
  <node id="105209405" lat="40.4451605" lon="-79.9503697"/>
  <node id="105250612" lat="40.4459146" lon="-79.9602620"/>
  <node id="105250620" lat="40.4473972" lon="-79.9597965"/>
  <node id="105251099" lat="40.4449602" lon="-79.9465248"/>
  <node id="105251110" lat="40.4432475" lon="-79.9476114"/>
  <node id="105251133" lat="40.4421106" lon="-79.9486818"/>
  <node id="105251139" lat="40.4416448" lon="-79.9490145"/>
  <node id="105251150" lat="40.4398774" lon="-79.9507696"/>
  <node id="105251205" lat="40.4397856" lon="-79.9508748"/>
  <node id="105251212" lat="40.4383037" lon="-79.9500708"/>
  <node id="105251220" lat="40.4369876" lon="-79.9499343"/>
  <node id="105251227" lat="40.4367968" lon="-79.9499735"/>
  <node id="105251233" lat="40.4366859" lon="-79.9500069"/>
  <node id="105692069" lat="40.4454378" lon="-79.9465624">
    <tag k="direction" v="both"/>
    <tag k="highway" v="stop"/>
  </node>
  <node id="105711560" lat="40.4431747" lon="-79.9598798">
    <tag k="highway" v="traffic_signals"/>
  </node>
  <node id="105711567" lat="40.4435666" lon="-79.9593487"/>
  <node id="105711578" lat="40.4450609" lon="-79.9572727"/>
  <node id="105727712" lat="40.4394841" lon="-79.9537245"/>
  <node id="105727720" lat="40.4389695" lon="-79.9530563"/>
  <node id="105774222" lat="40.4446918" lon="-79.9632732"/>
  <node id="105774249" lat="40.4475589" lon="-79.9595658"/>
  <node id="105823386" lat="40.4422276" lon="-79.9569347"/>
  <node id="105894874" lat="40.4500963" lon="-79.9580313"/>
  <node id="105912518" lat="40.4463281" lon="-79.9555355"/>
  <node id="105917274" lat="40.4362153" lon="-79.9527820"/>
  <node id="105917282" lat="40.4378085" lon="-79.9521285"/>
  <node id="105917294" lat="40.4392040" lon="-79.9515368"/>
  <node id="105921429" lat="40.4387383" lon="-79.9598714"/>
  <node id="105935837" lat="40.4452819" lon="-79.9487756"/>
  <node id="105959079" lat="40.4418226" lon="-79.9606895"/>
  <node id="105983066" lat="40.4409578" lon="-79.9562105"/>
  <node id="105983076" lat="40.4392274" lon="-79.9540733"/>
  <node id="105983084" lat="40.4386633" lon="-79.9533781"/>
  <node id="106008866" lat="40.4468683" lon="-79.9547902"/>
  <node id="106017773" lat="40.4371036" lon="-79.9549714"/>
  <node id="106017779" lat="40.4367865" lon="-79.9545833"/>
  <node id="106017790" lat="40.4364616" lon="-79.9541864"/>
  <node id="106032101" lat="40.4378238" lon="-79.9542398"/>
  <node id="106032841" lat="40.4392562" lon="-79.9433200"/>
  <node id="106032848" lat="40.4388192" lon="-79.9436738"/>
  <node id="106032857" lat="40.4382773" lon="-79.9439471"/>
  <node id="106032865" lat="40.4373942" lon="-79.9448400"/>
  <node id="106032868" lat="40.4363244" lon="-79.9434721"/>
  <node id="106032874" lat="40.4366135" lon="-79.9424244"/>
  <node id="106098077" lat="40.4415035" lon="-79.9470728"/>
  <node id="106098085" lat="40.4409135" lon="-79.9441568"/>
  <node id="106119248" lat="40.4452380" lon="-79.9493656"/>
  <node id="106331840" lat="40.4486357" lon="-79.9442254"/>
  <node id="106343692" lat="40.4351309" lon="-79.9564204">
    <tag k="highway" v="traffic_signals"/>
    <tag k="traffic_signals:direction" v="both"/>
  </node>
  <node id="107574361" lat="40.4396823" lon="-79.9523601"/>
  <node id="107597306" lat="40.4400245" lon="-79.9529922"/>
  <node id="107636656" lat="40.4500936" lon="-79.9486072"/>
  <node id="107650298" lat="40.4481677" lon="-79.9454937"/>
  <node id="107658824" lat="40.4414608" lon="-79.9555522">
    <tag k="highway" v="stop"/>
  </node>
  <node id="269095127" lat="40.4423434" lon="-79.9521108"/>
  <node id="269095128" lat="40.4420993" lon="-79.9506726"/>
  <node id="269103305" lat="40.4467150" lon="-79.9514502"/>
  <node id="269992363" lat="40.4492381" lon="-79.9463501"/>
  <node id="270186751" lat="40.4445083" lon="-79.9472574"/>
  <node id="270186898" lat="40.4386664" lon="-79.9454853">
    <tag k="odbl" v="clean"/>
  </node>
  <node id="270186900" lat="40.4392243" lon="-79.9439766"/>
  <node id="270187332" lat="40.4368000" lon="-79.9443929"/>
  <node id="270624664" lat="40.4411879" lon="-79.9476765">
    <tag k="crossing" v="uncontrolled"/>
    <tag k="highway" v="crossing"/>
  </node>
  <node id="270872603" lat="40.4399698" lon="-79.9575785"/>
  <node id="270927856" lat="40.4407889" lon="-79.9481911"/>
  <node id="270928268" lat="40.4408583" lon="-79.9495615"/>
  <node id="276734954" lat="40.4421483" lon="-79.9523953"/>
  <node id="281362844" lat="40.4422332" lon="-79.9581578">
    <tag k="highway" v="traffic_signals"/>
  </node>
  <node id="302450094" lat="40.4396134" lon="-79.9467751">
    <tag k="crossing" v="uncontrolled"/>
    <tag k="highway" v="crossing"/>
    <tag k="source" v="Bing"/>
    <tag k="tactile_paving" v="no"/>
  </node>
  <node id="302755545" lat="40.4409421" lon="-79.9442943">
    <tag k="crossing" v="uncontrolled"/>
    <tag k="highway" v="crossing"/>
    <tag k="tactile_paving" v="no"/>
  </node>
  <node id="302756874" lat="40.4407642" lon="-79.9434466"/>
  <node id="302757274" lat="40.4448377" lon="-79.9465570"/>
  <node id="302759445" lat="40.4406655" lon="-79.9429814"/>
  <node id="302964538" lat="40.4445579" lon="-79.9458597"/>
  <node id="302964567" lat="40.4445814" lon="-79.9452616"/>
  <node id="302964641" lat="40.4446148" lon="-79.9444118"/>
  <node id="302979786" lat="40.4413675" lon="-79.9474610"/>
  <node id="302979820" lat="40.4379790" lon="-79.9471001"/>
  <node id="302979821" lat="40.4381780" lon="-79.9470055"/>
  <node id="302979822" lat="40.4383675" lon="-79.9468166"/>
  <node id="302985210" lat="40.4372509" lon="-79.9447901"/>
  <node id="302985526" lat="40.4387470" lon="-79.9437352"/>
  <node id="303189371" lat="40.4403589" lon="-79.9472498"/>
  <node id="303189375" lat="40.4410157" lon="-79.9479222"/>
  <node id="303189712" lat="40.4393123" lon="-79.9433054"/>
  <node id="303346812" lat="40.4446428" lon="-79.9436261">
    <tag k="bus" v="yes"/>
    <tag k="name" v="Forbes Ave at Morewood Ave (Carnegie Mellon)"/>
    <tag k="network" v="Pittsburgh Regional Transit"/>
    <tag k="public_transport" v="stop_position"/>
  </node>
  <node id="303349589" lat="40.4414830" lon="-79.9472803"/>
  <node id="303455141" lat="40.4406790" lon="-79.9478678"/>
  <node id="303455142" lat="40.4402348" lon="-79.9470438"/>
  <node id="303455144" lat="40.4398231" lon="-79.9467706"/>
  <node id="303455147" lat="40.4406725" lon="-79.9480909"/>
  <node id="303455148" lat="40.4405508" lon="-79.9479025"/>
  <node id="303455149" lat="40.4403968" lon="-79.9476683"/>
  <node id="303455150" lat="40.4401514" lon="-79.9473230"/>
  <node id="303455151" lat="40.4398404" lon="-79.9469794"/>
  <node id="320029387" lat="40.4468715" lon="-79.9496370"/>
  <node id="320029388" lat="40.4463058" lon="-79.9495753"/>
  <node id="320029389" lat="40.4463127" lon="-79.9494938"/>
  <node id="320029390" lat="40.4457846" lon="-79.9494392"/>
  <node id="327770143" lat="40.4456919" lon="-79.9573834"/>
  <node id="339262991" lat="40.4425997" lon="-79.9555245"/>
  <node id="339262992" lat="40.4426750" lon="-79.9553991"/>
  <node id="339263373" lat="40.4434001" lon="-79.9536382"/>
  <node id="339263381" lat="40.4440962" lon="-79.9543788"/>
  <node id="339263405" lat="40.4446114" lon="-79.9534087"/>
  <node id="339263406" lat="40.4436839" lon="-79.9538625"/>
  <node id="339263407" lat="40.4438359" lon="-79.9540606"/>
  <node id="339263408" lat="40.4448336" lon="-79.9537065"/>
  <node id="357003081" lat="40.4422086" lon="-79.9510456"/>
  <node id="357330616" lat="40.4460877" lon="-79.9612293"/>
  <node id="357330745" lat="40.4435492" lon="-79.9598460">
    <tag k="addr:city" v="Pittsburgh"/>
    <tag k="addr:housenumber" v="3811"/>
    <tag k="addr:postcode" v="15213"/>
    <tag k="addr:street" v="O'Hara Street"/>
    <tag k="amenity" v="hospital"/>
    <tag k="emergency" v="no"/>
    <tag k="gnis:feature_id" v="1196551"/>
    <tag k="healthcare" v="hospital"/>
    <tag k="healthcare:speciality" v="psychiatry"/>
    <tag k="name" v="Western Psychiatric Hospital"/>
    <tag k="not:operator:wikidata" v="Q7896131"/>
    <tag k="opening_hours" v="24/7"/>
    <tag k="operator" v="University of Pittsburgh Medical Center"/>
    <tag k="operator:short" v="UPMC"/>
    <tag k="phone" v="+1 412 624 2100"/>
    <tag k="website" v="https://www.upmc.com/locations/hospitals/western-psychiatric/"/>
  </node>
  <node id="367963445" lat="40.4413071" lon="-79.9676063">
    <tag k="addr:state" v="PA"/>
    <tag k="amenity" v="fire_station"/>
    <tag k="ele" v="344"/>
    <tag k="gnis:feature_id" v="2429992"/>
    <tag k="name" v="Fire Station Number 10"/>
    <tag k="source" v="USGS Geonames"/>
  </node>
  <node id="367963451" lat="40.4387003" lon="-79.9576606">
    <tag k="addr:state" v="PA"/>
    <tag k="amenity" v="fire_station"/>
    <tag k="ele" v="276"/>
    <tag k="gnis:feature_id" v="2429995"/>
    <tag k="name" v="Fire Station Number 14"/>
    <tag k="source" v="USGS Geonames"/>
  </node>
  <node id="422302015" lat="40.4404412" lon="-79.9506724">
    <tag k="crossing" v="unmarked"/>
    <tag k="crossing:island" v="no"/>
    <tag k="crossing:markings" v="no"/>
    <tag k="highway" v="crossing"/>
  </node>
  <node id="422307886" lat="40.4386615" lon="-79.9458000">
    <tag k="odbl" v="clean"/>
  </node>
  <node id="472536830" lat="40.4464077" lon="-79.9482798"/>
  <node id="472536851" lat="40.4458794" lon="-79.9482033"/>
  <node id="472536852" lat="40.4453226" lon="-79.9481436"/>
  <node id="560966947" lat="40.4458961" lon="-79.9479410"/>
  <node id="560977609" lat="40.4481185" lon="-79.9496952"/>
  <node id="581964473" lat="40.4451537" lon="-79.9628838"/>
  <node id="581964474" lat="40.4453426" lon="-79.9625966"/>
  <node id="693545105" lat="40.4444873" lon="-79.9467985">
    <tag k="crossing:barrier" v="full"/>
    <tag k="railway" v="level_crossing"/>
    <tag k="ref:fra_crossing" v="145690F"/>
  </node>
  <node id="693545377" lat="40.4452786" lon="-79.9465195"/>
  <node id="693545395" lat="40.4450949" lon="-79.9465034"/>
  <node id="778787727" lat="40.4425868" lon="-79.9588445"/>
  <node id="778787728" lat="40.4424766" lon="-79.9585977"/>
  <node id="778787756" lat="40.4409333" lon="-79.9541721"/>
  <node id="778787757" lat="40.4410027" lon="-79.9540487"/>
  <node id="778787759" lat="40.4419744" lon="-79.9530026"/>
  <node id="778787760" lat="40.4419188" lon="-79.9528987"/>
  <node id="778788294" lat="40.4385901" lon="-79.9534537"/>
  <node id="1252057865" lat="40.4482639" lon="-79.9587951"/>
  <node id="1252057876" lat="40.4470753" lon="-79.9600075"/>
  <node id="1252057878" lat="40.4486551" lon="-79.9616088"/>
  <node id="1252057896" lat="40.4486305" lon="-79.9621055"/>
  <node id="1252057923" lat="40.4455188" lon="-79.9607136"/>
  <node id="1252057924" lat="40.4486467" lon="-79.9620376"/>
  <node id="1252057926" lat="40.4479978" lon="-79.9590321"/>
  <node id="1252057929" lat="40.4474835" lon="-79.9596662"/>
  <node id="1252057934" lat="40.4485092" lon="-79.9583650">
    <tag k="highway" v="traffic_signals"/>
  </node>
  <node id="1252057942" lat="40.4454821" lon="-79.9609105"/>
  <node id="1252057945" lat="40.4478353" lon="-79.9591112"/>
  <node id="1252057948" lat="40.4486510" lon="-79.9616624"/>
  <node id="1252057954" lat="40.4472496" lon="-79.9599273"/>
  <node id="1252057959" lat="40.4455945" lon="-79.9605240"/>
  <node id="1252057960" lat="40.4477368" lon="-79.9591622"/>
  <node id="1252057967" lat="40.4481017" lon="-79.9587564"/>
  <node id="1252057970" lat="40.4486715" lon="-79.9615900"/>
  <node id="1252057971" lat="40.4458082" lon="-79.9603055"/>
  <node id="1252057974" lat="40.4488745" lon="-79.9622914"/>
  <node id="1252057996" lat="40.4483330" lon="-79.9585686">
    <tag k="access" v="private"/>
    <tag k="barrier" v="gate"/>
  </node>
  <node id="1252058000" lat="40.4483444" lon="-79.9588341"/>
  <node id="1252058008" lat="40.4477303" lon="-79.9594192"/>
  <node id="1252058009" lat="40.4476580" lon="-79.9593039"/>
  <node id="1252058013" lat="40.4457226" lon="-79.9603666"/>
  <node id="1355997513" lat="40.4468337" lon="-79.9500602"/>
  <node id="1355998299" lat="40.4474245" lon="-79.9509145"/>
  <node id="1356005969" lat="40.4481228" lon="-79.9530671"/>
  <node id="1356005978" lat="40.4479986" lon="-79.9532348"/>
  <node id="1356017313" lat="40.4466151" lon="-79.9517043"/>
  <node id="1356017326" lat="40.4467692" lon="-79.9511838"/>
  <node id="1356017327" lat="40.4444640" lon="-79.9485579"/>
  <node id="1356042776" lat="40.4435225" lon="-79.9537166"/>
  <node id="1356087376" lat="40.4450646" lon="-79.9584636"/>
  <node id="1356087389" lat="40.4457538" lon="-79.9572171"/>
  <node id="1356087398" lat="40.4421734" lon="-79.9577491"/>
  <node id="1356087409" lat="40.4466714" lon="-79.9515799"/>
  <node id="1356087412" lat="40.4467487" lon="-79.9513290"/>
  <node id="1356087423" lat="40.4457945" lon="-79.9570291"/>
  <node id="1454458371" lat="40.4479343" lon="-79.9629623"/>
  <node id="1454458374" lat="40.4485574" lon="-79.9592819"/>
  <node id="1454458375" lat="40.4486657" lon="-79.9588627"/>
  <node id="1454510571" lat="40.4486166" lon="-79.9589097"/>
  <node id="1454510609" lat="40.4485664" lon="-79.9591189"/>
  <node id="1454510621" lat="40.4489882" lon="-79.9586778"/>
  <node id="1454917652" lat="40.4404634" lon="-79.9525021"/>
  <node id="1665840295" lat="40.4393068" lon="-79.9505916"/>
  <node id="1665912699" lat="40.4450180" lon="-79.9585534"/>
  <node id="1668084274" lat="40.4469581" lon="-79.9643716"/>
  <node id="1668084277" lat="40.4480208" lon="-79.9632453"/>
  <node id="1668084380" lat="40.4472921" lon="-79.9641613"/>
  <node id="1668084490" lat="40.4449666" lon="-79.9538675"/>
  <node id="1668084589" lat="40.4474290" lon="-79.9641125"/>
  <node id="1668084610" lat="40.4471100" lon="-79.9644875"/>
  <node id="1669486808" lat="40.4435024" lon="-79.9523368"/>
  <node id="1669663913" lat="40.4434747" lon="-79.9561043"/>
  <node id="1671352224" lat="40.4419575" lon="-79.9574748"/>
  <node id="1671352229" lat="40.4422747" lon="-79.9570206"/>
  <node id="1673572759" lat="40.4386539" lon="-79.9456872"/>
  <node id="1673572762" lat="40.4386564" lon="-79.9455808"/>
  <node id="1673572765" lat="40.4387015" lon="-79.9452670"/>
  <node id="1673572769" lat="40.4386847" lon="-79.9460699"/>
  <node id="1673572776" lat="40.4386917" lon="-79.9462714"/>
  <node id="1673572777" lat="40.4388585" lon="-79.9445538"/>
  <node id="1673572778" lat="40.4388969" lon="-79.9444385"/>
  <node id="1673572779" lat="40.4389412" lon="-79.9443343"/>
  <node id="1673572780" lat="40.4390113" lon="-79.9442114"/>
  <node id="1673572782" lat="40.4390865" lon="-79.9441127"/>
  <node id="1673572784" lat="40.4394798" lon="-79.9437275"/>
  <node id="1685862825" lat="40.4369484" lon="-79.9536554"/>
  <node id="1685862828" lat="40.4370810" lon="-79.9538452"/>
  <node id="1705345498" lat="40.4409928" lon="-79.9445578"/>
  <node id="1797720244" lat="40.4476622" lon="-79.9494185"/>
  <node id="1797720247" lat="40.4479436" lon="-79.9495899"/>
  <node id="1824719302" lat="40.4457807" lon="-79.9494859"/>
  <node id="1824719304" lat="40.4458240" lon="-79.9489394">
    <tag k="crossing" v="unmarked"/>
    <tag k="crossing:markings" v="no"/>
    <tag k="highway" v="crossing"/>
    <tag k="tactile_paving" v="yes"/>
  </node>
  <node id="1824760832" lat="40.4468620" lon="-79.9497460"/>
  <node id="1824760835" lat="40.4475345" lon="-79.9493399"/>
  <node id="1832619708" lat="40.4481897" lon="-79.9442100"/>
  <node id="1832619747" lat="40.4483697" lon="-79.9442196"/>
  <node id="1837809746" lat="40.4489538" lon="-79.9481025"/>
  <node id="1926258251" lat="40.4398539" lon="-79.9595415"/>
  <node id="1926258252" lat="40.4403623" lon="-79.9601687"/>
  <node id="1926258254" lat="40.4405016" lon="-79.9602310">
    <tag k="highway" v="traffic_signals"/>
  </node>
  <node id="1926258257" lat="40.4405906" lon="-79.9602914">
    <tag k="crossing" v="traffic_signals"/>
    <tag k="crossing:island" v="no"/>
    <tag k="crossing:markings" v="zebra"/>
    <tag k="highway" v="crossing"/>
    <tag k="tactile_paving" v="yes"/>
  </node>
  <node id="1926258258" lat="40.4406216" lon="-79.9603222"/>
  <node id="1926258260" lat="40.4407142" lon="-79.9604775"/>
  <node id="2014637587" lat="40.4457722" lon="-79.9593371"/>
  <node id="2014637588" lat="40.4450930" lon="-79.9605147"/>
  <node id="2014637589" lat="40.4472511" lon="-79.9589510"/>
  <node id="2014637590" lat="40.4459294" lon="-79.9590870"/>
  <node id="2014637591" lat="40.4451618" lon="-79.9601709"/>
  <node id="2014637592" lat="40.4453121" lon="-79.9611767"/>
  <node id="2014637593" lat="40.4455040" lon="-79.9595424"/>
  <node id="2014637594" lat="40.4456486" lon="-79.9594185"/>
  <node id="2014637595" lat="40.4464846" lon="-79.9591007"/>
  <node id="2014637596" lat="40.4452328" lon="-79.9610707"/>
  <node id="2014637597" lat="40.4460502" lon="-79.9592077"/>
  <node id="2014637598" lat="40.4450945" lon="-79.9607599"/>
  <node id="2019054737" lat="40.4472817" lon="-79.9444186"/>
  <node id="2173649273" lat="40.4386925" lon="-79.9464587"/>
  <node id="2173707909" lat="40.4377355" lon="-79.9413547"/>
  <node id="2173707916" lat="40.4363281" lon="-79.9432522"/>
  <node id="2173707922" lat="40.4376021" lon="-79.9415225"/>
  <node id="2173707923" lat="40.4381124" lon="-79.9440713"/>
  <node id="2173707925" lat="40.4376906" lon="-79.9408982"/>
  <node id="2173707931" lat="40.4378094" lon="-79.9410143"/>
  <node id="2173707934" lat="40.4370957" lon="-79.9446676"/>
  <node id="2173707959" lat="40.4365120" lon="-79.9425856"/>
  <node id="2173707965" lat="40.4369189" lon="-79.9445262"/>
  <node id="2173707971" lat="40.4372747" lon="-79.9418392"/>
  <node id="2173707977" lat="40.4364310" lon="-79.9438742"/>
  <node id="2173707979" lat="40.4368175" lon="-79.9422359"/>
  <node id="2173707980" lat="40.4380180" lon="-79.9441837"/>
  <node id="2173707983" lat="40.4375538" lon="-79.9447992"/>
  <node id="2173707992" lat="40.4382018" lon="-79.9439903"/>
  <node id="2173707996" lat="40.4384262" lon="-79.9439069"/>
  <node id="2173708003" lat="40.4364306" lon="-79.9428064"/>
  <node id="2173708015" lat="40.4378267" lon="-79.9411845"/>
  <node id="2173708017" lat="40.4363524" lon="-79.9436961"/>
  <node id="2173708022" lat="40.4366023" lon="-79.9441483"/>
  <node id="2173708023" lat="40.4376727" lon="-79.9446619"/>
  <node id="2173708025" lat="40.4363736" lon="-79.9429998"/>
  <node id="2173732917" lat="40.4422662" lon="-79.9522671"/>
  <node id="2173732944" lat="40.4420033" lon="-79.9525243"/>
  <node id="2173732951" lat="40.4424841" lon="-79.9516831">
    <tag k="button_operated" v="yes"/>
    <tag k="crossing" v="traffic_signals"/>
    <tag k="crossing:island" v="no"/>
    <tag k="crossing:markings" v="lines"/>
    <tag k="highway" v="crossing"/>
    <tag k="tactile_paving" v="yes"/>
    <tag k="traffic_signals:sound" v="no"/>
    <tag k="traffic_signals:vibration" v="no"/>
  </node>
  <node id="2173732954" lat="40.4419315" lon="-79.9525726">
    <tag k="highway" v="traffic_signals"/>
    <tag k="traffic_signals" v="signal"/>
    <tag k="traffic_signals:direction" v="backward"/>
  </node>
  <node id="2173732957" lat="40.4423912" lon="-79.9519486"/>
  <node id="2173732984" lat="40.4423830" lon="-79.9532043">
    <tag k="crossing" v="uncontrolled"/>
    <tag k="crossing:island" v="no"/>
    <tag k="crossing:markings" v="zebra"/>
    <tag k="highway" v="crossing"/>
    <tag k="source" v="Bing"/>
    <tag k="tactile_paving" v="no"/>
  </node>
  <node id="2173733007" lat="40.4423928" lon="-79.9517962">
    <tag k="button_operated" v="yes"/>
    <tag k="crossing" v="traffic_signals"/>
    <tag k="crossing:island" v="no"/>
    <tag k="crossing:markings" v="zebra"/>
    <tag k="highway" v="crossing"/>
    <tag k="tactile_paving" v="yes"/>
    <tag k="traffic_signals:sound" v="no"/>
    <tag k="traffic_signals:vibration" v="no"/>
  </node>
  <node id="2173733014" lat="40.4423216" lon="-79.9514460"/>
  <node id="2174857615" lat="40.4449513" lon="-79.9554368"/>
  <node id="2174857685" lat="40.4441556" lon="-79.9561476"/>
  <node id="2174876319" lat="40.4474597" lon="-79.9589252"/>
  <node id="2174876366" lat="40.4489326" lon="-79.9553866"/>
  <node id="2174876384" lat="40.4490690" lon="-79.9555088"/>
  <node id="2174876389" lat="40.4493892" lon="-79.9555579"/>
  <node id="2174876391" lat="40.4492432" lon="-79.9555800"/>
  <node id="2174876397" lat="40.4491411" lon="-79.9556648">
    <tag k="direction" v="forward"/>
    <tag k="highway" v="stop"/>
  </node>
  <node id="2174876406" lat="40.4490909" lon="-79.9557746"/>
  <node id="2178241301" lat="40.4392777" lon="-79.9466579"/>
  <node id="2396448083" lat="40.4415666" lon="-79.9527839"/>
  <node id="2396478160" lat="40.4431438" lon="-79.9537085"/>
  <node id="2424929163" lat="40.4418434" lon="-79.9527515">
    <tag k="button_operated" v="yes"/>
    <tag k="crossing" v="traffic_signals"/>
    <tag k="crossing:island" v="no"/>
    <tag k="highway" v="crossing"/>
    <tag k="source" v="bing"/>
    <tag k="tactile_paving" v="yes"/>
    <tag k="traffic_signals:sound" v="no"/>
    <tag k="traffic_signals:vibration" v="no"/>
  </node>
  <node id="2424929171" lat="40.4418962" lon="-79.9525953">
    <tag k="button_operated" v="yes"/>
    <tag k="crossing" v="traffic_signals"/>
    <tag k="crossing:island" v="no"/>
    <tag k="highway" v="crossing"/>
    <tag k="source" v="bing"/>
    <tag k="tactile_paving" v="yes"/>
    <tag k="traffic_signals:sound" v="no"/>
    <tag k="traffic_signals:vibration" v="no"/>
  </node>
  <node id="2452921289" lat="40.4436255" lon="-79.9611135"/>
  <node id="2452921290" lat="40.4436302" lon="-79.9607130"/>
  <node id="2485959465" lat="40.4416722" lon="-79.9574831"/>
  <node id="2584519802" lat="40.4526044" lon="-79.9657495"/>
  <node id="2584519803" lat="40.4527030" lon="-79.9655258"/>
  <node id="2584519805" lat="40.4527855" lon="-79.9658875"/>
  <node id="2584519806" lat="40.4527854" lon="-79.9656553"/>
  <node id="2584519807" lat="40.4528074" lon="-79.9656054"/>
  <node id="2584519808" lat="40.4528622" lon="-79.9657138"/>
  <node id="2588520291" lat="40.4363266" lon="-79.9568774"/>
  <node id="2588520303" lat="40.4369479" lon="-79.9559169"/>
  <node id="2588524459" lat="40.4377174" lon="-79.9521666"/>
  <node id="2588524461" lat="40.4387083" lon="-79.9502453"/>
  <node id="2703812717" lat="40.4419718" lon="-79.9503485"/>
  <node id="2715045150" lat="40.4453561" lon="-79.9476541"/>
  <node id="2715045151" lat="40.4459132" lon="-79.9477298"/>
  <node id="2715045152" lat="40.4457775" lon="-79.9495285"/>
  <node id="2715045153" lat="40.4452319" lon="-79.9494623"/>
  <node id="2715045154" lat="40.4462926" lon="-79.9498869"/>
  <node id="2715045155" lat="40.4457571" lon="-79.9498188"/>
  <node id="2715045156" lat="40.4463140" lon="-79.9494772"/>
  <node id="2715045157" lat="40.4457862" lon="-79.9494177"/>
  <node id="2715045158" lat="40.4466706" lon="-79.9471046"/>
  <node id="2766492992" lat="40.4388694" lon="-79.9464515">
    <tag k="direction" v="forward"/>
    <tag k="highway" v="stop"/>
  </node>
  <node id="2766492996" lat="40.4405313" lon="-79.9423938"/>
  <node id="2766492997" lat="40.4412392" lon="-79.9493186"/>
  <node id="2766493000" lat="40.4427640" lon="-79.9480412"/>
  <node id="2777941488" lat="40.4478722" lon="-79.9495451"/>
  <node id="2777979082" lat="40.4463930" lon="-79.9484639"/>
  <node id="2777979085" lat="40.4470102" lon="-79.9485357"/>
  <node id="2964090370" lat="40.4411381" lon="-79.9488342"/>
  <node id="2964115050" lat="40.4413478" lon="-79.9492313"/>
  <node id="2967210791" lat="40.4413649" lon="-79.9492390"/>
  <node id="2978788826" lat="40.4465358" lon="-79.9573966">
    <tag k="note" v="This *does* turn into a one-way here, it's two way up until Chevron for delivery vehicle/exployee access"/>
  </node>
  <node id="2978788829" lat="40.4489476" lon="-79.9559780"/>
  <node id="2985513255" lat="40.4469734" lon="-79.9506327"/>
  <node id="2985513256" lat="40.4469767" lon="-79.9487949">
    <tag k="highway" v="traffic_signals"/>
    <tag k="traffic_signals" v="signal"/>
    <tag k="traffic_signals:direction" v="backward"/>
  </node>
  <node id="2985513257" lat="40.4470804" lon="-79.9474045">
    <tag k="button_operated" v="no"/>
    <tag k="crossing" v="traffic_signals"/>
    <tag k="crossing:island" v="no"/>
    <tag k="crossing:markings" v="zebra"/>
    <tag k="highway" v="crossing"/>
    <tag k="tactile_paving" v="no"/>
    <tag k="traffic_signals:sound" v="yes"/>
    <tag k="traffic_signals:vibration" v="no"/>
  </node>
  <node id="2985643111" lat="40.4423560" lon="-79.9515683">
    <tag k="button_operated" v="yes"/>
    <tag k="crossing" v="traffic_signals"/>
    <tag k="crossing:island" v="no"/>
    <tag k="crossing:markings" v="zebra"/>
    <tag k="highway" v="crossing"/>
    <tag k="tactile_paving" v="yes"/>
    <tag k="traffic_signals:sound" v="no"/>
    <tag k="traffic_signals:vibration" v="no"/>
  </node>
  <node id="2985643124" lat="40.4435381" lon="-79.9593823">
    <tag k="crossing" v="marked"/>
    <tag k="crossing:island" v="no"/>
    <tag k="crossing:markings" v="zebra"/>
    <tag k="highway" v="crossing"/>
    <tag k="tactile_paving" v="yes"/>
  </node>
  <node id="2985643129" lat="40.4440154" lon="-79.9576299"/>
  <node id="2985643145" lat="40.4450108" lon="-79.9573378">
    <tag k="crossing" v="marked"/>
    <tag k="crossing:island" v="no"/>
    <tag k="crossing:markings" v="zebra"/>
    <tag k="highway" v="crossing"/>
    <tag k="tactile_paving" v="yes"/>
  </node>
  <node id="2985643168" lat="40.4462761" lon="-79.9501273"/>
  <node id="3002278226" lat="40.4414148" lon="-79.9598989"/>
  <node id="3002278232" lat="40.4415358" lon="-79.9588005"/>
  <node id="3116152590" lat="40.4380448" lon="-79.9572965"/>
  <node id="3146872002" lat="40.4357218" lon="-79.9562095"/>
  <node id="3172112481" lat="40.4402075" lon="-79.9474081"/>
  <node id="3192430398" lat="40.4405124" lon="-79.9423107">
    <tag k="crossing" v="uncontrolled"/>
    <tag k="crossing:island" v="no"/>
    <tag k="highway" v="crossing"/>
    <tag k="source" v="bing"/>
    <tag k="tactile_paving" v="yes"/>
  </node>
  <node id="3192430402" lat="40.4404366" lon="-79.9502456"/>
  <node id="3192430435" lat="40.4441805" lon="-79.9470078"/>
  <node id="3192430439" lat="40.4436644" lon="-79.9473367"/>
  <node id="3198340568" lat="40.4376478" lon="-79.9602315"/>
  <node id="3215544582" lat="40.4371304" lon="-79.9513092">
    <tag k="crossing" v="uncontrolled"/>
    <tag k="highway" v="crossing"/>
    <tag k="source" v="bing"/>
    <tag k="tactile_paving" v="no"/>
  </node>
  <node id="3215544583" lat="40.4369197" lon="-79.9513864">
    <tag k="crossing" v="uncontrolled"/>
    <tag k="highway" v="crossing"/>
    <tag k="source:highway" v="USGS aerial"/>
  </node>
  <node id="3215544585" lat="40.4371737" lon="-79.9513325">
    <tag k="crossing" v="uncontrolled"/>
    <tag k="crossing:island" v="no"/>
    <tag k="highway" v="crossing"/>
    <tag k="source" v="USGS aerial"/>
    <tag k="tactile_paving" v="no"/>
  </node>
  <node id="3305302926" lat="40.4360128" lon="-79.9582413">
    <tag k="crossing" v="marked"/>
    <tag k="crossing:island" v="no"/>
    <tag k="crossing:markings" v="zebra"/>
    <tag k="highway" v="crossing"/>
    <tag k="source" v="bing"/>
    <tag k="tactile_paving" v="yes"/>
  </node>
  <node id="3315428061" lat="40.4444815" lon="-79.9480449"/>
  <node id="3374175570" lat="40.4371131" lon="-79.9629565"/>
  <node id="3374175571" lat="40.4383543" lon="-79.9612184"/>
  <node id="3374175572" lat="40.4376245" lon="-79.9602669">
    <tag k="entrance" v="main"/>
  </node>
  <node id="3374175573" lat="40.4360107" lon="-79.9583484"/>
  <node id="3374175574" lat="40.4359413" lon="-79.9609609"/>
  <node id="3374175575" lat="40.4359290" lon="-79.9615242"/>
  <node id="3382338906" lat="40.4425783" lon="-79.9482233"/>
  <node id="3382338915" lat="40.4421722" lon="-79.9509214"/>
  <node id="3382338925" lat="40.4422351" lon="-79.9511395"/>
  <node id="3382338931" lat="40.4417277" lon="-79.9526942">
    <tag k="button_operated" v="yes"/>
    <tag k="crossing" v="traffic_signals"/>
    <tag k="crossing:island" v="no"/>
    <tag k="highway" v="crossing"/>
    <tag k="source" v="bing"/>
    <tag k="tactile_paving" v="yes"/>
    <tag k="traffic_signals:sound" v="no"/>
    <tag k="traffic_signals:vibration" v="no"/>
  </node>
  <node id="3382338933" lat="40.4414185" lon="-79.9555830">
    <tag k="crossing" v="uncontrolled"/>
    <tag k="crossing:island" v="no"/>
    <tag k="crossing:markings" v="lines"/>
    <tag k="highway" v="crossing"/>
    <tag k="source" v="bing"/>
    <tag k="tactile_paving" v="yes"/>
  </node>
  <node id="3416909068" lat="40.4419659" lon="-79.9627085"/>
  <node id="3416909069" lat="40.4418782" lon="-79.9628646"/>
  <node id="3416909070" lat="40.4411620" lon="-79.9635872"/>
  <node id="3416909071" lat="40.4399562" lon="-79.9621228"/>
  <node id="3416909072" lat="40.4397363" lon="-79.9622058"/>
  <node id="3416909076" lat="40.4398356" lon="-79.9622812"/>
  <node id="3416909077" lat="40.4394226" lon="-79.9617771"/>
  <node id="3416909078" lat="40.4405207" lon="-79.9603247"/>
  <node id="3416909079" lat="40.4400942" lon="-79.9607724"/>
  <node id="3416909081" lat="40.4435719" lon="-79.9610953"/>
  <node id="3416909082" lat="40.4435609" lon="-79.9607620"/>
  <node id="3416909083" lat="40.4435962" lon="-79.9609409"/>
  <node id="3416909084" lat="40.4429562" lon="-79.9596621"/>
  <node id="3416909085" lat="40.4430863" lon="-79.9597241"/>
  <node id="3416909090" lat="40.4424313" lon="-79.9586715"/>
  <node id="3416909091" lat="40.4422792" lon="-79.9582263"/>
  <node id="3416909092" lat="40.4413616" lon="-79.9579014"/>
  <node id="3417025480" lat="40.4390697" lon="-79.9613674"/>
  <node id="3417025481" lat="40.4392265" lon="-79.9611387"/>
  <node id="3417025482" lat="40.4392863" lon="-79.9610530"/>
  <node id="3417025483" lat="40.4400947" lon="-79.9599131"/>
  <node id="3417025484" lat="40.4403819" lon="-79.9602520"/>
  <node id="3417025485" lat="40.4416055" lon="-79.9589585"/>
  <node id="3417025486" lat="40.4418396" lon="-79.9592718"/>
  <node id="3417025487" lat="40.4417151" lon="-79.9594256"/>
  <node id="3417025488" lat="40.4421936" lon="-79.9603430"/>
  <node id="3417025489" lat="40.4418896" lon="-79.9606356"/>
  <node id="3417025490" lat="40.4415225" lon="-79.9599831"/>
  <node id="3417025491" lat="40.4408479" lon="-79.9606074"/>
  <node id="3417025600" lat="40.4434231" lon="-79.9604836"/>
  <node id="3417025601" lat="40.4418545" lon="-79.9585273"/>
  <node id="3426339254" lat="40.4446412" lon="-79.9432042"/>
  <node id="3527071109" lat="40.4392559" lon="-79.9439458"/>
  <node id="3527071112" lat="40.4389956" lon="-79.9435309"/>
  <node id="3527071117" lat="40.4386532" lon="-79.9464862">
    <tag k="crossing" v="marked"/>
    <tag k="crossing:island" v="no"/>
    <tag k="crossing:markings" v="yes"/>
    <tag k="highway" v="crossing"/>
    <tag k="source" v="bing"/>
  </node>
  <node id="3534071957" lat="40.4487693" lon="-79.9480214"/>
  <node id="3598883405" lat="40.4418533" lon="-79.9501272"/>
  <node id="3637886770" lat="40.4379476" lon="-79.9583054"/>
  <node id="3637886773" lat="40.4380512" lon="-79.9581653"/>
  <node id="3637886777" lat="40.4392613" lon="-79.9515696"/>
  <node id="3643294719" lat="40.4413898" lon="-79.9465457"/>
  <node id="3733621699" lat="40.4411322" lon="-79.9564303"/>
  <node id="3781721936" lat="40.4418141" lon="-79.9500540"/>
  <node id="3781721938" lat="40.4408780" lon="-79.9483531"/>
  <node id="3955654744" lat="40.4445929" lon="-79.9467180"/>
  <node id="3955655573" lat="40.4393867" lon="-79.9467048"/>
  <node id="3955655575" lat="40.4399952" lon="-79.9471411"/>
  <node id="4602362413" lat="40.4432071" lon="-79.9587003"/>
  <node id="4603113796" lat="40.4428016" lon="-79.9579725"/>
  <node id="4603113797" lat="40.4435021" lon="-79.9569966"/>
  <node id="4617423697" lat="40.4405897" lon="-79.9601139"/>
  <node id="4633218235" lat="40.4382722" lon="-79.9529199"/>
  <node id="4677473615" lat="40.4462546" lon="-79.9504158"/>
  <node id="4961765354" lat="40.4360698" lon="-79.9583030">
    <tag k="highway" v="traffic_signals"/>
    <tag k="traffic_signals:direction" v="backward"/>
  </node>
  <node id="5189976740" lat="40.4418594" lon="-79.9597016"/>
  <node id="5240330670" lat="40.4412955" lon="-79.9557505"/>
  <node id="5320855563" lat="40.4404564" lon="-79.9602910"/>
  <node id="5333439966" lat="40.4455674" lon="-79.9612231"/>
  <node id="5333439967" lat="40.4457060" lon="-79.9612400"/>
  <node id="5333439968" lat="40.4460326" lon="-79.9611193"/>
  <node id="5333439969" lat="40.4467307" lon="-79.9637908"/>
  <node id="5333439970" lat="40.4468001" lon="-79.9640992"/>
  <node id="5333439971" lat="40.4479105" lon="-79.9631524"/>
  <node id="5333439972" lat="40.4473941" lon="-79.9600330"/>
  <node id="5333439973" lat="40.4473655" lon="-79.9599847"/>
  <node id="5333439974" lat="40.4473288" lon="-79.9599820"/>
  <node id="5333439975" lat="40.4471104" lon="-79.9600598"/>
  <node id="5333439976" lat="40.4467572" lon="-79.9601430"/>
  <node id="5333439977" lat="40.4460265" lon="-79.9602985"/>
  <node id="5333439978" lat="40.4457877" lon="-79.9603817"/>
  <node id="5333439979" lat="40.4456591" lon="-79.9605185"/>
  <node id="5333439980" lat="40.4455795" lon="-79.9606633"/>
  <node id="5333439981" lat="40.4455448" lon="-79.9608269"/>
  <node id="5333439982" lat="40.4455366" lon="-79.9610764"/>
  <node id="5513823541" lat="40.4455241" lon="-79.9620515"/>
  <node id="5513823542" lat="40.4455542" lon="-79.9617106"/>
  <node id="5835758624" lat="40.4459358" lon="-79.9550536"/>
  <node id="5835758625" lat="40.4464752" lon="-79.9542893"/>
  <node id="5835758626" lat="40.4460738" lon="-79.9537778"/>
  <node id="5835758628" lat="40.4455146" lon="-79.9545361"/>
  <node id="5847995444" lat="40.4489573" lon="-79.9529940"/>
  <node id="5853099144" lat="40.4484646" lon="-79.9478883"/>
  <node id="5853099149" lat="40.4474080" lon="-79.9492636"/>
  <node id="5909066633" lat="40.4465746" lon="-79.9601168"/>
  <node id="5909066642" lat="40.4471593" lon="-79.9599807"/>
  <node id="6186271681" lat="40.4453475" lon="-79.9597420"/>
  <node id="6186272988" lat="40.4452270" lon="-79.9600204">
    <tag k="crossing" v="unmarked"/>
    <tag k="crossing:markings" v="no"/>
    <tag k="highway" v="crossing"/>
  </node>
  <node id="6186273013" lat="40.4449019" lon="-79.9631078">
    <tag k="crossing" v="marked"/>
    <tag k="crossing:markings" v="lines"/>
    <tag k="highway" v="crossing"/>
  </node>
  <node id="6186273032" lat="40.4451396" lon="-79.9609074">
    <tag k="crossing" v="uncontrolled"/>
    <tag k="highway" v="crossing"/>
  </node>
  <node id="6186513544" lat="40.4451379" lon="-79.9628971">
    <tag k="crossing" v="marked"/>
    <tag k="crossing:markings" v="lines"/>
    <tag k="highway" v="crossing"/>
  </node>
  <node id="6186513570" lat="40.4455342" lon="-79.9613896">
    <tag k="crossing" v="marked"/>
    <tag k="crossing:markings" v="lines"/>
    <tag k="highway" v="crossing"/>
  </node>
  <node id="6186513573" lat="40.4454647" lon="-79.9622855">
    <tag k="crossing" v="marked"/>
    <tag k="crossing:markings" v="lines"/>
    <tag k="highway" v="crossing"/>
  </node>
  <node id="6186513581" lat="40.4449581" lon="-79.9630650"/>
  <node id="6186514330" lat="40.4454412" lon="-79.9623574"/>
  <node id="6186565589" lat="40.4460930" lon="-79.9602199"/>
  <node id="6186565594" lat="40.4466235" lon="-79.9601078"/>
  <node id="6186565597" lat="40.4459577" lon="-79.9602475"/>
  <node id="6186565614" lat="40.4454839" lon="-79.9611601">
    <tag k="crossing" v="marked"/>
    <tag k="crossing:markings" v="lines"/>
    <tag k="highway" v="crossing"/>
  </node>
  <node id="6188628530" lat="40.4436719" lon="-79.9608225"/>
  <node id="6218570867" lat="40.4431982" lon="-79.9565042">
    <tag k="crossing" v="traffic_signals"/>
    <tag k="crossing:markings" v="zebra"/>
    <tag k="highway" v="crossing"/>
    <tag k="tactile_paving" v="yes"/>
  </node>
  <node id="6218570868" lat="40.4432207" lon="-79.9566496">
    <tag k="crossing" v="traffic_signals"/>
    <tag k="crossing:markings" v="zebra"/>
    <tag k="highway" v="crossing"/>
    <tag k="tactile_paving" v="yes"/>
  </node>
  <node id="6218570869" lat="40.4431150" lon="-79.9566267">
    <tag k="crossing" v="traffic_signals"/>
    <tag k="crossing:markings" v="zebra"/>
    <tag k="highway" v="crossing"/>
    <tag k="tactile_paving" v="yes"/>
  </node>
  <node id="6260915112" lat="40.4483197" lon="-79.9591762"/>
  <node id="6260915113" lat="40.4481870" lon="-79.9588801"/>
  <node id="6260915114" lat="40.4476933" lon="-79.9592196"/>
  <node id="6260915115" lat="40.4481174" lon="-79.9589501"/>
  <node id="6260915116" lat="40.4484888" lon="-79.9601938"/>
  <node id="6260915117" lat="40.4483545" lon="-79.9594992"/>
  <node id="6466233426" lat="40.4454230" lon="-79.9612547">
    <tag k="crossing" v="marked"/>
    <tag k="crossing:markings" v="lines"/>
    <tag k="highway" v="crossing"/>
  </node>
  <node id="6531677793" lat="40.4508756" lon="-79.9538597"/>
  <node id="6531681262" lat="40.4500879" lon="-79.9535026"/>
  <node id="6531693856" lat="40.4510275" lon="-79.9539295"/>
  <node id="6531699390" lat="40.4501508" lon="-79.9535348"/>
  <node id="6531699393" lat="40.4494354" lon="-79.9532089"/>
  <node id="6531735048" lat="40.4380380" lon="-79.9561203"/>
  <node id="6531761367" lat="40.4470114" lon="-79.9535324"/>
  <node id="6531761369" lat="40.4470266" lon="-79.9535507"/>
  <node id="6531766478" lat="40.4482232" lon="-79.9513935"/>
  <node id="6531768990" lat="40.4459386" lon="-79.9560778"/>
  <node id="6531768995" lat="40.4458070" lon="-79.9562610"/>
  <node id="6531787085" lat="40.4471394" lon="-79.9521851"/>
  <node id="6531787087" lat="40.4466152" lon="-79.9530329"/>
  <node id="6531788001" lat="40.4388642" lon="-79.9583080"/>
  <node id="6531791313" lat="40.4464222" lon="-79.9527895"/>
  <node id="6531791315" lat="40.4462993" lon="-79.9526345"/>
  <node id="6531791317" lat="40.4465494" lon="-79.9529499"/>
  <node id="6531793582" lat="40.4476220" lon="-79.9510327"/>
  <node id="6531796659" lat="40.4478296" lon="-79.9511570"/>
  <node id="6531816203" lat="40.4473916" lon="-79.9522976"/>
  <node id="6531822326" lat="40.4427908" lon="-79.9592037"/>
  <node id="6531822330" lat="40.4427252" lon="-79.9590882"/>
  <node id="6531825547" lat="40.4381342" lon="-79.9562385"/>
  <node id="6531827169" lat="40.4401807" lon="-79.9578366"/>
  <node id="6531827172" lat="40.4400999" lon="-79.9577363"/>
  <node id="6531834493" lat="40.4404467" lon="-79.9555738"/>
  <node id="6531841829" lat="40.4394684" lon="-79.9590602"/>
  <node id="6531841831" lat="40.4399101" lon="-79.9592523"/>
  <node id="6531841832" lat="40.4396445" lon="-79.9592795"/>
  <node id="6531841835" lat="40.4401289" lon="-79.9589697"/>
  <node id="6531863897" lat="40.4452080" lon="-79.9497956"/>
  <node id="6531863901" lat="40.4447587" lon="-79.9503124"/>
  <node id="6531874899" lat="40.4476000" lon="-79.9610084"/>
  <node id="6531879007" lat="40.4492932" lon="-79.9531431"/>
  <node id="6531883068" lat="40.4486221" lon="-79.9516318"/>
  <node id="6531884024" lat="40.4484173" lon="-79.9498817"/>
  <node id="6531884029" lat="40.4485897" lon="-79.9499894"/>
  <node id="6531895125" lat="40.4466273" lon="-79.9530481"/>
  <node id="6531897390" lat="40.4469164" lon="-79.9520856"/>
  <node id="6531897393" lat="40.4471145" lon="-79.9521740"/>
  <node id="6531908939" lat="40.4475776" lon="-79.9493664"/>
  <node id="6531908940" lat="40.4480852" lon="-79.9477227"/>
  <node id="6531929208" lat="40.4494623" lon="-79.9505341"/>
  <node id="6531929212" lat="40.4496359" lon="-79.9506424"/>
  <node id="6531929213" lat="40.4496255" lon="-79.9509794"/>
  <node id="6531934492" lat="40.4464693" lon="-79.9475188"/>
  <node id="6531934802" lat="40.4463804" lon="-79.9486215"/>
  <node id="6531937622" lat="40.4458906" lon="-79.9504706"/>
  <node id="6531937624" lat="40.4459538" lon="-79.9504800"/>
  <node id="6531937626" lat="40.4460083" lon="-79.9504880"/>
  <node id="6531962206" lat="40.4458744" lon="-79.9565893"/>
  <node id="6531962209" lat="40.4461605" lon="-79.9569427"/>
  <node id="6531962812" lat="40.4462231" lon="-79.9570184"/>
  <node id="6531970908" lat="40.4485207" lon="-79.9525174"/>
  <node id="6531974849" lat="40.4464825" lon="-79.9573321"/>
  <node id="6531981971" lat="40.4476255" lon="-79.9593897"/>
  <node id="6532014718" lat="40.4458764" lon="-79.9568394"/>
  <node id="6532018340" lat="40.4393165" lon="-79.9577041"/>
  <node id="6532024527" lat="40.4415763" lon="-79.9621107"/>
  <node id="6532024529" lat="40.4417154" lon="-79.9623688"/>
  <node id="6532038866" lat="40.4373942" lon="-79.9626997"/>
  <node id="6532042591" lat="40.4481769" lon="-79.9497317"/>
  <node id="6532044507" lat="40.4378890" lon="-79.9620278"/>
  <node id="6532068513" lat="40.4389546" lon="-79.9618571"/>
  <node id="6532069879" lat="40.4383743" lon="-79.9613687"/>
  <node id="6532075339" lat="40.4389562" lon="-79.9605763"/>
  <node id="6532075341" lat="40.4390340" lon="-79.9604702"/>
  <node id="6532080438" lat="40.4424879" lon="-79.9556804"/>
  <node id="6532082747" lat="40.4395521" lon="-79.9544787"/>
  <node id="6532082918" lat="40.4361561" lon="-79.9559568"/>
  <node id="6532084988" lat="40.4412008" lon="-79.9533372"/>
  <node id="6532085186" lat="40.4451263" lon="-79.9537969"/>
  <node id="6532085187" lat="40.4448853" lon="-79.9537691">
    <tag k="crossing" v="unmarked"/>
    <tag k="crossing:island" v="no"/>
    <tag k="crossing:markings" v="no"/>
    <tag k="highway" v="crossing"/>
    <tag k="kerb" v="no"/>
    <tag k="tactile_paving" v="no"/>
  </node>
  <node id="6532091487" lat="40.4476067" lon="-79.9510236"/>
  <node id="6532824700" lat="40.4463264" lon="-79.9469573"/>
  <node id="6532827528" lat="40.4428803" lon="-79.9546937"/>
  <node id="6532839953" lat="40.4488464" lon="-79.9517658"/>
  <node id="6532840774" lat="40.4477995" lon="-79.9475981"/>
  <node id="6532843055" lat="40.4492771" lon="-79.9482456"/>
  <node id="6532843058" lat="40.4490712" lon="-79.9481545"/>
  <node id="6532843059" lat="40.4491862" lon="-79.9482054"/>
  <node id="6532848711" lat="40.4447983" lon="-79.9576270"/>
  <node id="6532848714" lat="40.4446272" lon="-79.9578599"/>
  <node id="6532848746" lat="40.4399148" lon="-79.9584536"/>
  <node id="6532868191" lat="40.4388940" lon="-79.9583452"/>
  <node id="6532868194" lat="40.4391607" lon="-79.9586771"/>
  <node id="6532869097" lat="40.4386480" lon="-79.9568703"/>
  <node id="6532869441" lat="40.4408846" lon="-79.9608070"/>
  <node id="6532869443" lat="40.4408522" lon="-79.9607444"/>
  <node id="6532880456" lat="40.4362695" lon="-79.9585314"/>
  <node id="6532886296" lat="40.4488554" lon="-79.9529432"/>
  <node id="6532888150" lat="40.4454410" lon="-79.9560423"/>
  <node id="6532889025" lat="40.4363728" lon="-79.9569351"/>
  <node id="6532892601" lat="40.4493639" lon="-79.9504727"/>
  <node id="6532892696" lat="40.4458702" lon="-79.9602772"/>
  <node id="6532897689" lat="40.4485335" lon="-79.9515786"/>
  <node id="6532897690" lat="40.4481754" lon="-79.9526472"/>
  <node id="6532900306" lat="40.4480059" lon="-79.9496274"/>
  <node id="6532900647" lat="40.4483391" lon="-79.9514627"/>
  <node id="6532900649" lat="40.4452696" lon="-79.9542350"/>
  <node id="6532900653" lat="40.4451322" lon="-79.9540662"/>
  <node id="6532911366" lat="40.4386634" lon="-79.9609752"/>
  <node id="6532916591" lat="40.4395980" lon="-79.9597054"/>
  <node id="6532916594" lat="40.4399220" lon="-79.9596273"/>
  <node id="6532925074" lat="40.4363872" lon="-79.9586766"/>
  <node id="6535843272" lat="40.4396627" lon="-79.9571980"/>
  <node id="6535843273" lat="40.4401747" lon="-79.9564776"/>
  <node id="6535851741" lat="40.4483591" lon="-79.9514746"/>
  <node id="6535857681" lat="40.4413980" lon="-79.9554484"/>
  <node id="6535874756" lat="40.4378596" lon="-79.9559010"/>
  <node id="6535874852" lat="40.4448211" lon="-79.9575959"/>
  <node id="6535886207" lat="40.4452622" lon="-79.9611100"/>
  <node id="6535886213" lat="40.4450941" lon="-79.9606947"/>
  <node id="6535886512" lat="40.4453995" lon="-79.9543945"/>
  <node id="6535887131" lat="40.4385280" lon="-79.9578895"/>
  <node id="6535895862" lat="40.4439956" lon="-79.9504667"/>
  <node id="6535895867" lat="40.4438502" lon="-79.9510292"/>
  <node id="6535897358" lat="40.4475430" lon="-79.9474864"/>
  <node id="6535897361" lat="40.4414808" lon="-79.9600268"/>
  <node id="6535897362" lat="40.4412730" lon="-79.9602140"/>
  <node id="6535899485" lat="40.4413258" lon="-79.9579134"/>
  <node id="6535905591" lat="40.4394487" lon="-79.9578699"/>
  <node id="6535905593" lat="40.4395318" lon="-79.9579740"/>
  <node id="6535915958" lat="40.4500590" lon="-79.9485919"/>
  <node id="6535916402" lat="40.4453568" lon="-79.9543421"/>
  <node id="6535916592" lat="40.4452380" lon="-79.9627779"/>
  <node id="6535916783" lat="40.4391645" lon="-79.9575136"/>
  <node id="6535916927" lat="40.4399845" lon="-79.9562460"/>
  <node id="6535917007" lat="40.4442024" lon="-79.9496381"/>
  <node id="6535919491" lat="40.4440850" lon="-79.9586157"/>
  <node id="6535919493" lat="40.4437271" lon="-79.9591218"/>
  <node id="6535919495" lat="40.4436823" lon="-79.9591851"/>
  <node id="6535919615" lat="40.4396263" lon="-79.9558083"/>
  <node id="6535920576" lat="40.4408038" lon="-79.9606508"/>
  <node id="6535921332" lat="40.4422237" lon="-79.9615126"/>
  <node id="6535921333" lat="40.4422182" lon="-79.9615013"/>
  <node id="6535921830" lat="40.4448995" lon="-79.9570721"/>
  <node id="6535926586" lat="40.4377556" lon="-79.9557731"/>
  <node id="6535926769" lat="40.4469701" lon="-79.9534803"/>
  <node id="6535928502" lat="40.4408811" lon="-79.9561149"/>
  <node id="6535928504" lat="40.4408293" lon="-79.9563882"/>
  <node id="6535929136" lat="40.4464484" lon="-79.9477765"/>
  <node id="6535932643" lat="40.4485429" lon="-79.9479225"/>
  <node id="6535933063" lat="40.4415650" lon="-79.9601901"/>
  <node id="6535934202" lat="40.4433767" lon="-79.9596032"/>
  <node id="6535934203" lat="40.4434586" lon="-79.9591540"/>
  <node id="6535934204" lat="40.4433680" lon="-79.9596152"/>
  <node id="6535934206" lat="40.4428288" lon="-79.9592705"/>
  <node id="6535934791" lat="40.4392590" lon="-79.9587994"/>
  <node id="6535934792" lat="40.4396815" lon="-79.9581616"/>
  <node id="6535938337" lat="40.4444831" lon="-79.9479976"/>
  <node id="6535938340" lat="40.4444899" lon="-79.9477987"/>
  <node id="6535941792" lat="40.4436669" lon="-79.9609813"/>
  <node id="6535945473" lat="40.4410992" lon="-79.9537288"/>
  <node id="6535945487" lat="40.4404654" lon="-79.9533212"/>
  <node id="6535946786" lat="40.4407460" lon="-79.9565034"/>
  <node id="6535956493" lat="40.4441169" lon="-79.9577557"/>
  <node id="6535959351" lat="40.4409744" lon="-79.9609806"/>
  <node id="6535968543" lat="40.4437456" lon="-79.9572971"/>
  <node id="6582544527" lat="40.4380691" lon="-79.9470811"/>
  <node id="6582544545" lat="40.4386183" lon="-79.9465169">
    <tag k="direction" v="forward"/>
    <tag k="highway" v="stop"/>
  </node>
  <node id="6582704730" lat="40.4408960" lon="-79.9480705">
    <tag k="crossing" v="unmarked"/>
    <tag k="crossing:markings" v="no"/>
    <tag k="highway" v="crossing"/>
    <tag k="tactile_paving" v="yes"/>
  </node>
  <node id="6588582164" lat="40.4416714" lon="-79.9608234"/>
  <node id="6588617246" lat="40.4432865" lon="-79.9588436"/>
  <node id="6588631464" lat="40.4420804" lon="-79.9612194"/>
  <node id="6588631466" lat="40.4421101" lon="-79.9612795"/>
  <node id="6588631468" lat="40.4420509" lon="-79.9611580"/>
  <node id="6588718351" lat="40.4422356" lon="-79.9615370"/>
  <node id="6588718353" lat="40.4422069" lon="-79.9614781"/>
  <node id="6588718355" lat="40.4422593" lon="-79.9615857"/>
  <node id="6588729072" lat="40.4431110" lon="-79.9585278"/>
  <node id="6588752217" lat="40.4398803" lon="-79.9595748"/>
  <node id="6588765972" lat="40.4412872" lon="-79.9615739"/>
  <node id="6588765974" lat="40.4413160" lon="-79.9616305"/>
  <node id="6588781967" lat="40.4455054" lon="-79.9504161"/>
  <node id="6588787548" lat="40.4441376" lon="-79.9544312"/>
  <node id="6588804679" lat="40.4411825" lon="-79.9564938"/>
  <node id="6588811727" lat="40.4446520" lon="-79.9567645"/>
  <node id="6588824557" lat="40.4413793" lon="-79.9579829"/>
  <node id="6588824559" lat="40.4414185" lon="-79.9580338"/>
  <node id="6618518302" lat="40.4435236" lon="-79.9594020"/>
  <node id="6618518303" lat="40.4433853" lon="-79.9590218"/>
  <node id="6618540958" lat="40.4434223" lon="-79.9603399"/>
  <node id="6618544972" lat="40.4414059" lon="-79.9617963"/>
  <node id="6618547444" lat="40.4449076" lon="-79.9553833"/>
  <node id="6618562123" lat="40.4479998" lon="-79.9525689"/>
  <node id="6618563164" lat="40.4453587" lon="-79.9503963"/>
  <node id="6715675197" lat="40.4438847" lon="-79.9558132">
    <tag k="crossing" v="traffic_signals"/>
    <tag k="crossing:island" v="no"/>
    <tag k="crossing:markings" v="zebra"/>
    <tag k="highway" v="crossing"/>
    <tag k="tactile_paving" v="yes"/>
  </node>
  <node id="6715675198" lat="40.4438524" lon="-79.9555990">
    <tag k="crossing" v="traffic_signals"/>
    <tag k="crossing:markings" v="zebra"/>
    <tag k="highway" v="crossing"/>
    <tag k="tactile_paving" v="yes"/>
  </node>
  <node id="6715675205" lat="40.4424581" lon="-79.9573559">
    <tag k="crossing" v="traffic_signals"/>
    <tag k="crossing:markings" v="zebra"/>
    <tag k="highway" v="crossing"/>
    <tag k="tactile_paving" v="yes"/>
  </node>
  <node id="6715675216" lat="40.4443416" lon="-79.9548973">
    <tag k="button_operated" v="yes"/>
    <tag k="crossing" v="traffic_signals"/>
    <tag k="crossing:markings" v="zebra"/>
    <tag k="highway" v="crossing"/>
    <tag k="tactile_paving" v="yes"/>
    <tag k="traffic_signals:sound" v="yes"/>
    <tag k="traffic_signals:vibration" v="yes"/>
  </node>
  <node id="6715675217" lat="40.4443278" lon="-79.9546696">
    <tag k="button_operated" v="yes"/>
    <tag k="crossing" v="traffic_signals"/>
    <tag k="crossing:island" v="no"/>
    <tag k="crossing:markings" v="ladder"/>
    <tag k="highway" v="crossing"/>
    <tag k="tactile_paving" v="yes"/>
    <tag k="traffic_signals:sound" v="yes"/>
    <tag k="traffic_signals:vibration" v="yes"/>
  </node>
  <node id="6715675218" lat="40.4445102" lon="-79.9548978">
    <tag k="button_operated" v="yes"/>
    <tag k="crossing" v="traffic_signals"/>
    <tag k="crossing:island" v="no"/>
    <tag k="crossing:markings" v="zebra"/>
    <tag k="highway" v="crossing"/>
    <tag k="tactile_paving" v="yes"/>
    <tag k="traffic_signals:sound" v="yes"/>
    <tag k="traffic_signals:vibration" v="yes"/>
  </node>
  <node id="6715675219" lat="40.4445047" lon="-79.9546652">
    <tag k="button_operated" v="yes"/>
    <tag k="crossing" v="traffic_signals"/>
    <tag k="crossing:markings" v="zebra"/>
    <tag k="highway" v="crossing"/>
    <tag k="tactile_paving" v="yes"/>
    <tag k="traffic_signals:sound" v="yes"/>
    <tag k="traffic_signals:vibration" v="yes"/>
  </node>
  <node id="6715675231" lat="40.4419146" lon="-79.9563574">
    <tag k="button_operated" v="yes"/>
    <tag k="crossing" v="traffic_signals"/>
    <tag k="crossing:island" v="no"/>
    <tag k="crossing:markings" v="zebra"/>
    <tag k="crossing_ref" v="zebra"/>
    <tag k="highway" v="crossing"/>
    <tag k="tactile_paving" v="yes"/>
    <tag k="traffic_signals:sound" v="yes"/>
    <tag k="traffic_signals:vibration" v="no"/>
  </node>
  <node id="6715675232" lat="40.4419969" lon="-79.9563804">
    <tag k="button_operated" v="yes"/>
    <tag k="crossing" v="traffic_signals"/>
    <tag k="crossing:markings" v="zebra"/>
    <tag k="crossing_ref" v="zebra"/>
    <tag k="highway" v="crossing"/>
    <tag k="tactile_paving" v="yes"/>
    <tag k="traffic_signals:sound" v="yes"/>
    <tag k="traffic_signals:vibration" v="no"/>
  </node>
  <node id="6715675233" lat="40.4419887" lon="-79.9564921">
    <tag k="button_operated" v="yes"/>
    <tag k="crossing" v="traffic_signals"/>
    <tag k="crossing:markings" v="zebra"/>
    <tag k="crossing_ref" v="zebra"/>
    <tag k="highway" v="crossing"/>
    <tag k="tactile_paving" v="yes"/>
    <tag k="traffic_signals:sound" v="yes"/>
    <tag k="traffic_signals:vibration" v="no"/>
  </node>
  <node id="6715675234" lat="40.4419170" lon="-79.9564927">
    <tag k="button_operated" v="yes"/>
    <tag k="crossing" v="traffic_signals"/>
    <tag k="crossing:markings" v="zebra"/>
    <tag k="crossing_ref" v="zebra"/>
    <tag k="highway" v="crossing"/>
    <tag k="tactile_paving" v="yes"/>
    <tag k="traffic_signals:sound" v="yes"/>
    <tag k="traffic_signals:vibration" v="no"/>
  </node>
  <node id="6715675240" lat="40.4430860" lon="-79.9535030">
    <tag k="button_operated" v="yes"/>
    <tag k="check_date:traffic_signals:vibration" v="2026-03-26"/>
    <tag k="crossing" v="traffic_signals"/>
    <tag k="crossing:island" v="no"/>
    <tag k="crossing:markings" v="zebra"/>
    <tag k="highway" v="crossing"/>
    <tag k="source" v="survey;local knowledge"/>
    <tag k="tactile_paving" v="yes"/>
    <tag k="traffic_signals:sound" v="yes"/>
    <tag k="traffic_signals:vibration" v="no"/>
  </node>
  <node id="6715675241" lat="40.4432929" lon="-79.9535963">
    <tag k="button_operated" v="yes"/>
    <tag k="check_date:traffic_signals:vibration" v="2026-03-26"/>
    <tag k="crossing" v="traffic_signals"/>
    <tag k="crossing:island" v="no"/>
    <tag k="crossing:markings" v="zebra"/>
    <tag k="highway" v="crossing"/>
    <tag k="source" v="survey;local knowledge"/>
    <tag k="tactile_paving" v="yes"/>
    <tag k="traffic_signals:sound" v="yes"/>
    <tag k="traffic_signals:vibration" v="no"/>
  </node>
  <node id="6715675242" lat="40.4431291" lon="-79.9537633">
    <tag k="button_operated" v="yes"/>
    <tag k="check_date:traffic_signals:vibration" v="2026-03-26"/>
    <tag k="crossing" v="traffic_signals"/>
    <tag k="crossing:markings" v="zebra"/>
    <tag k="highway" v="crossing"/>
    <tag k="source" v="survey;local knowledge"/>
    <tag k="tactile_paving" v="yes"/>
    <tag k="traffic_signals:sound" v="yes"/>
    <tag k="traffic_signals:vibration" v="no"/>
  </node>
  <node id="6715675243" lat="40.4432289" lon="-79.9533998">
    <tag k="button_operated" v="yes"/>
    <tag k="check_date:traffic_signals:vibration" v="2026-03-26"/>
    <tag k="crossing" v="traffic_signals"/>
    <tag k="crossing:markings" v="zebra"/>
    <tag k="highway" v="crossing"/>
    <tag k="source" v="survey;local knowledge"/>
    <tag k="tactile_paving" v="yes"/>
    <tag k="traffic_signals:sound" v="yes"/>
    <tag k="traffic_signals:vibration" v="no"/>
  </node>
  <node id="6718695853" lat="40.4387326" lon="-79.9460188"/>
  <node id="6718695854" lat="40.4387944" lon="-79.9462059"/>
  <node id="6718695855" lat="40.4388669" lon="-79.9463407">
    <tag k="direction" v="forward"/>
    <tag k="highway" v="stop"/>
  </node>
  <node id="6773906037" lat="40.4413619" lon="-79.9617152"/>
  <node id="6773913549" lat="40.4401995" lon="-79.9578600"/>
  <node id="6773913551" lat="40.4402463" lon="-79.9579180"/>
  <node id="6773913553" lat="40.4403080" lon="-79.9579945"/>
  <node id="6773913554" lat="40.4408238" lon="-79.9572824"/>
  <node id="6773921180" lat="40.4423651" lon="-79.9531959"/>
  <node id="6784050059" lat="40.4450180" lon="-79.9465156"/>
  <node id="6784050083" lat="40.4445422" lon="-79.9462608">
    <tag k="highway" v="traffic_signals"/>
  </node>
  <node id="6784124213" lat="40.4453795" lon="-79.9465493">
    <tag k="crossing" v="uncontrolled"/>
    <tag k="crossing:island" v="no"/>
    <tag k="crossing:markings" v="lines"/>
    <tag k="highway" v="crossing"/>
    <tag k="source" v="mapbox"/>
    <tag k="tactile_paving" v="no"/>
  </node>
  <node id="6784124215" lat="40.4454331" lon="-79.9466602">
    <tag k="crossing" v="uncontrolled"/>
    <tag k="crossing:island" v="no"/>
    <tag k="crossing:markings" v="lines"/>
    <tag k="highway" v="crossing"/>
    <tag k="source" v="mapbox"/>
    <tag k="tactile_paving" v="yes"/>
  </node>
  <node id="6784124218" lat="40.4446788" lon="-79.9466485"/>
  <node id="6784143895" lat="40.4446011" lon="-79.9447613">
    <tag k="crossing" v="traffic_signals"/>
    <tag k="crossing:island" v="no"/>
    <tag k="highway" v="crossing"/>
    <tag k="tactile_paving" v="yes"/>
  </node>
  <node id="6789873501" lat="40.4486957" lon="-79.9479893"/>
  <node id="6789873506" lat="40.4489089" lon="-79.9480828"/>
  <node id="6789873509" lat="40.4484909" lon="-79.9478998"/>
  <node id="7011439559" lat="40.4460690" lon="-79.9468434">
    <tag k="crossing" v="uncontrolled"/>
    <tag k="highway" v="crossing"/>
  </node>
  <node id="7011447285" lat="40.4475812" lon="-79.9475030"/>
  <node id="7011447290" lat="40.4478992" lon="-79.9454593"/>
  <node id="7011447293" lat="40.4484271" lon="-79.9459190"/>
  <node id="7011447299" lat="40.4481752" lon="-79.9455060"/>
  <node id="7011447304" lat="40.4483177" lon="-79.9457396"/>
  <node id="7062500543" lat="40.4485983" lon="-79.9461997"/>
  <node id="7079157691" lat="40.4385003" lon="-79.9533013"/>
  <node id="7116103363" lat="40.4495927" lon="-79.9446442"/>
  <node id="7116103372" lat="40.4478235" lon="-79.9441935"/>
  <node id="7116103375" lat="40.4477258" lon="-79.9454401"/>
  <node id="7132455611" lat="40.4436317" lon="-79.9571565"/>
  <node id="7134735941" lat="40.4434773" lon="-79.9561008"/>
  <node id="7134735970" lat="40.4427340" lon="-79.9552409">
    <tag k="button_operated" v="yes"/>
    <tag k="crossing" v="traffic_signals"/>
    <tag k="crossing_ref" v="zebra"/>
    <tag k="highway" v="traffic_signals"/>
    <tag k="source" v="local knowledge"/>
    <tag k="tactile_paving" v="yes"/>
    <tag k="traffic_signals:sound" v="yes"/>
    <tag k="traffic_signals:vibration" v="no"/>
  </node>
  <node id="7157460685" lat="40.4374216" lon="-79.9626625"/>
  <node id="7172930426" lat="40.4413591" lon="-79.9553790"/>
  <node id="7172930432" lat="40.4409826" lon="-79.9546867"/>
  <node id="7172930447" lat="40.4400391" lon="-79.9550660"/>
  <node id="7172930458" lat="40.4407102" lon="-79.9559021"/>
  <node id="7259652824" lat="40.4352340" lon="-79.9563798">
    <tag k="crossing" v="traffic_signals"/>
    <tag k="crossing:island" v="no"/>
    <tag k="crossing:markings" v="zebra"/>
    <tag k="highway" v="crossing"/>
    <tag k="source" v="bing"/>
    <tag k="tactile_paving" v="yes"/>
  </node>
  <node id="7259652858" lat="40.4360379" lon="-79.9560791">
    <tag k="crossing" v="marked"/>
    <tag k="crossing:island" v="no"/>
    <tag k="crossing:markings" v="lines"/>
    <tag k="highway" v="crossing"/>
    <tag k="source" v="bing"/>
    <tag k="tactile_paving" v="no"/>
  </node>
  <node id="7291969709" lat="40.4405279" lon="-79.9582672">
    <tag k="button_operated" v="yes"/>
    <tag k="crossing" v="traffic_signals"/>
    <tag k="crossing:island" v="no"/>
    <tag k="crossing:markings" v="zebra"/>
    <tag k="highway" v="crossing"/>
    <tag k="tactile_paving" v="no"/>
    <tag k="traffic_signals:sound" v="yes"/>
    <tag k="traffic_signals:vibration" v="no"/>
  </node>
  <node id="7291969711" lat="40.4405462" lon="-79.9583936">
    <tag k="button_operated" v="yes"/>
    <tag k="crossing" v="traffic_signals"/>
    <tag k="crossing:island" v="no"/>
    <tag k="crossing:markings" v="zebra"/>
    <tag k="highway" v="crossing"/>
    <tag k="tactile_paving" v="no"/>
    <tag k="traffic_signals:sound" v="yes"/>
    <tag k="traffic_signals:vibration" v="no"/>
  </node>
  <node id="7291969712" lat="40.4406662" lon="-79.9584356">
    <tag k="highway" v="traffic_signals"/>
    <tag k="traffic_signals" v="signal"/>
    <tag k="traffic_signals:direction" v="forward"/>
  </node>
  <node id="7291969713" lat="40.4406232" lon="-79.9583839">
    <tag k="button_operated" v="yes"/>
    <tag k="crossing" v="traffic_signals"/>
    <tag k="crossing:island" v="no"/>
    <tag k="crossing:markings" v="zebra"/>
    <tag k="highway" v="crossing"/>
    <tag k="tactile_paving" v="no"/>
    <tag k="traffic_signals:sound" v="yes"/>
    <tag k="traffic_signals:vibration" v="no"/>
  </node>
  <node id="7291969714" lat="40.4406269" lon="-79.9582796">
    <tag k="button_operated" v="yes"/>
    <tag k="crossing" v="traffic_signals"/>
    <tag k="crossing:island" v="no"/>
    <tag k="crossing:markings" v="zebra"/>
    <tag k="highway" v="crossing"/>
    <tag k="tactile_paving" v="yes"/>
    <tag k="traffic_signals:sound" v="yes"/>
    <tag k="traffic_signals:vibration" v="no"/>
  </node>
  <node id="7291969715" lat="40.4401399" lon="-79.9587354">
    <tag k="direction" v="forward"/>
    <tag k="highway" v="stop"/>
    <tag k="stop" v="minor"/>
  </node>
  <node id="7291969716" lat="40.4401675" lon="-79.9587700">
    <tag k="crossing" v="marked"/>
    <tag k="crossing:island" v="no"/>
    <tag k="crossing:markings" v="zebra"/>
    <tag k="highway" v="crossing"/>
    <tag k="tactile_paving" v="no"/>
  </node>
  <node id="7291969718" lat="40.4400343" lon="-79.9574890">
    <tag k="direction" v="backward"/>
    <tag k="highway" v="stop"/>
    <tag k="stop" v="minor"/>
  </node>
  <node id="7291969720" lat="40.4404227" lon="-79.9569505">
    <tag k="direction" v="forward"/>
    <tag k="highway" v="stop"/>
    <tag k="stop" v="all"/>
  </node>
  <node id="7291969721" lat="40.4404418" lon="-79.9569241">
    <tag k="crossing" v="marked"/>
    <tag k="crossing:island" v="no"/>
    <tag k="crossing:markings" v="lines"/>
    <tag k="highway" v="crossing"/>
    <tag k="tactile_paving" v="yes"/>
  </node>
  <node id="7291969722" lat="40.4404275" lon="-79.9567856">
    <tag k="direction" v="forward"/>
    <tag k="highway" v="stop"/>
    <tag k="stop" v="all"/>
  </node>
  <node id="7291969723" lat="40.4405405" lon="-79.9567874">
    <tag k="direction" v="backward"/>
    <tag k="highway" v="stop"/>
    <tag k="stop" v="all"/>
  </node>
  <node id="7291969724" lat="40.4405332" lon="-79.9569154">
    <tag k="crossing" v="marked"/>
    <tag k="crossing:island" v="no"/>
    <tag k="crossing:markings" v="lines"/>
    <tag k="highway" v="crossing"/>
    <tag k="tactile_paving" v="no"/>
  </node>
  <node id="7291969725" lat="40.4405193" lon="-79.9568168">
    <tag k="crossing" v="marked"/>
    <tag k="crossing:island" v="no"/>
    <tag k="crossing:markings" v="lines"/>
    <tag k="highway" v="crossing"/>
    <tag k="tactile_paving" v="no"/>
  </node>
  <node id="7291969726" lat="40.4404512" lon="-79.9568144">
    <tag k="crossing" v="marked"/>
    <tag k="crossing:island" v="no"/>
    <tag k="crossing:markings" v="lines"/>
    <tag k="highway" v="crossing"/>
    <tag k="tactile_paving" v="no"/>
  </node>
  <node id="7291969729" lat="40.4410505" lon="-79.9576812">
    <tag k="button_operated" v="yes"/>
    <tag k="crossing" v="traffic_signals"/>
    <tag k="crossing:island" v="no"/>
    <tag k="crossing:markings" v="zebra"/>
    <tag k="highway" v="crossing"/>
    <tag k="tactile_paving" v="no"/>
    <tag k="traffic_signals:sound" v="yes"/>
    <tag k="traffic_signals:vibration" v="no"/>
  </node>
  <node id="7291969730" lat="40.4410486" lon="-79.9575562">
    <tag k="button_operated" v="yes"/>
    <tag k="crossing" v="traffic_signals"/>
    <tag k="crossing:island" v="no"/>
    <tag k="crossing:markings" v="zebra"/>
    <tag k="highway" v="crossing"/>
    <tag k="tactile_paving" v="no"/>
    <tag k="traffic_signals:sound" v="yes"/>
    <tag k="traffic_signals:vibration" v="no"/>
  </node>
  <node id="7291969731" lat="40.4411449" lon="-79.9576786">
    <tag k="button_operated" v="yes"/>
    <tag k="crossing" v="traffic_signals"/>
    <tag k="crossing:island" v="no"/>
    <tag k="crossing:markings" v="zebra"/>
    <tag k="highway" v="crossing"/>
    <tag k="tactile_paving" v="no"/>
    <tag k="traffic_signals:sound" v="yes"/>
    <tag k="traffic_signals:vibration" v="no"/>
  </node>
  <node id="7291969732" lat="40.4411304" lon="-79.9575694">
    <tag k="button_operated" v="yes"/>
    <tag k="crossing" v="traffic_signals"/>
    <tag k="crossing:island" v="no"/>
    <tag k="crossing:markings" v="zebra"/>
    <tag k="highway" v="crossing"/>
    <tag k="tactile_paving" v="no"/>
    <tag k="traffic_signals:sound" v="yes"/>
    <tag k="traffic_signals:vibration" v="no"/>
  </node>
  <node id="7491694582" lat="40.4492951" lon="-79.9445140"/>
  <node id="7575259024" lat="40.4420280" lon="-79.9600256"/>
  <node id="7575331971" lat="40.4418461" lon="-79.9596802"/>
  <node id="7804524950" lat="40.4456475" lon="-79.9530725">
    <tag k="button_operated" v="no"/>
    <tag k="crossing" v="traffic_signals"/>
    <tag k="crossing:markings" v="zebra"/>
    <tag k="highway" v="crossing"/>
    <tag k="tactile_paving" v="yes"/>
    <tag k="traffic_signals:sound" v="no"/>
    <tag k="traffic_signals:vibration" v="no"/>
  </node>
  <node id="7835808628" lat="40.4423716" lon="-79.9520353"/>
  <node id="7835808629" lat="40.4423160" lon="-79.9521808"/>
  <node id="7835808651" lat="40.4434563" lon="-79.9521175">
    <tag k="button_operated" v="yes"/>
    <tag k="check_date:traffic_signals:vibration" v="2026-03-26"/>
    <tag k="crossing" v="traffic_signals"/>
    <tag k="crossing:island" v="no"/>
    <tag k="crossing:markings" v="zebra"/>
    <tag k="highway" v="crossing"/>
    <tag k="source" v="survey;local knowledge"/>
    <tag k="tactile_paving" v="yes"/>
    <tag k="traffic_signals:sound" v="yes"/>
    <tag k="traffic_signals:vibration" v="no"/>
  </node>
  <node id="7835808653" lat="40.4435206" lon="-79.9522663">
    <tag k="button_operated" v="yes"/>
    <tag k="check_date:traffic_signals:vibration" v="2026-03-26"/>
    <tag k="crossing" v="traffic_signals"/>
    <tag k="crossing:markings" v="zebra"/>
    <tag k="highway" v="crossing"/>
    <tag k="source" v="survey;local knowledge"/>
    <tag k="tactile_paving" v="yes"/>
    <tag k="traffic_signals:sound" v="yes"/>
    <tag k="traffic_signals:vibration" v="no"/>
  </node>
  <node id="7914396448" lat="40.4484368" lon="-79.9585415">
    <tag k="crossing" v="marked"/>
    <tag k="crossing:island" v="no"/>
    <tag k="crossing:markings" v="zebra"/>
    <tag k="highway" v="crossing"/>
    <tag k="tactile_paving" v="no"/>
  </node>
  <node id="7914412188" lat="40.4467678" lon="-79.9600793"/>
  <node id="7929727157" lat="40.4404369" lon="-79.9503117">
    <tag k="crossing" v="marked"/>
    <tag k="crossing:island" v="no"/>
    <tag k="crossing:markings" v="lines"/>
    <tag k="highway" v="crossing"/>
  </node>
  <node id="7929727159" lat="40.4403494" lon="-79.9502456">
    <tag k="crossing" v="marked"/>
    <tag k="crossing:markings" v="lines"/>
    <tag k="highway" v="crossing"/>
  </node>
  <node id="7929727165" lat="40.4404727" lon="-79.9500371"/>
  <node id="7929727166" lat="40.4405820" lon="-79.9498831"/>
  <node id="7929727167" lat="40.4407115" lon="-79.9497097"/>
  <node id="7933510420" lat="40.4502032" lon="-79.9552316"/>
  <node id="7933510427" lat="40.4506418" lon="-79.9550508"/>
  <node id="7960221728" lat="40.4380749" lon="-79.9538965">
    <tag k="button_operated" v="no"/>
    <tag k="crossing" v="traffic_signals"/>
    <tag k="crossing:markings" v="lines"/>
    <tag k="highway" v="crossing"/>
    <tag k="tactile_paving" v="yes"/>
    <tag k="traffic_signals:sound" v="no"/>
    <tag k="traffic_signals:vibration" v="no"/>
  </node>
  <node id="7960221729" lat="40.4380705" lon="-79.9539793">
    <tag k="button_operated" v="no"/>
    <tag k="crossing" v="traffic_signals"/>
    <tag k="crossing:island" v="no"/>
    <tag k="crossing:markings" v="lines"/>
    <tag k="highway" v="crossing"/>
    <tag k="tactile_paving" v="yes"/>
    <tag k="traffic_signals:sound" v="no"/>
    <tag k="traffic_signals:vibration" v="no"/>
  </node>
  <node id="7960221730" lat="40.4381559" lon="-79.9539912">
    <tag k="button_operated" v="no"/>
    <tag k="crossing" v="traffic_signals"/>
    <tag k="crossing:markings" v="lines"/>
    <tag k="highway" v="crossing"/>
    <tag k="tactile_paving" v="yes"/>
    <tag k="traffic_signals:sound" v="no"/>
    <tag k="traffic_signals:vibration" v="no"/>
  </node>
  <node id="7960221731" lat="40.4381560" lon="-79.9538952">
    <tag k="button_operated" v="no"/>
    <tag k="crossing" v="traffic_signals"/>
    <tag k="crossing:island" v="no"/>
    <tag k="crossing:markings" v="lines"/>
    <tag k="highway" v="crossing"/>
    <tag k="tactile_paving" v="yes"/>
    <tag k="traffic_signals:sound" v="no"/>
    <tag k="traffic_signals:vibration" v="no"/>
  </node>
  <node id="7960282950" lat="40.4403599" lon="-79.9535614">
    <tag k="direction" v="backward"/>
    <tag k="highway" v="stop"/>
  </node>
  <node id="7960282951" lat="40.4404673" lon="-79.9535457">
    <tag k="direction" v="backward"/>
    <tag k="highway" v="stop"/>
  </node>
  <node id="7960282960" lat="40.4404981" lon="-79.9538026">
    <tag k="direction" v="forward"/>
    <tag k="highway" v="stop"/>
  </node>
  <node id="7960282961" lat="40.4408821" lon="-79.9542436">
    <tag k="crossing" v="uncontrolled"/>
    <tag k="crossing:island" v="no"/>
    <tag k="crossing:markings" v="lines"/>
    <tag k="highway" v="crossing"/>
    <tag k="tactile_paving" v="yes"/>
  </node>
  <node id="7960282962" lat="40.4409161" lon="-79.9541993">
    <tag k="direction" v="backward"/>
    <tag k="highway" v="stop"/>
  </node>
  <node id="7960282968" lat="40.4404622" lon="-79.9536261">
    <tag k="crossing" v="uncontrolled"/>
    <tag k="crossing:island" v="no"/>
    <tag k="crossing:markings" v="lines"/>
    <tag k="highway" v="crossing"/>
    <tag k="tactile_paving" v="yes"/>
  </node>
  <node id="8006500880" lat="40.4472340" lon="-79.9450706"/>
  <node id="8006500881" lat="40.4466318" lon="-79.9470893"/>
  <node id="8018940993" lat="40.4425732" lon="-79.9575628">
    <tag k="button_operated" v="no"/>
    <tag k="crossing" v="traffic_signals"/>
    <tag k="crossing:markings" v="lines"/>
    <tag k="highway" v="crossing"/>
    <tag k="tactile_paving" v="no"/>
    <tag k="traffic_signals:vibration" v="no"/>
  </node>
  <node id="8019014732" lat="40.4422726" lon="-79.9578068">
    <tag k="crossing" v="traffic_signals"/>
    <tag k="crossing:markings" v="zebra"/>
    <tag k="highway" v="crossing"/>
    <tag k="tactile_paving" v="yes"/>
  </node>
  <node id="8019061879" lat="40.4422755" lon="-79.9579903">
    <tag k="crossing" v="traffic_signals"/>
    <tag k="crossing:markings" v="zebra"/>
    <tag k="highway" v="crossing"/>
    <tag k="tactile_paving" v="yes"/>
  </node>
  <node id="8026948878" lat="40.4443865" lon="-79.9580899">
    <tag k="crossing" v="marked"/>
    <tag k="crossing:markings" v="zebra"/>
    <tag k="highway" v="crossing"/>
    <tag k="tactile_paving" v="yes"/>
  </node>
  <node id="8026948880" lat="40.4444682" lon="-79.9580763">
    <tag k="crossing" v="marked"/>
    <tag k="crossing:island" v="no"/>
    <tag k="crossing:markings" v="zebra"/>
    <tag k="highway" v="crossing"/>
    <tag k="tactile_paving" v="yes"/>
  </node>
  <node id="8026959612" lat="40.4444656" lon="-79.9565328"/>
  <node id="8026959625" lat="40.4450164" lon="-79.9572174">
    <tag k="crossing" v="marked"/>
    <tag k="crossing:island" v="no"/>
    <tag k="crossing:markings" v="zebra"/>
    <tag k="highway" v="crossing"/>
    <tag k="tactile_paving" v="yes"/>
  </node>
  <node id="8026959633" lat="40.4459368" lon="-79.9567437">
    <tag k="crossing" v="unmarked"/>
    <tag k="crossing:island" v="no"/>
    <tag k="crossing:markings" v="yes"/>
    <tag k="highway" v="crossing"/>
  </node>
  <node id="8026959655" lat="40.4458235" lon="-79.9569441"/>
  <node id="8026959656" lat="40.4457706" lon="-79.9571264"/>
  <node id="8026959657" lat="40.4453638" lon="-79.9578979"/>
  <node id="8026959658" lat="40.4449749" lon="-79.9587015"/>
  <node id="8026959671" lat="40.4456679" lon="-79.9564517">
    <tag k="button_operated" v="yes"/>
    <tag k="crossing" v="traffic_signals"/>
    <tag k="crossing:island" v="no"/>
    <tag k="crossing:markings" v="zebra"/>
    <tag k="highway" v="crossing"/>
    <tag k="tactile_paving" v="yes"/>
    <tag k="traffic_signals:sound" v="yes"/>
    <tag k="traffic_signals:vibration" v="no"/>
  </node>
  <node id="8026959672" lat="40.4457676" lon="-79.9564510">
    <tag k="button_operated" v="yes"/>
    <tag k="crossing" v="traffic_signals"/>
    <tag k="crossing:island" v="no"/>
    <tag k="crossing:markings" v="zebra"/>
    <tag k="highway" v="crossing"/>
    <tag k="tactile_paving" v="yes"/>
    <tag k="traffic_signals:sound" v="yes"/>
    <tag k="traffic_signals:vibration" v="no"/>
  </node>
  <node id="8026959673" lat="40.4457676" lon="-79.9563159">
    <tag k="button_operated" v="yes"/>
    <tag k="crossing" v="traffic_signals"/>
    <tag k="crossing:island" v="no"/>
    <tag k="crossing:markings" v="zebra"/>
    <tag k="highway" v="crossing"/>
    <tag k="tactile_paving" v="yes"/>
    <tag k="traffic_signals:sound" v="yes"/>
    <tag k="traffic_signals:vibration" v="no"/>
  </node>
  <node id="8026959674" lat="40.4456667" lon="-79.9563230">
    <tag k="button_operated" v="yes"/>
    <tag k="crossing" v="traffic_signals"/>
    <tag k="crossing:island" v="no"/>
    <tag k="crossing:markings" v="zebra"/>
    <tag k="highway" v="crossing"/>
    <tag k="tactile_paving" v="yes"/>
    <tag k="traffic_signals:sound" v="yes"/>
    <tag k="traffic_signals:vibration" v="no"/>
  </node>
  <node id="8032966219" lat="40.4469053" lon="-79.9590066"/>
  <node id="8032966220" lat="40.4463148" lon="-79.9591404"/>
  <node id="8032966221" lat="40.4460080" lon="-79.9592203"/>
  <node id="8032966235" lat="40.4471096" lon="-79.9589702"/>
  <node id="8051601086" lat="40.4455003" lon="-79.9545186"/>
  <node id="8051601104" lat="40.4449411" lon="-79.9540552"/>
  <node id="8062964649" lat="40.4449532" lon="-79.9538512">
    <tag k="crossing" v="unmarked"/>
    <tag k="crossing:island" v="no"/>
    <tag k="crossing:markings" v="no"/>
    <tag k="highway" v="crossing"/>
    <tag k="tactile_paving" v="no"/>
  </node>
  <node id="8080442000" lat="40.4495630" lon="-79.9460076"/>
  <node id="8089026929" lat="40.4396936" lon="-79.9546538"/>
  <node id="8099214873" lat="40.4414292" lon="-79.9555050">
    <tag k="crossing" v="uncontrolled"/>
    <tag k="crossing:island" v="no"/>
    <tag k="crossing:markings" v="lines"/>
    <tag k="highway" v="crossing"/>
    <tag k="source" v="bing"/>
    <tag k="tactile_paving" v="yes"/>
  </node>
  <node id="8099223447" lat="40.4412160" lon="-79.9551175"/>
  <node id="8099223468" lat="40.4409932" lon="-79.9561622">
    <tag k="crossing" v="marked"/>
    <tag k="crossing:island" v="no"/>
    <tag k="crossing:markings" v="lines"/>
    <tag k="highway" v="crossing"/>
    <tag k="tactile_paving" v="yes"/>
  </node>
  <node id="8099223470" lat="40.4392632" lon="-79.9540255">
    <tag k="crossing" v="marked"/>
    <tag k="crossing:island" v="no"/>
    <tag k="crossing:markings" v="lines"/>
    <tag k="highway" v="crossing"/>
    <tag k="tactile_paving" v="yes"/>
  </node>
  <node id="8099223474" lat="40.4387067" lon="-79.9534305">
    <tag k="crossing" v="marked"/>
    <tag k="crossing:markings" v="lines"/>
    <tag k="highway" v="crossing"/>
    <tag k="tactile_paving" v="yes"/>
  </node>
  <node id="8099223487" lat="40.4410029" lon="-79.9562674">
    <tag k="crossing" v="marked"/>
    <tag k="crossing:markings" v="zebra"/>
    <tag k="highway" v="crossing"/>
    <tag k="tactile_paving" v="yes"/>
  </node>
  <node id="8099223488" lat="40.4409178" lon="-79.9562658">
    <tag k="crossing" v="marked"/>
    <tag k="crossing:island" v="no"/>
    <tag k="crossing:markings" v="lines"/>
    <tag k="highway" v="crossing"/>
    <tag k="tactile_paving" v="yes"/>
  </node>
  <node id="8099223489" lat="40.4409229" lon="-79.9561671">
    <tag k="crossing" v="marked"/>
    <tag k="crossing:markings" v="zebra"/>
    <tag k="highway" v="crossing"/>
    <tag k="tactile_paving" v="yes"/>
  </node>
  <node id="8099223523" lat="40.4399921" lon="-79.9530226">
    <tag k="crossing" v="unmarked"/>
    <tag k="crossing:island" v="no"/>
    <tag k="crossing:markings" v="no"/>
    <tag k="highway" v="crossing"/>
    <tag k="tactile_paving" v="yes"/>
  </node>
  <node id="8099223571" lat="40.4400139" lon="-79.9575173">
    <tag k="crossing" v="marked"/>
    <tag k="crossing:island" v="no"/>
    <tag k="crossing:markings" v="lines"/>
    <tag k="highway" v="crossing"/>
    <tag k="tactile_paving" v="no"/>
  </node>
  <node id="8099223581" lat="40.4396334" lon="-79.9581014"/>
  <node id="8099223582" lat="40.4415132" lon="-79.9569110">
    <tag k="crossing" v="traffic_signals"/>
    <tag k="crossing:markings" v="zebra"/>
    <tag k="highway" v="crossing"/>
    <tag k="tactile_paving" v="yes"/>
    <tag k="traffic_signals:sound" v="yes"/>
  </node>
  <node id="8099223584" lat="40.4415219" lon="-79.9570279">
    <tag k="crossing" v="traffic_signals"/>
    <tag k="crossing:markings" v="zebra"/>
    <tag k="highway" v="crossing"/>
    <tag k="tactile_paving" v="yes"/>
    <tag k="traffic_signals:sound" v="yes"/>
  </node>
  <node id="8099223585" lat="40.4416034" lon="-79.9570249">
    <tag k="crossing" v="traffic_signals"/>
    <tag k="crossing:markings" v="zebra"/>
    <tag k="highway" v="crossing"/>
    <tag k="tactile_paving" v="yes"/>
    <tag k="traffic_signals:sound" v="yes"/>
  </node>
  <node id="8099223586" lat="40.4416059" lon="-79.9569134">
    <tag k="crossing" v="traffic_signals"/>
    <tag k="crossing:markings" v="zebra"/>
    <tag k="highway" v="crossing"/>
    <tag k="tactile_paving" v="yes"/>
    <tag k="traffic_signals:sound" v="yes"/>
  </node>
  <node id="8099223605" lat="40.4421899" lon="-79.9579207">
    <tag k="crossing" v="traffic_signals"/>
    <tag k="crossing:markings" v="zebra"/>
    <tag k="highway" v="crossing"/>
    <tag k="tactile_paving" v="yes"/>
  </node>
  <node id="8099223606" lat="40.4421676" lon="-79.9577418">
    <tag k="crossing" v="traffic_signals"/>
    <tag k="crossing:markings" v="zebra"/>
    <tag k="highway" v="crossing"/>
    <tag k="tactile_paving" v="yes"/>
    <tag k="traffic_signals:vibration" v="no"/>
  </node>
  <node id="8099223688" lat="40.4417319" lon="-79.9585369">
    <tag k="crossing" v="traffic_signals"/>
    <tag k="crossing:markings" v="zebra"/>
    <tag k="highway" v="crossing"/>
    <tag k="tactile_paving" v="yes"/>
  </node>
  <node id="8099223690" lat="40.4417056" lon="-79.9583834">
    <tag k="button_operated" v="yes"/>
    <tag k="crossing" v="traffic_signals"/>
    <tag k="crossing:markings" v="zebra"/>
    <tag k="highway" v="crossing"/>
    <tag k="tactile_paving" v="yes"/>
    <tag k="traffic_signals:vibration" v="no"/>
  </node>
  <node id="8099223691" lat="40.4418222" lon="-79.9584159">
    <tag k="crossing" v="traffic_signals"/>
    <tag k="crossing:markings" v="zebra"/>
    <tag k="highway" v="crossing"/>
    <tag k="tactile_paving" v="yes"/>
  </node>
  <node id="8099223699" lat="40.4413128" lon="-79.9591217">
    <tag k="crossing" v="traffic_signals"/>
    <tag k="crossing:markings" v="zebra"/>
    <tag k="highway" v="crossing"/>
    <tag k="tactile_paving" v="yes"/>
  </node>
  <node id="8099223724" lat="40.4411997" lon="-79.9590861">
    <tag k="crossing" v="traffic_signals"/>
    <tag k="crossing:island" v="no"/>
    <tag k="crossing:markings" v="zebra"/>
    <tag k="highway" v="crossing"/>
    <tag k="tactile_paving" v="yes"/>
  </node>
  <node id="8099223726" lat="40.4412276" lon="-79.9592395">
    <tag k="crossing" v="traffic_signals"/>
    <tag k="crossing:markings" v="zebra"/>
    <tag k="highway" v="crossing"/>
    <tag k="tactile_paving" v="yes"/>
  </node>
  <node id="8099223727" lat="40.4411163" lon="-79.9589830"/>
  <node id="8099223748" lat="40.4392328" lon="-79.9566721">
    <tag k="crossing" v="marked"/>
    <tag k="crossing:markings" v="lines"/>
    <tag k="highway" v="crossing"/>
    <tag k="tactile_paving" v="yes"/>
  </node>
  <node id="8099223755" lat="40.4396615" lon="-79.9559611">
    <tag k="crossing" v="marked"/>
    <tag k="crossing:markings" v="lines"/>
    <tag k="highway" v="crossing"/>
    <tag k="tactile_paving" v="yes"/>
  </node>
  <node id="8099223757" lat="40.4396573" lon="-79.9558466">
    <tag k="crossing" v="marked"/>
    <tag k="crossing:markings" v="lines"/>
    <tag k="highway" v="crossing"/>
    <tag k="tactile_paving" v="yes"/>
  </node>
  <node id="8099223772" lat="40.4392272" lon="-79.9565408">
    <tag k="crossing" v="marked"/>
    <tag k="crossing:island" v="no"/>
    <tag k="crossing:markings" v="lines"/>
    <tag k="highway" v="crossing"/>
    <tag k="tactile_paving" v="yes"/>
  </node>
  <node id="8099223774" lat="40.4391452" lon="-79.9565558">
    <tag k="crossing" v="marked"/>
    <tag k="crossing:markings" v="lines"/>
    <tag k="highway" v="crossing"/>
    <tag k="tactile_paving" v="yes"/>
  </node>
  <node id="8099223776" lat="40.4391466" lon="-79.9566599">
    <tag k="crossing" v="marked"/>
    <tag k="crossing:island" v="yes"/>
    <tag k="crossing:markings" v="lines"/>
    <tag k="highway" v="crossing"/>
    <tag k="tactile_paving" v="yes"/>
  </node>
  <node id="8099223791" lat="40.4371565" lon="-79.9549190">
    <tag k="crossing" v="marked"/>
    <tag k="crossing:island" v="no"/>
    <tag k="crossing:markings" v="zebra"/>
    <tag k="highway" v="crossing"/>
    <tag k="tactile_paving" v="yes"/>
  </node>
  <node id="8099223794" lat="40.4371473" lon="-79.9550252">
    <tag k="crossing" v="marked"/>
    <tag k="crossing:markings" v="zebra"/>
    <tag k="highway" v="crossing"/>
    <tag k="tactile_paving" v="yes"/>
  </node>
  <node id="8099223796" lat="40.4370571" lon="-79.9550179">
    <tag k="crossing" v="marked"/>
    <tag k="crossing:island" v="no"/>
    <tag k="crossing:markings" v="zebra"/>
    <tag k="highway" v="crossing"/>
    <tag k="tactile_paving" v="yes"/>
  </node>
  <node id="8099223799" lat="40.4370529" lon="-79.9549092">
    <tag k="crossing" v="marked"/>
    <tag k="crossing:markings" v="zebra"/>
    <tag k="highway" v="crossing"/>
    <tag k="tactile_paving" v="yes"/>
  </node>
  <node id="8099223811" lat="40.4388769" lon="-79.9571536">
    <tag k="crossing" v="marked"/>
    <tag k="crossing:markings" v="lines"/>
    <tag k="highway" v="crossing"/>
    <tag k="tactile_paving" v="yes"/>
  </node>
  <node id="8099223812" lat="40.4388667" lon="-79.9570504">
    <tag k="crossing" v="marked"/>
    <tag k="crossing:island" v="no"/>
    <tag k="crossing:markings" v="lines"/>
    <tag k="highway" v="crossing"/>
    <tag k="tactile_paving" v="yes"/>
  </node>
  <node id="8099223814" lat="40.4387910" lon="-79.9570462">
    <tag k="crossing" v="marked"/>
    <tag k="crossing:markings" v="lines"/>
    <tag k="highway" v="crossing"/>
    <tag k="tactile_paving" v="yes"/>
  </node>
  <node id="8099223816" lat="40.4387977" lon="-79.9571701">
    <tag k="crossing" v="marked"/>
    <tag k="crossing:island" v="no"/>
    <tag k="crossing:markings" v="lines"/>
    <tag k="highway" v="crossing"/>
    <tag k="tactile_paving" v="yes"/>
  </node>
  <node id="8099223838" lat="40.4385597" lon="-79.9534022">
    <tag k="crossing" v="unmarked"/>
    <tag k="crossing:markings" v="no"/>
    <tag k="highway" v="crossing"/>
    <tag k="tactile_paving" v="yes"/>
  </node>
  <node id="8099223840" lat="40.4396472" lon="-79.9523936">
    <tag k="crossing" v="marked"/>
    <tag k="crossing:island" v="no"/>
    <tag k="crossing:markings" v="lines"/>
    <tag k="highway" v="crossing"/>
    <tag k="tactile_paving" v="yes"/>
  </node>
  <node id="8099223842" lat="40.4397105" lon="-79.9524117">
    <tag k="crossing" v="marked"/>
    <tag k="crossing:island" v="no"/>
    <tag k="crossing:markings" v="lines"/>
    <tag k="highway" v="crossing"/>
    <tag k="tactile_paving" v="yes"/>
  </node>
  <node id="8099223844" lat="40.4396507" lon="-79.9522958">
    <tag k="crossing" v="marked"/>
    <tag k="crossing:island" v="no"/>
    <tag k="crossing:markings" v="lines"/>
    <tag k="highway" v="crossing"/>
    <tag k="tactile_paving" v="yes"/>
  </node>
  <node id="8099223854" lat="40.4392370" lon="-79.9515451"/>
  <node id="8099223868" lat="40.4391801" lon="-79.9515468">
    <tag k="crossing" v="unmarked"/>
    <tag k="crossing:island" v="no"/>
    <tag k="crossing:markings" v="no"/>
    <tag k="highway" v="crossing"/>
    <tag k="tactile_paving" v="yes"/>
  </node>
  <node id="8099223874" lat="40.4364994" lon="-79.9542298">
    <tag k="direction" v="forward"/>
    <tag k="highway" v="stop"/>
  </node>
  <node id="8104080823" lat="40.4370079" lon="-79.9525606">
    <tag k="crossing" v="unmarked"/>
    <tag k="crossing:markings" v="no"/>
    <tag k="highway" v="crossing"/>
    <tag k="tactile_paving" v="yes"/>
  </node>
  <node id="8104080828" lat="40.4378482" lon="-79.9521946">
    <tag k="crossing" v="marked"/>
    <tag k="crossing:markings" v="zebra"/>
    <tag k="highway" v="crossing"/>
    <tag k="tactile_paving" v="yes"/>
  </node>
  <node id="8104080830" lat="40.4377501" lon="-79.9521529">
    <tag k="crossing" v="marked"/>
    <tag k="crossing:island" v="no"/>
    <tag k="crossing:markings" v="zebra"/>
    <tag k="highway" v="crossing"/>
    <tag k="tactile_paving" v="yes"/>
  </node>
  <node id="8104080838" lat="40.4373515" lon="-79.9522508">
    <tag k="crossing" v="unmarked"/>
    <tag k="crossing:markings" v="no"/>
    <tag k="highway" v="crossing"/>
    <tag k="tactile_paving" v="yes"/>
  </node>
  <node id="8104080839" lat="40.4371553" lon="-79.9523199">
    <tag k="crossing" v="unmarked"/>
    <tag k="crossing:markings" v="no"/>
    <tag k="highway" v="crossing"/>
    <tag k="tactile_paving" v="yes"/>
  </node>
  <node id="8104080870" lat="40.4364363" lon="-79.9538748">
    <tag k="crossing" v="marked"/>
    <tag k="crossing:island" v="no"/>
    <tag k="crossing:markings" v="lines"/>
    <tag k="highway" v="crossing"/>
    <tag k="tactile_paving" v="yes"/>
  </node>
  <node id="8104080880" lat="40.4366215" lon="-79.9554716">
    <tag k="crossing" v="unmarked"/>
    <tag k="crossing:island" v="no"/>
    <tag k="crossing:markings" v="no"/>
    <tag k="highway" v="crossing"/>
    <tag k="tactile_paving" v="yes"/>
  </node>
  <node id="8140356488" lat="40.4401904" lon="-79.9469651"/>
  <node id="8140356489" lat="40.4401183" lon="-79.9469017"/>
  <node id="8140356490" lat="40.4399327" lon="-79.9468112"/>
  <node id="8140356491" lat="40.4397164" lon="-79.9467405"/>
  <node id="8140356492" lat="40.4396591" lon="-79.9467557"/>
  <node id="8140356493" lat="40.4396860" lon="-79.9468564"/>
  <node id="8140356494" lat="40.4396359" lon="-79.9468210"/>
  <node id="8140356495" lat="40.4407458" lon="-79.9481766"/>
  <node id="8140356496" lat="40.4407850" lon="-79.9480986"/>
  <node id="8140356498" lat="40.4390897" lon="-79.9465692"/>
  <node id="8140356499" lat="40.4389194" lon="-79.9464368"/>
  <node id="8140356500" lat="40.4389848" lon="-79.9465131"/>
  <node id="8254392550" lat="40.4485839" lon="-79.9461760"/>
  <node id="8254392556" lat="40.4491078" lon="-79.9444320"/>
  <node id="8257303455" lat="40.4478343" lon="-79.9534602"/>
  <node id="8257303465" lat="40.4480512" lon="-79.9542837"/>
  <node id="8274805033" lat="40.4439284" lon="-79.9541722">
    <tag k="crossing" v="marked"/>
    <tag k="crossing:island" v="yes"/>
    <tag k="crossing:markings" v="ladder"/>
    <tag k="highway" v="crossing"/>
    <tag k="source" v="bing"/>
    <tag k="tactile_paving" v="yes"/>
    <tag k="traffic_calming" v="table"/>
  </node>
  <node id="8458907642" lat="40.4432268" lon="-79.9520145"/>
  <node id="8470194975" lat="40.4423914" lon="-79.9519322"/>
  <node id="8470194976" lat="40.4395303" lon="-79.9467493"/>
  <node id="8483931943" lat="40.4435282" lon="-79.9592795">
    <tag k="crossing" v="marked"/>
    <tag k="crossing:markings" v="zebra"/>
    <tag k="highway" v="crossing"/>
    <tag k="tactile_paving" v="yes"/>
  </node>
  <node id="8483931949" lat="40.4425824" lon="-79.9573744">
    <tag k="crossing" v="traffic_signals"/>
    <tag k="crossing:markings" v="zebra"/>
    <tag k="highway" v="crossing"/>
    <tag k="tactile_paving" v="yes"/>
  </node>
  <node id="8483966640" lat="40.4451085" lon="-79.9540371">
    <tag k="crossing" v="traffic_signals"/>
    <tag k="crossing:island" v="no"/>
    <tag k="crossing:markings" v="zebra"/>
    <tag k="highway" v="crossing"/>
    <tag k="tactile_paving" v="yes"/>
  </node>
  <node id="8483966641" lat="40.4450950" lon="-79.9538404">
    <tag k="crossing" v="traffic_signals"/>
    <tag k="crossing:markings" v="zebra"/>
    <tag k="highway" v="crossing"/>
    <tag k="tactile_paving" v="yes"/>
    <tag k="traffic_signals:sound" v="no"/>
  </node>
  <node id="8483966701" lat="40.4436436" lon="-79.9517919">
    <tag k="turn:lanes" v="through|through|through;slight_right"/>
  </node>
  <node id="8483983340" lat="40.4437469" lon="-79.9514105"/>
  <node id="8483995148" lat="40.4431657" lon="-79.9519868"/>
  <node id="8494965501" lat="40.4444502" lon="-79.9486478">
    <tag k="cycleway" v="asl"/>
    <tag k="direction" v="backward"/>
  </node>
  <node id="8494965502" lat="40.4444394" lon="-79.9486961">
    <tag k="cycleway" v="asl"/>
    <tag k="direction" v="forward"/>
  </node>
  <node id="8495017102" lat="40.4423881" lon="-79.9517356">
    <tag k="cycleway" v="asl"/>
    <tag k="direction" v="both"/>
    <tag k="fixme" v="Misused?"/>
  </node>
  <node id="8495048636" lat="40.4408498" lon="-79.9483018"/>
  <node id="8495061815" lat="40.4497149" lon="-79.9508635">
    <tag k="cycleway" v="asl"/>
    <tag k="direction" v="forward"/>
  </node>
  <node id="8505524668" lat="40.4451556" lon="-79.9513006">
    <tag k="crossing" v="marked"/>
    <tag k="crossing:markings" v="lines"/>
    <tag k="highway" v="crossing"/>
    <tag k="tactile_paving" v="no"/>
  </node>
  <node id="8505524707" lat="40.4440272" lon="-79.9508022">
    <tag k="button_operated" v="yes"/>
    <tag k="crossing" v="traffic_signals"/>
    <tag k="highway" v="crossing"/>
    <tag k="tactile_paving" v="yes"/>
    <tag k="traffic_signals:sound" v="yes"/>
    <tag k="traffic_signals:vibration" v="yes"/>
  </node>
  <node id="8505524715" lat="40.4464104" lon="-79.9520190">
    <tag k="button_operated" v="yes"/>
    <tag k="crossing" v="traffic_signals"/>
    <tag k="crossing:markings" v="zebra"/>
    <tag k="highway" v="crossing"/>
    <tag k="tactile_paving" v="yes"/>
    <tag k="traffic_signals:sound" v="yes"/>
  </node>
  <node id="8505528017" lat="40.4463886" lon="-79.9518517">
    <tag k="button_operated" v="yes"/>
    <tag k="crossing" v="traffic_signals"/>
    <tag k="crossing:markings" v="zebra"/>
    <tag k="highway" v="crossing"/>
    <tag k="tactile_paving" v="yes"/>
    <tag k="traffic_signals:sound" v="yes"/>
  </node>
  <node id="8505528021" lat="40.4465625" lon="-79.9517904">
    <tag k="button_operated" v="yes"/>
    <tag k="crossing" v="traffic_signals"/>
    <tag k="crossing:island" v="no"/>
    <tag k="crossing:markings" v="zebra"/>
    <tag k="highway" v="crossing"/>
    <tag k="tactile_paving" v="yes"/>
    <tag k="traffic_signals:sound" v="yes"/>
  </node>
  <node id="8505528024" lat="40.4466187" lon="-79.9519528">
    <tag k="button_operated" v="yes"/>
    <tag k="crossing" v="traffic_signals"/>
    <tag k="crossing:island" v="no"/>
    <tag k="crossing:markings" v="zebra"/>
    <tag k="highway" v="crossing"/>
    <tag k="tactile_paving" v="yes"/>
    <tag k="traffic_signals:sound" v="yes"/>
  </node>
  <node id="8505528048" lat="40.4482887" lon="-79.9526978">
    <tag k="button_operated" v="yes"/>
    <tag k="crossing" v="traffic_signals"/>
    <tag k="crossing:island" v="no"/>
    <tag k="highway" v="crossing"/>
    <tag k="tactile_paving" v="yes"/>
    <tag k="traffic_signals:sound" v="yes"/>
    <tag k="traffic_signals:vibration" v="no"/>
  </node>
  <node id="8505528050" lat="40.4482984" lon="-79.9528251">
    <tag k="button_operated" v="yes"/>
    <tag k="crossing" v="traffic_signals"/>
    <tag k="crossing:island" v="no"/>
    <tag k="highway" v="crossing"/>
    <tag k="tactile_paving" v="yes"/>
    <tag k="traffic_signals:sound" v="yes"/>
    <tag k="traffic_signals:vibration" v="no"/>
  </node>
  <node id="8505528063" lat="40.4462033" lon="-79.9525134">
    <tag k="crossing" v="unmarked"/>
    <tag k="crossing:island" v="no"/>
    <tag k="crossing:markings" v="no"/>
    <tag k="highway" v="crossing"/>
    <tag k="tactile_paving" v="yes"/>
  </node>
  <node id="8505528137" lat="40.4484318" lon="-79.9526406">
    <tag k="button_operated" v="yes"/>
    <tag k="crossing" v="traffic_signals"/>
    <tag k="crossing:island" v="no"/>
    <tag k="highway" v="crossing"/>
    <tag k="tactile_paving" v="yes"/>
    <tag k="traffic_signals:sound" v="yes"/>
    <tag k="traffic_signals:vibration" v="no"/>
  </node>
  <node id="8505528149" lat="40.4467918" lon="-79.9507581">
    <tag k="button_operated" v="yes"/>
    <tag k="crossing" v="traffic_signals"/>
    <tag k="crossing:island" v="no"/>
    <tag k="crossing:markings" v="zebra"/>
    <tag k="highway" v="crossing"/>
    <tag k="tactile_paving" v="no"/>
    <tag k="traffic_signals:sound" v="yes"/>
    <tag k="traffic_signals:vibration" v="no"/>
  </node>
  <node id="8505528152" lat="40.4469104" lon="-79.9506136">
    <tag k="button_operated" v="yes"/>
    <tag k="crossing" v="traffic_signals"/>
    <tag k="crossing:markings" v="zebra"/>
    <tag k="highway" v="crossing"/>
    <tag k="tactile_paving" v="no"/>
    <tag k="traffic_signals:sound" v="yes"/>
    <tag k="traffic_signals:vibration" v="no"/>
  </node>
  <node id="8505528158" lat="40.4468094" lon="-79.9504504">
    <tag k="button_operated" v="yes"/>
    <tag k="crossing" v="traffic_signals"/>
    <tag k="crossing:island" v="no"/>
    <tag k="crossing:markings" v="zebra"/>
    <tag k="highway" v="crossing"/>
    <tag k="tactile_paving" v="no"/>
    <tag k="traffic_signals:sound" v="yes"/>
    <tag k="traffic_signals:vibration" v="no"/>
  </node>
  <node id="8505528171" lat="40.4463657" lon="-79.9490110">
    <tag k="crossing" v="unmarked"/>
    <tag k="crossing:island" v="no"/>
    <tag k="crossing:markings" v="no"/>
    <tag k="highway" v="crossing"/>
    <tag k="tactile_paving" v="yes"/>
  </node>
  <node id="8505528178" lat="40.4462514" lon="-79.9504352">
    <tag k="crossing" v="unmarked"/>
    <tag k="crossing:island" v="no"/>
    <tag k="crossing:markings" v="no"/>
    <tag k="highway" v="crossing"/>
    <tag k="tactile_paving" v="yes"/>
  </node>
  <node id="8505528225" lat="40.4450916" lon="-79.9512701"/>
  <node id="8505528226" lat="40.4450982" lon="-79.9511790">
    <tag k="crossing" v="marked"/>
    <tag k="crossing:markings" v="lines"/>
    <tag k="highway" v="crossing"/>
    <tag k="tactile_paving" v="no"/>
  </node>
  <node id="8505528230" lat="40.4451514" lon="-79.9504490">
    <tag k="crossing" v="marked"/>
    <tag k="crossing:markings" v="lines"/>
    <tag k="highway" v="crossing"/>
    <tag k="tactile_paving" v="yes"/>
  </node>
  <node id="8505528250" lat="40.4489334" lon="-79.9518178">
    <tag k="crossing" v="marked"/>
    <tag k="crossing:markings" v="zebra"/>
    <tag k="highway" v="crossing"/>
    <tag k="tactile_paving" v="no"/>
  </node>
  <node id="8505528252" lat="40.4489544" lon="-79.9519160">
    <tag k="crossing" v="marked"/>
    <tag k="crossing:island" v="no"/>
    <tag k="crossing:markings" v="zebra"/>
    <tag k="highway" v="crossing"/>
    <tag k="tactile_paving" v="no"/>
  </node>
  <node id="8505528268" lat="40.4484576" lon="-79.9527739">
    <tag k="button_operated" v="yes"/>
    <tag k="crossing" v="traffic_signals"/>
    <tag k="crossing:island" v="no"/>
    <tag k="highway" v="crossing"/>
    <tag k="tactile_paving" v="yes"/>
    <tag k="traffic_signals:sound" v="yes"/>
    <tag k="traffic_signals:vibration" v="no"/>
  </node>
  <node id="8505528271" lat="40.4473574" lon="-79.9539686">
    <tag k="crossing" v="unmarked"/>
    <tag k="crossing:island" v="no"/>
    <tag k="crossing:markings" v="no"/>
    <tag k="highway" v="crossing"/>
    <tag k="tactile_paving" v="yes"/>
  </node>
  <node id="8505528273" lat="40.4456675" lon="-79.9532602">
    <tag k="button_operated" v="no"/>
    <tag k="crossing" v="traffic_signals"/>
    <tag k="crossing:island" v="no"/>
    <tag k="crossing:markings" v="zebra"/>
    <tag k="highway" v="crossing"/>
    <tag k="tactile_paving" v="no"/>
    <tag k="traffic_signals:sound" v="no"/>
    <tag k="traffic_signals:vibration" v="no"/>
  </node>
  <node id="8505528274" lat="40.4466953" lon="-79.9505692">
    <tag k="button_operated" v="yes"/>
    <tag k="crossing" v="traffic_signals"/>
    <tag k="crossing:island" v="no"/>
    <tag k="crossing:markings" v="zebra"/>
    <tag k="highway" v="crossing"/>
    <tag k="tactile_paving" v="no"/>
    <tag k="traffic_signals:sound" v="yes"/>
    <tag k="traffic_signals:vibration" v="no"/>
  </node>
  <node id="8505528275" lat="40.4439488" lon="-79.9506564">
    <tag k="button_operated" v="yes"/>
    <tag k="crossing" v="traffic_signals"/>
    <tag k="crossing:island" v="no"/>
    <tag k="highway" v="crossing"/>
    <tag k="tactile_paving" v="yes"/>
    <tag k="traffic_signals:sound" v="yes"/>
    <tag k="traffic_signals:vibration" v="no"/>
  </node>
  <node id="8505528276" lat="40.4438981" lon="-79.9508526">
    <tag k="crossing" v="traffic_signals"/>
    <tag k="highway" v="crossing"/>
    <tag k="tactile_paving" v="yes"/>
  </node>
  <node id="8548017819" lat="40.4382096" lon="-79.9519590"/>
  <node id="8548221227" lat="40.4392273" lon="-79.9602076"/>
  <node id="8548754317" lat="40.4480722" lon="-79.9513028"/>
  <node id="8557740960" lat="40.4490446" lon="-79.9517884">
    <tag k="crossing" v="marked"/>
    <tag k="crossing:island" v="no"/>
    <tag k="crossing:markings" v="zebra"/>
    <tag k="highway" v="crossing"/>
    <tag k="tactile_paving" v="no"/>
  </node>
  <node id="8557740966" lat="40.4490697" lon="-79.9518992">
    <tag k="crossing" v="marked"/>
    <tag k="crossing:markings" v="zebra"/>
    <tag k="highway" v="crossing"/>
    <tag k="tactile_paving" v="no"/>
  </node>
  <node id="8593665263" lat="40.4436100" lon="-79.9537860"/>
  <node id="8644704475" lat="40.4400442" lon="-79.9597815"/>
  <node id="8644704476" lat="40.4401580" lon="-79.9599223"/>
  <node id="8652891343" lat="40.4468183" lon="-79.9547265">
    <tag k="crossing" v="marked"/>
    <tag k="crossing:island" v="no"/>
    <tag k="crossing:markings" v="zebra"/>
    <tag k="highway" v="crossing"/>
    <tag k="tactile_paving" v="yes"/>
  </node>
  <node id="8652891344" lat="40.4462790" lon="-79.9554752">
    <tag k="crossing" v="marked"/>
    <tag k="crossing:island" v="no"/>
    <tag k="crossing:markings" v="zebra"/>
    <tag k="highway" v="crossing"/>
    <tag k="tactile_paving" v="yes"/>
  </node>
  <node id="8745436039" lat="40.4500006" lon="-79.9485660"/>
  <node id="8745436044" lat="40.4498481" lon="-79.9484985"/>
  <node id="8752021347" lat="40.4445075" lon="-79.9472812"/>
  <node id="8752021354" lat="40.4444985" lon="-79.9475443"/>
  <node id="8752163864" lat="40.4471587" lon="-79.9460804"/>
  <node id="8765677568" lat="40.4497542" lon="-79.9508124">
    <tag k="button_operated" v="yes"/>
    <tag k="crossing" v="traffic_signals"/>
    <tag k="crossing:island" v="no"/>
    <tag k="highway" v="crossing"/>
    <tag k="tactile_paving" v="yes"/>
    <tag k="traffic_signals:sound" v="yes"/>
    <tag k="traffic_signals:vibration" v="no"/>
  </node>
  <node id="8765677572" lat="40.4497134" lon="-79.9506879">
    <tag k="button_operated" v="yes"/>
    <tag k="crossing" v="traffic_signals"/>
    <tag k="crossing:island" v="no"/>
    <tag k="highway" v="crossing"/>
    <tag k="tactile_paving" v="yes"/>
    <tag k="traffic_signals:sound" v="yes"/>
    <tag k="traffic_signals:vibration" v="no"/>
  </node>
  <node id="8815680491" lat="40.4425534" lon="-79.9517140">
    <tag k="highway" v="traffic_signals"/>
    <tag k="traffic_signals" v="signal"/>
    <tag k="traffic_signals:direction" v="backward"/>
  </node>
  <node id="8815680492" lat="40.4423922" lon="-79.9518498">
    <tag k="highway" v="traffic_signals"/>
    <tag k="traffic_signals" v="signal"/>
    <tag k="traffic_signals:direction" v="forward"/>
  </node>
  <node id="8815680493" lat="40.4423388" lon="-79.9515072">
    <tag k="highway" v="traffic_signals"/>
    <tag k="traffic_signals" v="signal"/>
    <tag k="traffic_signals:direction" v="backward"/>
  </node>
  <node id="8815680494" lat="40.4418608" lon="-79.9527911">
    <tag k="highway" v="traffic_signals"/>
    <tag k="traffic_signals" v="signal"/>
    <tag k="traffic_signals:direction" v="backward"/>
  </node>
  <node id="8815680495" lat="40.4416985" lon="-79.9527104">
    <tag k="highway" v="traffic_signals"/>
    <tag k="traffic_signals" v="signal"/>
    <tag k="traffic_signals:direction" v="forward"/>
  </node>
  <node id="8815680496" lat="40.4434917" lon="-79.9523786">
    <tag k="highway" v="traffic_signals"/>
    <tag k="traffic_signals" v="signal"/>
    <tag k="traffic_signals:direction" v="forward"/>
  </node>
  <node id="8815680497" lat="40.4434401" lon="-79.9521102">
    <tag k="highway" v="traffic_signals"/>
    <tag k="traffic_signals" v="signal"/>
    <tag k="traffic_signals:direction" v="forward"/>
  </node>
  <node id="8815680498" lat="40.4438825" lon="-79.9509103">
    <tag k="highway" v="traffic_signals"/>
    <tag k="traffic_signals" v="signal"/>
    <tag k="traffic_signals:direction" v="forward"/>
  </node>
  <node id="8815680499" lat="40.4439680" lon="-79.9505786">
    <tag k="highway" v="traffic_signals"/>
    <tag k="traffic_signals" v="signal"/>
    <tag k="traffic_signals:direction" v="forward"/>
  </node>
  <node id="8815680500" lat="40.4444023" lon="-79.9488430">
    <tag k="highway" v="traffic_signals"/>
    <tag k="traffic_signals" v="signal"/>
    <tag k="traffic_signals:direction" v="backward"/>
  </node>
  <node id="8815680501" lat="40.4443132" lon="-79.9486306">
    <tag k="highway" v="traffic_signals"/>
    <tag k="traffic_signals" v="signal"/>
    <tag k="traffic_signals:direction" v="backward"/>
  </node>
  <node id="8815680502" lat="40.4444659" lon="-79.9485010">
    <tag k="highway" v="traffic_signals"/>
    <tag k="traffic_signals" v="signal"/>
    <tag k="traffic_signals:direction" v="forward"/>
  </node>
  <node id="8815680503" lat="40.4445887" lon="-79.9486917">
    <tag k="highway" v="traffic_signals"/>
    <tag k="traffic_signals" v="signal"/>
    <tag k="traffic_signals:direction" v="forward"/>
  </node>
  <node id="8815680504" lat="40.4469136" lon="-79.9492391">
    <tag k="highway" v="traffic_signals"/>
    <tag k="traffic_signals" v="signal"/>
    <tag k="traffic_signals:direction" v="forward"/>
  </node>
  <node id="8815680505" lat="40.4467885" lon="-79.9489636">
    <tag k="highway" v="traffic_signals"/>
    <tag k="traffic_signals" v="traffic_lights"/>
    <tag k="traffic_signals:direction" v="backward"/>
  </node>
  <node id="8815680506" lat="40.4471228" lon="-79.9490915">
    <tag k="highway" v="traffic_signals"/>
    <tag k="traffic_signals" v="signal"/>
    <tag k="traffic_signals:direction" v="backward"/>
  </node>
  <node id="8838069245" lat="40.4486859" lon="-79.9522882"/>
  <node id="8838069250" lat="40.4487447" lon="-79.9528955"/>
  <node id="8934181476" lat="40.4436746" lon="-79.9608994"/>
  <node id="8939923259" lat="40.4507315" lon="-79.9550148">
    <tag k="button_operated" v="yes"/>
    <tag k="check_date:traffic_signals:vibration" v="2026-08-13"/>
    <tag k="crossing" v="traffic_signals"/>
    <tag k="crossing:island" v="no"/>
    <tag k="highway" v="crossing"/>
    <tag k="tactile_paving" v="yes"/>
    <tag k="traffic_signals:sound" v="yes"/>
    <tag k="traffic_signals:vibration" v="no"/>
  </node>
  <node id="8939923266" lat="40.4483688" lon="-79.9566174">
    <tag k="direction" v="forward"/>
    <tag k="highway" v="stop"/>
  </node>
  <node id="8939923293" lat="40.4492823" lon="-79.9555802"/>
  <node id="8939923294" lat="40.4476779" lon="-79.9536768">
    <tag k="button_operated" v="no"/>
    <tag k="check_date:traffic_signals:vibration" v="2026-08-10"/>
    <tag k="crossing" v="traffic_signals"/>
    <tag k="crossing:island" v="no"/>
    <tag k="highway" v="crossing"/>
    <tag k="tactile_paving" v="yes"/>
    <tag k="traffic_signals:sound" v="no"/>
    <tag k="traffic_signals:vibration" v="no"/>
  </node>
  <node id="8939923295" lat="40.4476770" lon="-79.9538116">
    <tag k="button_operated" v="no"/>
    <tag k="check_date:traffic_signals:vibration" v="2026-08-10"/>
    <tag k="crossing" v="traffic_signals"/>
    <tag k="crossing:island" v="no"/>
    <tag k="highway" v="crossing"/>
    <tag k="tactile_paving" v="yes"/>
    <tag k="traffic_signals:sound" v="no"/>
    <tag k="traffic_signals:vibration" v="no"/>
  </node>
  <node id="8939923296" lat="40.4491178" lon="-79.9557213"/>
  <node id="8939923298" lat="40.4491452" lon="-79.9556491">
    <tag k="crossing" v="marked"/>
    <tag k="crossing:island" v="no"/>
    <tag k="crossing:markings" v="zebra"/>
    <tag k="highway" v="crossing"/>
    <tag k="tactile_paving" v="no"/>
  </node>
  <node id="8939923299" lat="40.4491962" lon="-79.9555684"/>
  <node id="8939943938" lat="40.4490357" lon="-79.9554870"/>
  <node id="8939943939" lat="40.4493546" lon="-79.9555695"/>
  <node id="8939943940" lat="40.4495013" lon="-79.9555158"/>
  <node id="8939943941" lat="40.4493184" lon="-79.9555762"/>
  <node id="8939943942" lat="40.4490040" lon="-79.9554605"/>
  <node id="8939943943" lat="40.4484881" lon="-79.9548255"/>
  <node id="8939943993" lat="40.4494830" lon="-79.9511643"/>
  <node id="8939943998" lat="40.4489304" lon="-79.9518160">
    <tag k="direction" v="forward"/>
    <tag k="highway" v="stop"/>
  </node>
  <node id="8939943999" lat="40.4511952" lon="-79.9540032">
    <tag k="direction" v="forward"/>
    <tag k="highway" v="stop"/>
  </node>
  <node id="8939944024" lat="40.4512231" lon="-79.9540155">
    <tag k="crossing" v="marked"/>
    <tag k="crossing:island" v="no"/>
    <tag k="crossing:markings" v="zebra"/>
    <tag k="highway" v="crossing"/>
    <tag k="tactile_paving" v="yes"/>
  </node>
  <node id="8942919353" lat="40.4478396" lon="-79.9573820">
    <tag k="crossing" v="unmarked"/>
    <tag k="crossing:island" v="no"/>
    <tag k="crossing:markings" v="no"/>
    <tag k="highway" v="crossing"/>
    <tag k="tactile_paving" v="yes"/>
  </node>
  <node id="8942919367" lat="40.4462948" lon="-79.9555818">
    <tag k="crossing" v="marked"/>
    <tag k="crossing:island" v="no"/>
    <tag k="crossing:markings" v="zebra"/>
    <tag k="highway" v="crossing"/>
    <tag k="tactile_paving" v="yes"/>
  </node>
  <node id="8942919371" lat="40.4463799" lon="-79.9555988">
    <tag k="crossing" v="marked"/>
    <tag k="crossing:island" v="no"/>
    <tag k="crossing:markings" v="zebra"/>
    <tag k="highway" v="crossing"/>
    <tag k="tactile_paving" v="yes"/>
  </node>
  <node id="8942919405" lat="40.4483906" lon="-79.9566439">
    <tag k="crossing" v="unmarked"/>
    <tag k="crossing:island" v="no"/>
    <tag k="crossing:markings" v="no"/>
    <tag k="highway" v="crossing"/>
    <tag k="tactile_paving" v="yes"/>
  </node>
  <node id="8942919627" lat="40.4469170" lon="-79.9548495">
    <tag k="crossing" v="unmarked"/>
    <tag k="crossing:island" v="no"/>
    <tag k="crossing:markings" v="no"/>
    <tag k="highway" v="crossing"/>
    <tag k="tactile_paving" v="yes"/>
  </node>
  <node id="8942919629" lat="40.4468431" lon="-79.9548249">
    <tag k="crossing" v="marked"/>
    <tag k="crossing:island" v="no"/>
    <tag k="crossing:markings" v="zebra"/>
    <tag k="highway" v="crossing"/>
    <tag k="tactile_paving" v="yes"/>
  </node>
  <node id="9122481625" lat="40.4378332" lon="-79.9410994"/>
  <node id="9122481626" lat="40.4377604" lon="-79.9409317"/>
  <node id="9122481628" lat="40.4377921" lon="-79.9412698"/>
  <node id="9124394398" lat="40.4452549" lon="-79.9503824">
    <tag k="direction" v="forward"/>
    <tag k="highway" v="stop"/>
  </node>
  <node id="9124394399" lat="40.4451485" lon="-79.9504890">
    <tag k="direction" v="forward"/>
    <tag k="highway" v="stop"/>
  </node>
  <node id="9124394400" lat="40.4450886" lon="-79.9503595">
    <tag k="direction" v="backward"/>
    <tag k="highway" v="stop"/>
  </node>
  <node id="9124394401" lat="40.4451711" lon="-79.9502867">
    <tag k="direction" v="backward"/>
    <tag k="highway" v="stop"/>
  </node>
  <node id="9124394404" lat="40.4458291" lon="-79.9488424"/>
  <node id="9124394405" lat="40.4457134" lon="-79.9503599">
    <tag k="crossing" v="unmarked"/>
    <tag k="crossing:markings" v="no"/>
    <tag k="highway" v="crossing"/>
  </node>
  <node id="9246405699" lat="40.4446435" lon="-79.9433469"/>
  <node id="9246405700" lat="40.4446434" lon="-79.9435367"/>
  <node id="9252767333" lat="40.4446394" lon="-79.9431338">
    <tag k="button_operated" v="yes"/>
    <tag k="crossing" v="traffic_signals"/>
    <tag k="crossing:island" v="no"/>
    <tag k="highway" v="crossing"/>
    <tag k="tactile_paving" v="yes"/>
    <tag k="traffic_signals:sound" v="yes"/>
    <tag k="traffic_signals:vibration" v="no"/>
  </node>
  <node id="9294383871" lat="40.4484806" lon="-79.9460068"/>
  <node id="9323256370" lat="40.4473762" lon="-79.9441734">
    <tag k="crossing" v="unmarked"/>
    <tag k="crossing:island" v="no"/>
    <tag k="crossing:markings" v="no"/>
    <tag k="highway" v="crossing"/>
    <tag k="tactile_paving" v="no"/>
  </node>
  <node id="9323272979" lat="40.4472053" lon="-79.9454447">
    <tag k="button_operated" v="yes"/>
    <tag k="crossing" v="traffic_signals"/>
    <tag k="crossing:island" v="no"/>
    <tag k="crossing:markings" v="zebra"/>
    <tag k="highway" v="crossing"/>
    <tag k="tactile_paving" v="yes"/>
    <tag k="traffic_signals:sound" v="yes"/>
    <tag k="traffic_signals:vibration" v="no"/>
  </node>
  <node id="9323272980" lat="40.4473235" lon="-79.9453892">
    <tag k="button_operated" v="yes"/>
    <tag k="crossing" v="traffic_signals"/>
    <tag k="crossing:markings" v="zebra"/>
    <tag k="highway" v="crossing"/>
    <tag k="tactile_paving" v="yes"/>
    <tag k="traffic_signals:sound" v="yes"/>
    <tag k="traffic_signals:vibration" v="no"/>
  </node>
  <node id="9323272981" lat="40.4472190" lon="-79.9452750">
    <tag k="button_operated" v="yes"/>
    <tag k="crossing" v="traffic_signals"/>
    <tag k="crossing:island" v="no"/>
    <tag k="crossing:markings" v="zebra"/>
    <tag k="highway" v="crossing"/>
    <tag k="tactile_paving" v="yes"/>
    <tag k="traffic_signals:sound" v="yes"/>
    <tag k="traffic_signals:vibration" v="no"/>
  </node>
  <node id="9342273407" lat="40.4474201" lon="-79.9425553">
    <tag k="crossing" v="traffic_signals"/>
    <tag k="crossing:island" v="no"/>
    <tag k="highway" v="crossing"/>
    <tag k="tactile_paving" v="yes"/>
  </node>
  <node id="9385994293" lat="40.4441524" lon="-79.9502264">
    <tag k="crossing" v="marked"/>
    <tag k="crossing:island" v="no"/>
    <tag k="crossing:markings" v="zebra"/>
    <tag k="highway" v="crossing"/>
    <tag k="tactile_paving" v="yes"/>
  </node>
  <node id="9438266116" lat="40.4488653" lon="-79.9467360">
    <tag k="crossing" v="marked"/>
    <tag k="crossing:island" v="no"/>
    <tag k="crossing:markings" v="lines"/>
    <tag k="highway" v="crossing"/>
    <tag k="tactile_paving" v="yes"/>
  </node>
  <node id="9438325409" lat="40.4480430" lon="-79.9476196">
    <tag k="crossing" v="marked"/>
    <tag k="crossing:island" v="no"/>
    <tag k="crossing:markings" v="zebra"/>
    <tag k="highway" v="crossing"/>
    <tag k="tactile_paving" v="yes"/>
  </node>
  <node id="9438325412" lat="40.4481137" lon="-79.9477352">
    <tag k="crossing" v="marked"/>
    <tag k="crossing:island" v="no"/>
    <tag k="crossing:markings" v="zebra"/>
    <tag k="highway" v="crossing"/>
    <tag k="tactile_paving" v="yes"/>
  </node>
  <node id="9438347533" lat="40.4468351" lon="-79.9489691">
    <tag k="button_operated" v="yes"/>
    <tag k="crossing" v="traffic_signals"/>
    <tag k="crossing:island" v="no"/>
    <tag k="highway" v="crossing"/>
    <tag k="tactile_paving" v="no"/>
    <tag k="traffic_signals:sound" v="yes"/>
    <tag k="traffic_signals:vibration" v="no"/>
  </node>
  <node id="9438347543" lat="40.4469656" lon="-79.9488526">
    <tag k="button_operated" v="yes"/>
    <tag k="crossing" v="traffic_signals"/>
    <tag k="crossing:island" v="no"/>
    <tag k="highway" v="crossing"/>
    <tag k="tactile_paving" v="yes"/>
    <tag k="traffic_signals:sound" v="yes"/>
    <tag k="traffic_signals:vibration" v="no"/>
  </node>
  <node id="9438347553" lat="40.4470517" lon="-79.9490486">
    <tag k="button_operated" v="yes"/>
    <tag k="crossing" v="traffic_signals"/>
    <tag k="crossing:island" v="no"/>
    <tag k="highway" v="crossing"/>
    <tag k="tactile_paving" v="yes"/>
    <tag k="traffic_signals:sound" v="yes"/>
    <tag k="traffic_signals:vibration" v="no"/>
  </node>
  <node id="9438347556" lat="40.4469234" lon="-79.9491459">
    <tag k="button_operated" v="yes"/>
    <tag k="crossing" v="traffic_signals"/>
    <tag k="crossing:island" v="no"/>
    <tag k="highway" v="crossing"/>
    <tag k="tactile_paving" v="no"/>
    <tag k="traffic_signals:sound" v="yes"/>
    <tag k="traffic_signals:vibration" v="no"/>
  </node>
  <node id="9438347560" lat="40.4471723" lon="-79.9473249">
    <tag k="button_operated" v="no"/>
    <tag k="crossing" v="traffic_signals"/>
    <tag k="crossing:island" v="no"/>
    <tag k="crossing:markings" v="zebra"/>
    <tag k="highway" v="crossing"/>
    <tag k="tactile_paving" v="no"/>
    <tag k="traffic_signals:sound" v="yes"/>
    <tag k="traffic_signals:vibration" v="no"/>
  </node>
  <node id="9438347563" lat="40.4470761" lon="-79.9472066">
    <tag k="button_operated" v="yes"/>
    <tag k="crossing" v="traffic_signals"/>
    <tag k="crossing:island" v="no"/>
    <tag k="crossing:markings" v="zebra"/>
    <tag k="highway" v="crossing"/>
    <tag k="tactile_paving" v="no"/>
    <tag k="traffic_signals:sound" v="yes"/>
    <tag k="traffic_signals:vibration" v="no"/>
  </node>
  <node id="9438347570" lat="40.4469995" lon="-79.9472507">
    <tag k="button_operated" v="no"/>
    <tag k="crossing" v="traffic_signals"/>
    <tag k="crossing:island" v="no"/>
    <tag k="crossing:markings" v="zebra"/>
    <tag k="highway" v="crossing"/>
    <tag k="tactile_paving" v="no"/>
    <tag k="traffic_signals:sound" v="yes"/>
    <tag k="traffic_signals:vibration" v="no"/>
  </node>
  <node id="9438347593" lat="40.4470315" lon="-79.9483043"/>
  <node id="9438369519" lat="40.4488632" lon="-79.9466340">
    <tag k="crossing" v="marked"/>
    <tag k="crossing:markings" v="lines"/>
    <tag k="highway" v="crossing"/>
    <tag k="tactile_paving" v="yes"/>
  </node>
  <node id="9438374930" lat="40.4503900" lon="-79.9449931">
    <tag k="button_operated" v="no"/>
    <tag k="crossing" v="uncontrolled"/>
    <tag k="crossing:island" v="no"/>
    <tag k="crossing:markings" v="lines"/>
    <tag k="highway" v="crossing"/>
    <tag k="tactile_paving" v="yes"/>
    <tag k="traffic_signals:sound" v="no"/>
    <tag k="traffic_signals:vibration" v="no"/>
  </node>
  <node id="9508164078" lat="40.4365461" lon="-79.9555461">
    <tag k="crossing" v="unmarked"/>
    <tag k="crossing:island" v="no"/>
    <tag k="crossing:markings" v="no"/>
    <tag k="highway" v="crossing"/>
    <tag k="tactile_paving" v="no"/>
  </node>
  <node id="9508164080" lat="40.4366527" lon="-79.9555558">
    <tag k="crossing" v="unmarked"/>
    <tag k="crossing:island" v="no"/>
    <tag k="crossing:markings" v="no"/>
    <tag k="highway" v="crossing"/>
    <tag k="tactile_paving" v="no"/>
  </node>
  <node id="9508164103" lat="40.4383434" lon="-79.9577658">
    <tag k="crossing" v="marked"/>
    <tag k="crossing:markings" v="lines"/>
    <tag k="highway" v="crossing"/>
  </node>
  <node id="9508164104" lat="40.4383406" lon="-79.9576573">
    <tag k="crossing" v="marked"/>
    <tag k="crossing:markings" v="lines"/>
    <tag k="highway" v="crossing"/>
  </node>
  <node id="9508164106" lat="40.4384417" lon="-79.9576427">
    <tag k="crossing" v="marked"/>
    <tag k="crossing:markings" v="lines"/>
    <tag k="highway" v="crossing"/>
  </node>
  <node id="9508164114" lat="40.4384313" lon="-79.9577691">
    <tag k="crossing" v="marked"/>
    <tag k="crossing:markings" v="lines"/>
    <tag k="highway" v="crossing"/>
  </node>
  <node id="9641485233" lat="40.4384008" lon="-79.9613326">
    <tag k="crossing" v="traffic_signals"/>
    <tag k="crossing:markings" v="zebra"/>
    <tag k="highway" v="crossing"/>
    <tag k="tactile_paving" v="yes"/>
  </node>
  <node id="9641485274" lat="40.4377888" lon="-79.9585689">
    <tag k="crossing" v="unmarked"/>
    <tag k="crossing:markings" v="no"/>
    <tag k="highway" v="crossing"/>
  </node>
  <node id="9641485290" lat="40.4384181" lon="-79.9611818">
    <tag k="crossing" v="traffic_signals"/>
    <tag k="crossing:island" v="no"/>
    <tag k="crossing:markings" v="zebra"/>
    <tag k="highway" v="crossing"/>
    <tag k="tactile_paving" v="yes"/>
  </node>
  <node id="9641485294" lat="40.4371149" lon="-79.9594663">
    <tag k="crossing" v="unmarked"/>
    <tag k="crossing:markings" v="no"/>
    <tag k="highway" v="crossing"/>
  </node>
  <node id="9641485316" lat="40.4377081" lon="-79.9585892">
    <tag k="crossing" v="marked"/>
    <tag k="crossing:markings" v="lines"/>
    <tag k="highway" v="crossing"/>
  </node>
  <node id="9641486822" lat="40.4379418" lon="-79.9583653"/>
  <node id="9641486823" lat="40.4376948" lon="-79.9586705">
    <tag k="crossing" v="marked"/>
    <tag k="crossing:markings" v="lines"/>
    <tag k="highway" v="crossing"/>
  </node>
  <node id="9641486835" lat="40.4378020" lon="-79.9587058">
    <tag k="crossing" v="marked"/>
    <tag k="crossing:markings" v="lines"/>
    <tag k="highway" v="crossing"/>
  </node>
  <node id="9641486862" lat="40.4385289" lon="-79.9613184">
    <tag k="crossing" v="traffic_signals"/>
    <tag k="crossing:island" v="no"/>
    <tag k="crossing:markings" v="zebra"/>
    <tag k="highway" v="crossing"/>
    <tag k="tactile_paving" v="yes"/>
  </node>
  <node id="9641486881" lat="40.4411970" lon="-79.9594775">
    <tag k="crossing" v="uncontrolled"/>
    <tag k="crossing:island" v="no"/>
    <tag k="crossing:markings" v="zebra"/>
    <tag k="highway" v="crossing"/>
    <tag k="tactile_paving" v="yes"/>
  </node>
  <node id="9641486895" lat="40.4405988" lon="-79.9601014">
    <tag k="crossing" v="traffic_signals"/>
    <tag k="crossing:markings" v="zebra"/>
    <tag k="highway" v="crossing"/>
    <tag k="tactile_paving" v="yes"/>
  </node>
  <node id="9641486899" lat="40.4403939" lon="-79.9601827">
    <tag k="crossing" v="traffic_signals"/>
    <tag k="crossing:island" v="no"/>
    <tag k="crossing:markings" v="zebra"/>
    <tag k="highway" v="crossing"/>
    <tag k="tactile_paving" v="yes"/>
  </node>
  <node id="9641486902" lat="40.4385186" lon="-79.9611724">
    <tag k="button_operated" v="yes"/>
    <tag k="crossing" v="traffic_signals"/>
    <tag k="crossing:markings" v="zebra"/>
    <tag k="highway" v="crossing"/>
    <tag k="tactile_paving" v="yes"/>
    <tag k="traffic_signals:sound" v="yes"/>
    <tag k="traffic_signals:vibration" v="no"/>
  </node>
  <node id="9641486905" lat="40.4390591" lon="-79.9602573">
    <tag k="crossing" v="marked"/>
    <tag k="crossing:island" v="no"/>
    <tag k="crossing:markings" v="zebra"/>
    <tag k="highway" v="crossing"/>
    <tag k="tactile_paving" v="yes"/>
  </node>
  <node id="9641486949" lat="40.4397295" lon="-79.9595083">
    <tag k="crossing" v="traffic_signals"/>
    <tag k="crossing:markings" v="zebra"/>
    <tag k="highway" v="crossing"/>
  </node>
  <node id="9641486952" lat="40.4398118" lon="-79.9594883">
    <tag k="crossing" v="traffic_signals"/>
    <tag k="crossing:markings" v="zebra"/>
    <tag k="highway" v="crossing"/>
  </node>
  <node id="9678287387" lat="40.4372456" lon="-79.9629015">
    <tag k="bus" v="yes"/>
    <tag k="public_transport" v="stop_position"/>
  </node>
  <node id="9678425838" lat="40.4391338" lon="-79.9620939">
    <tag k="highway" v="traffic_signals"/>
    <tag k="traffic_signals" v="signal"/>
  </node>
  <node id="9883338934" lat="40.4446002" lon="-79.9447845">
    <tag k="highway" v="traffic_signals"/>
    <tag k="traffic_signals" v="pedestrian_crossing"/>
  </node>
  <node id="9914627488" lat="40.4449193" lon="-79.9553976"/>
  <node id="9991869970" lat="40.4503361" lon="-79.9487159">
    <tag k="button_operated" v="no"/>
    <tag k="crossing" v="traffic_signals"/>
    <tag k="crossing:island" v="no"/>
    <tag k="crossing:markings" v="zebra"/>
    <tag k="highway" v="crossing"/>
    <tag k="tactile_paving" v="yes"/>
    <tag k="traffic_signals:sound" v="no"/>
    <tag k="traffic_signals:vibration" v="no"/>
  </node>
  <node id="10046281751" lat="40.4366674" lon="-79.9555732">
    <tag k="direction" v="forward"/>
    <tag k="highway" v="stop"/>
  </node>
  <node id="10258068132" lat="40.4487821" lon="-79.9521547"/>
  <node id="10282715443" lat="40.4390618" lon="-79.9619988">
    <tag k="crossing:island" v="no"/>
    <tag k="crossing:markings" v="yes"/>
    <tag k="crossing:signals" v="no"/>
    <tag k="highway" v="crossing"/>
  </node>
  <node id="10282715461" lat="40.4394028" lon="-79.9617962">
    <tag k="crossing" v="unmarked"/>
    <tag k="crossing:island" v="no"/>
    <tag k="crossing:markings" v="no"/>
    <tag k="highway" v="crossing"/>
    <tag k="tactile_paving" v="yes"/>
  </node>
  <node id="10282715462" lat="40.4391978" lon="-79.9620069">
    <tag k="crossing:signals" v="yes"/>
    <tag k="highway" v="crossing"/>
    <tag k="tactile_paving" v="yes"/>
  </node>
  <node id="10282732492" lat="40.4411978" lon="-79.9612427">
    <tag k="highway" v="crossing"/>
  </node>
  <node id="10282732497" lat="40.4419296" lon="-79.9627672">
    <tag k="crossing" v="traffic_signals"/>
    <tag k="crossing:markings" v="zebra"/>
    <tag k="crossing:signals" v="yes"/>
    <tag k="highway" v="crossing"/>
  </node>
  <node id="10307730379" lat="40.4463049" lon="-79.9495854"/>
  <node id="10576201831" lat="40.4494746" lon="-79.9483331"/>
  <node id="10576201837" lat="40.4497953" lon="-79.9484751"/>
  <node id="10576201838" lat="40.4494106" lon="-79.9483047"/>
  <node id="10862658794" lat="40.4410000" lon="-79.9445939"/>
  <node id="10925313601" lat="40.4385930" lon="-79.9438311"/>
  <node id="11028356482" lat="40.4487719" lon="-79.9588032"/>
  <node id="11028356485" lat="40.4483765" lon="-79.9585265"/>
  <node id="11028356486" lat="40.4487793" lon="-79.9579797"/>
  <node id="11028356489" lat="40.4493689" lon="-79.9575310"/>
  <node id="11028356492" lat="40.4495204" lon="-79.9568959"/>
  <node id="11028367311" lat="40.4502210" lon="-79.9579595"/>
  <node id="11028367314" lat="40.4461931" lon="-79.9569821"/>
  <node id="11028367316" lat="40.4460842" lon="-79.9558751"/>
  <node id="11028367319" lat="40.4502879" lon="-79.9535963"/>
  <node id="11028367320" lat="40.4493695" lon="-79.9531784"/>
  <node id="11028367321" lat="40.4505110" lon="-79.9536962"/>
  <node id="11144920519" lat="40.4493058" lon="-79.9462787"/>
  <node id="11204971786" lat="40.4459905" lon="-79.9612448"/>
  <node id="11302065263" lat="40.4452860" lon="-79.9487121">
    <tag k="direction" v="backward"/>
    <tag k="highway" v="stop"/>
    <tag k="stop" v="minor"/>
  </node>
  <node id="11541375160" lat="40.4491432" lon="-79.9555503">
    <tag k="crossing" v="marked"/>
    <tag k="crossing:island" v="no"/>
    <tag k="crossing:markings" v="zebra"/>
    <tag k="highway" v="crossing"/>
    <tag k="tactile_paving" v="no"/>
  </node>
  <node id="11541375162" lat="40.4483848" lon="-79.9585155">
    <tag k="crossing" v="marked"/>
    <tag k="crossing:markings" v="zebra"/>
    <tag k="highway" v="crossing"/>
  </node>
  <node id="11591344552" lat="40.4398279" lon="-79.9593665">
    <tag k="crossing" v="traffic_signals"/>
    <tag k="crossing:markings" v="zebra"/>
    <tag k="highway" v="crossing"/>
  </node>
  <node id="11591344553" lat="40.4397268" lon="-79.9593784">
    <tag k="crossing" v="traffic_signals"/>
    <tag k="crossing:markings" v="zebra"/>
    <tag k="highway" v="crossing"/>
  </node>
  <node id="11769625404" lat="40.4446194" lon="-79.9466950">
    <tag k="highway" v="crossing"/>
  </node>
  <node id="11844997311" lat="40.4445481" lon="-79.9461086">
    <tag k="crossing" v="traffic_signals"/>
    <tag k="highway" v="crossing"/>
  </node>
  <node id="11844998213" lat="40.4452365" lon="-79.9487701">
    <tag k="crossing" v="uncontrolled"/>
    <tag k="crossing:island" v="no"/>
    <tag k="highway" v="crossing"/>
    <tag k="tactile_paving" v="yes"/>
  </node>
  <node id="11844998214" lat="40.4445296" lon="-79.9486858">
    <tag k="button_operated" v="yes"/>
    <tag k="crossing" v="traffic_signals"/>
    <tag k="crossing:island" v="no"/>
    <tag k="crossing:markings" v="zebra"/>
    <tag k="highway" v="crossing"/>
    <tag k="tactile_paving" v="yes"/>
    <tag k="traffic_signals:sound" v="yes"/>
    <tag k="traffic_signals:vibration" v="no"/>
  </node>
  <node id="11844998215" lat="40.4444194" lon="-79.9487753">
    <tag k="crossing" v="traffic_signals"/>
    <tag k="crossing:island" v="no"/>
    <tag k="crossing:markings" v="zebra"/>
    <tag k="highway" v="crossing"/>
    <tag k="tactile_paving" v="yes"/>
  </node>
  <node id="11845004705" lat="40.4452751" lon="-79.9488673">
    <tag k="crossing" v="unmarked"/>
    <tag k="crossing:markings" v="no"/>
    <tag k="highway" v="crossing"/>
    <tag k="tactile_paving" v="yes"/>
  </node>
  <node id="11845004711" lat="40.4453286" lon="-79.9487813">
    <tag k="crossing" v="uncontrolled"/>
    <tag k="crossing:island" v="no"/>
    <tag k="highway" v="crossing"/>
    <tag k="tactile_paving" v="yes"/>
  </node>
  <node id="11845004712" lat="40.4452867" lon="-79.9487001">
    <tag k="crossing" v="uncontrolled"/>
    <tag k="crossing:island" v="no"/>
    <tag k="highway" v="crossing"/>
    <tag k="tactile_paving" v="yes"/>
  </node>
  <node id="11931668220" lat="40.4401280" lon="-79.9551781"/>
  <node id="11934745977" lat="40.4451148" lon="-79.9583687">
    <tag k="access" v="no"/>
    <tag k="barrier" v="gate"/>
  </node>
  <node id="12009176846" lat="40.4447515" lon="-79.9632147"/>
  <node id="12100111876" lat="40.4444644" lon="-79.9485455">
    <tag k="crossing" v="traffic_signals"/>
    <tag k="crossing:island" v="no"/>
    <tag k="crossing:markings" v="zebra"/>
    <tag k="highway" v="crossing"/>
    <tag k="tactile_paving" v="yes"/>
  </node>
  <node id="12101754226" lat="40.4445427" lon="-79.9486871"/>
  <node id="12172299444" lat="40.4458352" lon="-79.9487580">
    <tag k="crossing" v="unmarked"/>
    <tag k="crossing:island" v="no"/>
    <tag k="crossing:markings" v="no"/>
    <tag k="highway" v="crossing"/>
    <tag k="tactile_paving" v="yes"/>
  </node>
  <node id="12172299445" lat="40.4463712" lon="-79.9488179">
    <tag k="crossing:island" v="no"/>
    <tag k="crossing:markings" v="yes"/>
    <tag k="crossing:signals" v="no"/>
    <tag k="highway" v="crossing"/>
    <tag k="tactile_paving" v="yes"/>
  </node>
  <node id="12172299449" lat="40.4465072" lon="-79.9471162">
    <tag k="crossing:island" v="no"/>
    <tag k="crossing:markings" v="no"/>
    <tag k="crossing:signals" v="no"/>
    <tag k="highway" v="crossing"/>
  </node>
  <node id="12172299451" lat="40.4459685" lon="-79.9468839">
    <tag k="crossing" v="uncontrolled"/>
    <tag k="crossing:island" v="no"/>
    <tag k="highway" v="crossing"/>
    <tag k="tactile_paving" v="yes"/>
  </node>
  <node id="12172299456" lat="40.4458706" lon="-79.9488478">
    <tag k="crossing" v="unmarked"/>
    <tag k="crossing:island" v="no"/>
    <tag k="crossing:markings" v="no"/>
    <tag k="highway" v="crossing"/>
  </node>
  <node id="12172299457" lat="40.4457851" lon="-79.9488373">
    <tag k="crossing" v="unmarked"/>
    <tag k="crossing:island" v="no"/>
    <tag k="crossing:markings" v="no"/>
    <tag k="highway" v="crossing"/>
  </node>
  <node id="12172299458" lat="40.4458367" lon="-79.9487391">
    <tag k="direction" v="backward"/>
    <tag k="highway" v="stop"/>
  </node>
  <node id="12189745130" lat="40.4415031" lon="-79.9471722"/>
  <node id="12321294533" lat="40.4403827" lon="-79.9570059">
    <tag k="crossing" v="uncontrolled"/>
    <tag k="crossing:island" v="no"/>
    <tag k="highway" v="crossing"/>
    <tag k="tactile_paving" v="yes"/>
  </node>
  <node id="12569515925" lat="40.4459184" lon="-79.9592563"/>
  <node id="12569515926" lat="40.4458389" lon="-79.9592971"/>
  <node id="12569515928" lat="40.4462281" lon="-79.9591607"/>
  <node id="12569515929" lat="40.4454888" lon="-79.9592402"/>
  <node id="12569515930" lat="40.4449728" lon="-79.9594726"/>
  <node id="12569515931" lat="40.4456693" lon="-79.9591691"/>
  <node id="12569515932" lat="40.4459837" lon="-79.9590949"/>
  <node id="12569515933" lat="40.4460313" lon="-79.9591440"/>
  <node id="12569705756" lat="40.4466799" lon="-79.9575748"/>
  <node id="12569705758" lat="40.4470151" lon="-79.9579892"/>
  <node id="12569705760" lat="40.4471133" lon="-79.9581010"/>
  <node id="12569705762" lat="40.4473003" lon="-79.9581630"/>
  <node id="12569705764" lat="40.4472185" lon="-79.9581659"/>
  <node id="12569705765" lat="40.4474211" lon="-79.9580922"/>
  <node id="12569705767" lat="40.4475118" lon="-79.9579599"/>
  <node id="12569705769" lat="40.4478210" lon="-79.9575286"/>
  <node id="12569705778" lat="40.4501179" lon="-79.9552661"/>
  <node id="12569705782" lat="40.4496965" lon="-79.9554368"/>
  <node id="12569705784" lat="40.4497509" lon="-79.9554147"/>
  <node id="12572003663" lat="40.4464005" lon="-79.9591204"/>
  <node id="12572003664" lat="40.4467225" lon="-79.9590475"/>
  <node id="12572003665" lat="40.4451935" lon="-79.9582235"/>
  <node id="12572003668" lat="40.4475954" lon="-79.9589105"/>
  <node id="12572003680" lat="40.4465176" lon="-79.9573746"/>
  <node id="12643533647" lat="40.4372122" lon="-79.9499362"/>
  <node id="12716773648" lat="40.4436736" lon="-79.9608704"/>
  <node id="12716773649" lat="40.4434568" lon="-79.9604019"/>
  <node id="12802178402" lat="40.4452218" lon="-79.9600324"/>
  <node id="12802178403" lat="40.4458124" lon="-79.9593130"/>
  <node id="12824107146" lat="40.4456524" lon="-79.9604406"/>
  <node id="12824107147" lat="40.4455474" lon="-79.9606188"/>
  <node id="12824107148" lat="40.4454989" lon="-79.9608007"/>
  <node id="12824107149" lat="40.4454959" lon="-79.9621826"/>
  <node id="12824107150" lat="40.4455447" lon="-79.9618945"/>
  <node id="12824107151" lat="40.4455452" lon="-79.9615139"/>
  <node id="12824107152" lat="40.4452852" lon="-79.9627007"/>
  <node id="12824107153" lat="40.4453965" lon="-79.9624756"/>
  <node id="12824107154" lat="40.4456387" lon="-79.9612961"/>
  <node id="12824107155" lat="40.4454804" lon="-79.9610333"/>
  <node id="13103066222" lat="40.4376713" lon="-79.9521859">
    <tag k="direction" v="forward"/>
    <tag k="highway" v="stop"/>
  </node>
  <node id="13103066223" lat="40.4378725" lon="-79.9522355">
    <tag k="direction" v="forward"/>
    <tag k="highway" v="stop"/>
  </node>
  <node id="13103066224" lat="40.4378920" lon="-79.9520936">
    <tag k="direction" v="backward"/>
    <tag k="highway" v="stop"/>
  </node>
  <node id="13113311062" lat="40.4360909" lon="-79.9560244">
    <tag k="direction" v="backward"/>
    <tag k="highway" v="stop"/>
  </node>
  <node id="13113469310" lat="40.4395287" lon="-79.9536605"/>
  <node id="13113469321" lat="40.4407054" lon="-79.9541855">
    <tag k="direction" v="backward"/>
    <tag k="highway" v="stop"/>
  </node>
  <node id="13113469322" lat="40.4408569" lon="-79.9544546">
    <tag k="direction" v="forward"/>
    <tag k="highway" v="stop"/>
  </node>
  <node id="13113482830" lat="40.4368621" lon="-79.9535005">
    <tag k="crossing" v="unmarked"/>
    <tag k="crossing:island" v="no"/>
    <tag k="crossing:markings" v="no"/>
    <tag k="highway" v="crossing"/>
    <tag k="tactile_paving" v="yes"/>
  </node>
  <node id="13113482835" lat="40.4372874" lon="-79.9540950">
    <tag k="crossing" v="unmarked"/>
    <tag k="crossing:markings" v="no"/>
    <tag k="highway" v="crossing"/>
  </node>
  <node id="13113482843" lat="40.4372870" lon="-79.9530034">
    <tag k="crossing" v="unmarked"/>
    <tag k="crossing:island" v="no"/>
    <tag k="crossing:markings" v="no"/>
    <tag k="highway" v="crossing"/>
    <tag k="tactile_paving" v="yes"/>
  </node>
  <node id="13113482847" lat="40.4363378" lon="-79.9527517"/>
  <node id="13113482861" lat="40.4375726" lon="-79.9546009">
    <tag k="crossing" v="uncontrolled"/>
    <tag k="crossing:markings" v="no"/>
    <tag k="highway" v="crossing"/>
    <tag k="tactile_paving" v="yes"/>
  </node>
  <node id="13137662715" lat="40.4494231" lon="-79.9575002"/>
  <node id="13137662794" lat="40.4482772" lon="-79.9587858">
    <tag k="highway" v="crossing"/>
  </node>
  <node id="13137662797" lat="40.4482583" lon="-79.9586292">
    <tag k="highway" v="crossing"/>
  </node>
  <node id="13137705109" lat="40.4488781" lon="-79.9637146"/>
  <node id="13137705240" lat="40.4490562" lon="-79.9576940">
    <tag k="highway" v="crossing"/>
  </node>
  <node id="13137705244" lat="40.4490799" lon="-79.9575261">
    <tag k="highway" v="crossing"/>
  </node>
  <node id="13137705272" lat="40.4486868" lon="-79.9615836">
    <tag k="crossing:island" v="no"/>
    <tag k="crossing:markings" v="no"/>
    <tag k="crossing:signals" v="no"/>
    <tag k="highway" v="crossing"/>
    <tag k="tactile_paving" v="yes"/>
  </node>
  <node id="13137705276" lat="40.4487589" lon="-79.9616436">
    <tag k="crossing:island" v="no"/>
    <tag k="crossing:signals" v="no"/>
    <tag k="highway" v="crossing"/>
  </node>
  <node id="13137705285" lat="40.4488095" lon="-79.9615231">
    <tag k="crossing:island" v="no"/>
    <tag k="crossing:markings" v="no"/>
    <tag k="crossing:signals" v="no"/>
    <tag k="highway" v="crossing"/>
    <tag k="tactile_paving" v="yes"/>
  </node>
  <node id="13137705286" lat="40.4489265" lon="-79.9614009"/>
  <node id="13137705300" lat="40.4488367" lon="-79.9587656"/>
  <node id="13364301400" lat="40.4413489" lon="-79.9463411">
    <tag k="crossing" v="uncontrolled"/>
    <tag k="crossing:markings" v="yes"/>
    <tag k="highway" v="crossing"/>
    <tag k="tactile_paving" v="yes"/>
  </node>
  <node id="13406051192" lat="40.4448518" lon="-79.9595170"/>
  <node id="13406051193" lat="40.4446342" lon="-79.9596501"/>
  <node id="13406051194" lat="40.4444704" lon="-79.9598268"/>
  <node id="13406051195" lat="40.4443394" lon="-79.9601131"/>
  <node id="13406051196" lat="40.4443035" lon="-79.9604894"/>
  <node id="13406054812" lat="40.4451688" lon="-79.9503048">
    <tag k="crossing" v="uncontrolled"/>
    <tag k="crossing:island" v="no"/>
    <tag k="crossing:markings" v="zebra"/>
    <tag k="highway" v="crossing"/>
    <tag k="tactile_paving" v="yes"/>
  </node>
  <node id="13406054828" lat="40.4425346" lon="-79.9621505">
    <tag k="crossing" v="uncontrolled"/>
    <tag k="crossing:markings" v="zebra"/>
    <tag k="crossing:markings:colour" v="white"/>
    <tag k="highway" v="crossing"/>
  </node>
  <node id="13419336561" lat="40.4414972" lon="-79.9469998">
    <tag k="crossing" v="uncontrolled"/>
    <tag k="highway" v="crossing"/>
    <tag k="tactile_paving" v="no"/>
  </node>
  <node id="13419337170" lat="40.4404238" lon="-79.9536721"/>
  <node id="13419398335" lat="40.4424896" lon="-79.9620583">
    <tag k="highway" v="stop"/>
  </node>
  <node id="13419398336" lat="40.4428702" lon="-79.9619085">
    <tag k="direction" v="forward"/>
    <tag k="highway" v="stop"/>
  </node>
  <node id="13420313000" lat="40.4412216" lon="-79.9595252">
    <tag k="highway" v="stop"/>
  </node>
  <node id="13991874214" lat="40.4490301" lon="-79.9481363"/>
  <node id="14002814581" lat="40.4444065" lon="-79.9599317"/>
  <node id="14002814582" lat="40.4443025" lon="-79.9604695"/>
  <node id="14002860728" lat="40.4442730" lon="-79.9583508"/>
  <node id="14002860730" lat="40.4442601" lon="-79.9583691"/>
  <node id="14002860732" lat="40.4437944" lon="-79.9590267"/>
  <node id="14002860735" lat="40.4437973" lon="-79.9590225"/>
  <node id="14040033910" lat="40.4449910" lon="-79.9586275"/>
  <node id="14046684592" lat="40.4443085" lon="-79.9602936"/>
  <node id="14046684593" lat="40.4443694" lon="-79.9600224"/>
  <node id="14046684594" lat="40.4445425" lon="-79.9597349"/>
  <node id="14046773109" lat="40.4420090" lon="-79.9530413"/>
  <node id="14046773110" lat="40.4420467" lon="-79.9530618"/>
  <node id="14046773111" lat="40.4420263" lon="-79.9530515"/>
  <node id="14046773112" lat="40.4419901" lon="-79.9530240"/>
  <node id="14075455714" lat="40.4388365" lon="-79.9571031"/>
  <node id="14082000793" lat="40.4445071" lon="-79.9486827"/>
  <node id="14082000796" lat="40.4441359" lon="-79.9502241"/>
  <node id="14082034042" lat="40.4445773" lon="-79.9467299"/>
  <node id="14082062806" lat="40.4439889" lon="-79.9507854">
    <tag k="crossing:signals" v="yes"/>
    <tag k="highway" v="crossing"/>
  </node>
  <node id="14082083312" lat="40.4444817" lon="-79.9547012"/>
  <node id="14086293854" lat="40.4432902" lon="-79.9531615"/>
  <node id="14086293855" lat="40.4436291" lon="-79.9518476"/>
  <node id="14130380570" lat="40.4401706" lon="-79.9473522"/>
  <way id="11683958">
    <nd ref="104507077"/>
    <nd ref="2173732951"/>
    <nd ref="8815680491"/>
    <nd ref="8483995148"/>
    <tag k="bicycle" v="designated"/>
    <tag k="cycleway:both" v="shared_lane"/>
    <tag k="cycleway:both:lane" v="pictogram"/>
    <tag k="highway" v="tertiary"/>
    <tag k="lanes" v="2"/>
    <tag k="lanes:backward" v="1"/>
    <tag k="lanes:forward" v="1"/>
    <tag k="lcn" v="yes"/>
    <tag k="lit" v="yes"/>
    <tag k="maxspeed" v="25 mph"/>
    <tag k="name" v="Schenley Drive Extension"/>
    <tag k="shoulder" v="no"/>
    <tag k="sidewalk" v="separate"/>
    <tag k="smoothness" v="good"/>
    <tag k="surface" v="asphalt"/>
    <tag k="tiger:cfcc" v="A41"/>
  </way>
  <way id="11687735">
    <nd ref="104548441"/>
    <nd ref="3215544585"/>
    <nd ref="104548449"/>
    <nd ref="104548454"/>
    <tag k="highway" v="residential"/>
    <tag k="name" v="Parkview Avenue"/>
    <tag k="sidewalk:both" v="separate"/>
    <tag k="tiger:cfcc" v="A41"/>
    <tag k="tiger:name_base" v="Parkview"/>
    <tag k="tiger:name_type" v="Ave"/>
    <tag k="tiger:reviewed" v="no"/>
    <tag k="tiger:zip_left" v="15213"/>
    <tag k="tiger:zip_left_1" v="15213"/>
    <tag k="tiger:zip_right" v="15213"/>
  </way>
  <way id="11690285">
    <nd ref="8099223727"/>
    <nd ref="104580909"/>
    <nd ref="7291969712"/>
    <nd ref="7291969713"/>
    <nd ref="104580920"/>
    <tag k="highway" v="residential"/>
    <tag k="maxspeed" v="25 mph"/>
    <tag k="name" v="Meyran Avenue"/>
    <tag k="sidewalk" v="separate"/>
    <tag k="surface" v="asphalt"/>
    <tag k="tiger:cfcc" v="A41"/>
    <tag k="tiger:name_base" v="Meyran"/>
    <tag k="tiger:name_type" v="Ave"/>
    <tag k="tiger:reviewed" v="no"/>
    <tag k="tiger:zip_left" v="15213"/>
    <tag k="tiger:zip_right" v="15213"/>
  </way>
  <way id="11694981">
    <nd ref="104639501"/>
    <nd ref="10282732497"/>
    <nd ref="6532024529"/>
    <nd ref="6532024527"/>
    <nd ref="6618544972"/>
    <nd ref="6773906037"/>
    <nd ref="6588765974"/>
    <nd ref="6588765972"/>
    <nd ref="104639490"/>
    <nd ref="6535959351"/>
    <nd ref="6532869441"/>
    <nd ref="6532869443"/>
    <nd ref="6535920576"/>
    <nd ref="1926258260"/>
    <nd ref="1926258258"/>
    <nd ref="1926258257"/>
    <nd ref="1926258254"/>
    <tag k="highway" v="tertiary"/>
    <tag k="maxspeed" v="25 mph"/>
    <tag k="name" v="Darragh Street"/>
    <tag k="name:etymology:wikidata" v="Q6228588"/>
    <tag k="sidewalk:both" v="separate"/>
    <tag k="tiger:cfcc" v="A41"/>
    <tag k="tiger:name_base" v="Darragh"/>
    <tag k="tiger:name_type" v="St"/>
    <tag k="tiger:zip_left" v="15213"/>
    <tag k="tiger:zip_right" v="15213"/>
  </way>
  <way id="11697077">
    <nd ref="104663452"/>
    <nd ref="8505528152"/>
    <nd ref="2985513255"/>
    <nd ref="1355998299"/>
    <nd ref="6532091487"/>
    <nd ref="6531793582"/>
    <nd ref="6531796659"/>
    <nd ref="8548754317"/>
    <nd ref="6531766478"/>
    <nd ref="6532900647"/>
    <nd ref="6535851741"/>
    <nd ref="6532897689"/>
    <nd ref="6531883068"/>
    <nd ref="6532839953"/>
    <nd ref="8939943998"/>
    <nd ref="8505528250"/>
    <nd ref="104663459"/>
    <tag k="highway" v="residential"/>
    <tag k="lane_markings" v="no"/>
    <tag k="lanes" v="1"/>
    <tag k="lit" v="yes"/>
    <tag k="name" v="North Dithridge Street"/>
    <tag k="oneway" v="yes"/>
    <tag k="sidewalk" v="separate"/>
    <tag k="surface" v="asphalt"/>
    <tag k="tiger:cfcc" v="A41"/>
    <tag k="tiger:name_base" v="Dithridge"/>
    <tag k="tiger:name_direction_prefix" v="N"/>
    <tag k="tiger:name_type" v="St"/>
    <tag k="tiger:zip_left" v="15213"/>
    <tag k="tiger:zip_right" v="15213"/>
  </way>
  <way id="11700867">
    <nd ref="104706094"/>
    <nd ref="9641485274"/>
    <nd ref="9641486822"/>
    <nd ref="3637886770"/>
    <tag k="bicycle" v="designated"/>
    <tag k="cycleway" v="shared_lane"/>
    <tag k="cycleway:left" v="shared_lane"/>
    <tag k="cycleway:right" v="shared_lane"/>
    <tag k="highway" v="residential"/>
    <tag k="maxspeed" v="25 mph"/>
    <tag k="name" v="Louisa Street"/>
    <tag k="sidewalk" v="separate"/>
    <tag k="tiger:cfcc" v="A41"/>
    <tag k="tiger:name_base" v="Louisa"/>
    <tag k="tiger:name_type" v="St"/>
    <tag k="tiger:zip_left" v="15213"/>
    <tag k="tiger:zip_right" v="15213"/>
  </way>
  <way id="11710497">
    <nd ref="104822534"/>
    <nd ref="8104080870"/>
    <nd ref="104822545"/>
    <nd ref="104822554"/>
    <nd ref="13113482843"/>
    <nd ref="104822564"/>
    <tag k="highway" v="residential"/>
    <tag k="lane_markings" v="no"/>
    <tag k="lit" v="yes"/>
    <tag k="name" v="Cable Place"/>
    <tag k="sidewalk:both" v="separate"/>
    <tag k="smoothness" v="good"/>
    <tag k="surface" v="asphalt"/>
    <tag k="tiger:cfcc" v="A41"/>
    <tag k="tiger:name_base" v="Cable"/>
    <tag k="tiger:name_type" v="Pl"/>
    <tag k="tiger:reviewed" v="yes"/>
    <tag k="tiger:zip_left" v="15213"/>
  </way>
  <way id="11711373">
    <nd ref="13419337170"/>
    <nd ref="7960282968"/>
    <nd ref="7960282951"/>
    <nd ref="6535945487"/>
    <nd ref="1454917652"/>
    <nd ref="104651221"/>
    <nd ref="422302015"/>
    <nd ref="7929727157"/>
    <nd ref="3192430402"/>
    <nd ref="104832924"/>
    <tag k="highway" v="residential"/>
    <tag k="lcn" v="yes"/>
    <tag k="maxspeed" v="25 mph"/>
    <tag k="name" v="Joncaire Street"/>
    <tag k="sidewalk" v="separate"/>
    <tag k="surface" v="unhewn_cobblestone"/>
    <tag k="tiger:cfcc" v="A41"/>
    <tag k="tiger:name_base" v="Joncaire"/>
    <tag k="tiger:name_type" v="St"/>
    <tag k="tiger:zip_left" v="15213"/>
    <tag k="tiger:zip_right" v="15213"/>
  </way>
  <way id="11712186">
    <nd ref="104590348"/>
    <nd ref="104841779"/>
    <tag k="highway" v="residential"/>
    <tag k="name" v="Avalon Street"/>
    <tag k="sidewalk" v="right"/>
    <tag k="tiger:cfcc" v="A41"/>
    <tag k="tiger:name_base" v="Avalon"/>
    <tag k="tiger:name_type" v="St"/>
    <tag k="tiger:reviewed" v="no"/>
    <tag k="tiger:zip_left" v="15219"/>
    <tag k="tiger:zip_right" v="15219"/>
  </way>
  <way id="11713163">
    <nd ref="104853052"/>
    <nd ref="8104080839"/>
    <nd ref="104548430"/>
    <nd ref="3215544583"/>
    <nd ref="104853041"/>
    <nd ref="104853031"/>
    <nd ref="104853025"/>
    <nd ref="104853020"/>
    <nd ref="104853013"/>
    <nd ref="3215544582"/>
    <nd ref="104548441"/>
    <nd ref="8104080838"/>
    <nd ref="104853006"/>
    <tag k="highway" v="residential"/>
    <tag k="name" v="Oakland Square"/>
    <tag k="oneway" v="yes"/>
    <tag k="sidewalk:left" v="no"/>
    <tag k="sidewalk:right" v="separate"/>
    <tag k="tiger:cfcc" v="A41"/>
    <tag k="tiger:name_base" v="Oakland"/>
    <tag k="tiger:name_type" v="Sq"/>
    <tag k="tiger:zip_left" v="15213"/>
  </way>
  <way id="11713940">
    <nd ref="104861797"/>
    <nd ref="7960282961"/>
    <nd ref="7960282962"/>
    <nd ref="778787756"/>
    <nd ref="778787757"/>
    <nd ref="104861806"/>
    <nd ref="6535945473"/>
    <nd ref="6532084988"/>
    <nd ref="104861821"/>
    <nd ref="104861837"/>
    <nd ref="104861841"/>
    <nd ref="2396448083"/>
    <nd ref="8815680495"/>
    <nd ref="3382338931"/>
    <nd ref="104861882"/>
    <tag k="bicycle" v="designated"/>
    <tag k="highway" v="tertiary"/>
    <tag k="lane_markings" v="yes"/>
    <tag k="lanes" v="2"/>
    <tag k="lcn" v="yes"/>
    <tag k="lit" v="yes"/>
    <tag k="maxspeed" v="25 mph"/>
    <tag k="name" v="Roberto &amp; Vera Clemente Drive"/>
    <tag k="name:etymology:wikidata" v="Q684020; Q76976884"/>
    <tag k="oneway" v="no"/>
    <tag k="sidewalk" v="separate"/>
    <tag k="surface" v="asphalt"/>
    <tag k="tiger:cfcc" v="A41"/>
    <tag k="tiger:name_base" v="Roberto Clemente"/>
    <tag k="tiger:name_type" v="Dr"/>
  </way>
  <way id="11719980">
    <nd ref="2985643129"/>
    <nd ref="6535968543"/>
    <nd ref="7132455611"/>
    <nd ref="4603113797"/>
    <nd ref="6218570868"/>
    <nd ref="104925160"/>
    <tag k="cycleway:both" v="no"/>
    <tag k="highway" v="residential"/>
    <tag k="lane_markings" v="no"/>
    <tag k="lanes" v="2"/>
    <tag k="lit" v="yes"/>
    <tag k="maxspeed" v="25 mph"/>
    <tag k="name" v="Thackeray Street"/>
    <tag k="oneway" v="yes"/>
    <tag k="sidewalk" v="separate"/>
    <tag k="surface" v="asphalt"/>
  </way>
  <way id="11720583">
    <nd ref="104930984"/>
    <nd ref="8505528178"/>
    <nd ref="4677473615"/>
    <tag k="check_date" v="2024-04-09"/>
    <tag k="highway" v="residential"/>
    <tag k="lit" v="yes"/>
    <tag k="name" v="Henry Street"/>
    <tag k="sidewalk" v="both"/>
    <tag k="surface" v="asphalt"/>
    <tag k="tiger:cfcc" v="A41"/>
    <tag k="tiger:name_base" v="Henry"/>
    <tag k="tiger:name_type" v="St"/>
    <tag k="tiger:reviewed" v="no"/>
    <tag k="tiger:zip_left" v="15213"/>
    <tag k="tiger:zip_right" v="15213"/>
  </way>
  <way id="11727901">
    <nd ref="105001872"/>
    <nd ref="8026959633"/>
    <nd ref="6532014718"/>
    <nd ref="8026959655"/>
    <nd ref="1356087423"/>
    <nd ref="8026959656"/>
    <nd ref="1356087389"/>
    <nd ref="327770143"/>
    <nd ref="8026959657"/>
    <tag k="highway" v="residential"/>
    <tag k="name" v="University Drive A"/>
    <tag k="surface" v="asphalt"/>
    <tag k="tiger:cfcc" v="A41"/>
    <tag k="tiger:name_base" v="University Dr A"/>
    <tag k="tiger:reviewed" v="no"/>
    <tag k="tiger:zip_left" v="15213"/>
  </way>
  <way id="11727999">
    <nd ref="12802178402"/>
    <nd ref="2014637591"/>
    <nd ref="2014637588"/>
    <nd ref="6535886213"/>
    <nd ref="2014637598"/>
    <nd ref="6186273032"/>
    <nd ref="105002598"/>
    <nd ref="2014637596"/>
    <nd ref="6535886207"/>
    <nd ref="2014637592"/>
    <nd ref="6466233426"/>
    <nd ref="105002609"/>
    <nd ref="12824107154"/>
    <nd ref="105002618"/>
    <nd ref="11204971786"/>
    <nd ref="105002626"/>
    <nd ref="105002633"/>
    <tag k="highway" v="residential"/>
    <tag k="name" v="University Drive C"/>
    <tag k="sidewalk" v="both"/>
    <tag k="tiger:cfcc" v="A41"/>
    <tag k="tiger:name_base" v="University Dr C"/>
    <tag k="tiger:reviewed" v="no"/>
    <tag k="tiger:zip_left" v="15213"/>
    <tag k="tiger:zip_right" v="15213"/>
  </way>
  <way id="11731871">
    <nd ref="9678425838"/>
    <nd ref="10282715443"/>
    <nd ref="6532068513"/>
    <nd ref="105037550"/>
    <nd ref="9641486862"/>
    <nd ref="105013257"/>
    <tag k="highway" v="tertiary"/>
    <tag k="maxspeed" v="25 mph"/>
    <tag k="name" v="Halket Street"/>
    <tag k="name:etymology:wikidata" v="Q25999336"/>
    <tag k="sidewalk" v="separate"/>
    <tag k="surface" v="asphalt"/>
    <tag k="tiger:cfcc" v="A41"/>
    <tag k="tiger:name_base" v="Halket"/>
    <tag k="tiger:name_type" v="St"/>
    <tag k="tiger:reviewed" v="no"/>
    <tag k="tiger:zip_left" v="15213"/>
    <tag k="tiger:zip_right" v="15213"/>
  </way>
  <way id="11734052">
    <nd ref="104507077"/>
    <nd ref="2985643111"/>
    <nd ref="8815680493"/>
    <nd ref="2173733014"/>
    <nd ref="3382338925"/>
    <nd ref="357003081"/>
    <nd ref="3382338915"/>
    <nd ref="269095128"/>
    <nd ref="2703812717"/>
    <nd ref="3598883405"/>
    <nd ref="3781721936"/>
    <nd ref="105057945"/>
    <tag k="bicycle" v="designated"/>
    <tag k="cycleway:left" v="no"/>
    <tag k="cycleway:right" v="separate"/>
    <tag k="cycleway:right:oneway" v="no"/>
    <tag k="highway" v="secondary"/>
    <tag k="lanes" v="2"/>
    <tag k="lcn" v="yes"/>
    <tag k="lit" v="yes"/>
    <tag k="maxspeed" v="25 mph"/>
    <tag k="name" v="Schenley Drive"/>
    <tag k="note" v="There used to be a separate way for the cycle along this road. I decided to delete that way and tag this road with `cycleway:(left,right)=track` tags because of how the added complexity of having it tagged as a separate way caused it to not appropriately"/>
    <tag k="sidewalk" v="separate"/>
    <tag k="smoothness" v="good"/>
    <tag k="surface" v="asphalt"/>
    <tag k="tiger:cfcc" v="A41"/>
    <tag k="tiger:name_base" v="Schenley"/>
    <tag k="tiger:name_type" v="Dr"/>
    <tag k="turn:lanes:backward" v="through|right"/>
  </way>
  <way id="11734061">
    <nd ref="2173649273"/>
    <nd ref="1673572776"/>
    <nd ref="1673572769"/>
    <nd ref="422307886"/>
    <tag k="highway" v="tertiary"/>
    <tag k="lanes" v="2"/>
    <tag k="lcn" v="yes"/>
    <tag k="lit" v="yes"/>
    <tag k="maxspeed" v="25 mph"/>
    <tag k="name" v="Schenley Drive"/>
    <tag k="oneway" v="yes"/>
    <tag k="parking:fee" v="yes"/>
    <tag k="parking:lane:both" v="parallel"/>
    <tag k="sidewalk:left" v="no"/>
    <tag k="sidewalk:right" v="separate"/>
    <tag k="surface" v="asphalt"/>
    <tag k="tiger:cfcc" v="A41"/>
    <tag k="tiger:name_base" v="Schenley"/>
    <tag k="tiger:name_type" v="Dr"/>
  </way>
  <way id="11734068">
    <nd ref="104861882"/>
    <nd ref="2424929163"/>
    <nd ref="8815680494"/>
    <nd ref="778787760"/>
    <nd ref="778787759"/>
    <nd ref="14046773112"/>
    <nd ref="14046773109"/>
    <nd ref="14046773111"/>
    <nd ref="14046773110"/>
    <nd ref="105058043"/>
    <nd ref="6773921180"/>
    <nd ref="2173732984"/>
    <nd ref="6715675240"/>
    <tag k="bicycle" v="designated"/>
    <tag k="cycleway" v="lane"/>
    <tag k="highway" v="secondary"/>
    <tag k="lanes" v="2"/>
    <tag k="lcn" v="yes"/>
    <tag k="lit" v="yes"/>
    <tag k="maxspeed" v="25 mph"/>
    <tag k="name" v="Schenley Drive"/>
    <tag k="oneway" v="no"/>
    <tag k="sidewalk" v="separate"/>
    <tag k="smoothness" v="good"/>
    <tag k="surface" v="asphalt"/>
    <tag k="tiger:cfcc" v="A41"/>
    <tag k="tiger:name_base" v="Schenley"/>
    <tag k="tiger:name_type" v="Dr"/>
  </way>
  <way id="11734345">
    <nd ref="105060985"/>
    <nd ref="8104080823"/>
    <nd ref="104822564"/>
    <nd ref="105060974"/>
    <nd ref="7960221728"/>
    <nd ref="105060960"/>
    <nd ref="7960221730"/>
    <nd ref="6535919615"/>
    <nd ref="8099223757"/>
    <nd ref="104706127"/>
    <nd ref="6535916927"/>
    <nd ref="6535843273"/>
    <nd ref="7291969722"/>
    <nd ref="7291969726"/>
    <nd ref="105060950"/>
    <tag k="bicycle" v="designated"/>
    <tag k="cycleway:both" v="shared_lane"/>
    <tag k="cycleway:both:lane" v="pictogram"/>
    <tag k="cycleway:left" v="shared_lane"/>
    <tag k="cycleway:left:oneway" v="-1"/>
    <tag k="cycleway:right" v="shared_lane"/>
    <tag k="highway" v="residential"/>
    <tag k="lcn" v="yes"/>
    <tag k="maxspeed" v="25 mph"/>
    <tag k="name" v="Atwood Street"/>
    <tag k="oneway" v="yes"/>
    <tag k="oneway:bicycle" v="no"/>
    <tag k="sidewalk" v="separate"/>
    <tag k="surface" v="asphalt"/>
    <tag k="tiger:cfcc" v="A41"/>
    <tag k="tiger:name_base" v="Atwood"/>
    <tag k="tiger:name_type" v="St"/>
    <tag k="tiger:zip_left" v="15213"/>
    <tag k="tiger:zip_right" v="15213"/>
  </way>
  <way id="11735802">
    <nd ref="105075863"/>
    <nd ref="8026959672"/>
    <nd ref="6531962206"/>
    <nd ref="105001872"/>
    <tag k="highway" v="residential"/>
    <tag k="lane_markings" v="no"/>
    <tag k="lit" v="yes"/>
    <tag k="name" v="Parkman Avenue"/>
    <tag k="sidewalk" v="separate"/>
    <tag k="surface" v="asphalt"/>
    <tag k="tiger:cfcc" v="A41"/>
    <tag k="tiger:name_base" v="Parkman"/>
    <tag k="tiger:name_type" v="Ave"/>
    <tag k="tiger:zip_left" v="15213"/>
    <tag k="tiger:zip_right" v="15213"/>
  </way>
  <way id="11737884">
    <nd ref="105097584"/>
    <nd ref="6715675216"/>
    <nd ref="6715675198"/>
    <nd ref="105097575"/>
    <nd ref="7134735941"/>
    <nd ref="1669663913"/>
    <nd ref="6218570867"/>
    <nd ref="104925160"/>
    <nd ref="6218570869"/>
    <nd ref="8483931949"/>
    <nd ref="105097564"/>
    <tag k="cycleway:both" v="no"/>
    <tag k="highway" v="trunk"/>
    <tag k="lanes" v="4"/>
    <tag k="lcn" v="proposed"/>
    <tag k="maxspeed" v="25 mph"/>
    <tag k="name" v="Fifth Avenue"/>
    <tag k="oneway" v="yes"/>
    <tag k="oneway:bus" v="no"/>
    <tag k="sidewalk" v="separate"/>
    <tag k="surface" v="asphalt"/>
    <tag k="tiger:cfcc" v="A41;A35"/>
    <tag k="tiger:name_base" v="Fifth"/>
    <tag k="tiger:name_base_1" v="State Route 8"/>
    <tag k="tiger:name_type" v="Ave"/>
    <tag k="tiger:zip_left" v="15219;15208"/>
  </way>
  <way id="11738114">
    <nd ref="104844013"/>
    <nd ref="13137705285"/>
    <nd ref="104187715"/>
    <tag k="highway" v="residential"/>
    <tag k="lane_markings" v="no"/>
    <tag k="name" v="Ewart Drive"/>
    <tag k="sidewalk" v="no"/>
    <tag k="surface" v="asphalt"/>
  </way>
  <way id="11738117">
    <nd ref="13137705286"/>
    <nd ref="105098674"/>
    <nd ref="1454458374"/>
    <nd ref="1454510609"/>
    <nd ref="105098687"/>
    <tag k="highway" v="residential"/>
    <tag k="name" v="Ewart Drive"/>
    <tag k="sidewalk:left" v="separate"/>
    <tag k="sidewalk:right" v="no"/>
    <tag k="surface" v="brick"/>
    <tag k="tiger:cfcc" v="A41"/>
    <tag k="tiger:name_base" v="Ewart"/>
    <tag k="tiger:name_type" v="Dr"/>
    <tag k="tiger:reviewed" v="no"/>
    <tag k="tiger:zip_left" v="15219"/>
    <tag k="tiger:zip_right" v="15219"/>
  </way>
  <way id="11742233">
    <nd ref="105097609"/>
    <nd ref="8505528063"/>
    <nd ref="6531791315"/>
    <nd ref="6531791313"/>
    <nd ref="6531791317"/>
    <nd ref="6531787087"/>
    <nd ref="6531895125"/>
    <nd ref="6535926769"/>
    <nd ref="6531761367"/>
    <nd ref="6531761369"/>
    <nd ref="8505528271"/>
    <nd ref="105136535"/>
    <tag k="cycleway:both" v="no"/>
    <tag k="highway" v="residential"/>
    <tag k="lanes" v="2"/>
    <tag k="lit" v="yes"/>
    <tag k="name" v="Ruskin Street"/>
    <tag k="sidewalk" v="separate"/>
    <tag k="surface" v="asphalt"/>
    <tag k="tiger:cfcc" v="A41"/>
    <tag k="tiger:name_base" v="Ruskin"/>
    <tag k="tiger:name_type" v="St"/>
    <tag k="tiger:reviewed" v="no"/>
    <tag k="tiger:zip_left" v="15213"/>
    <tag k="tiger:zip_right" v="15213"/>
  </way>
  <way id="11743885">
    <nd ref="105152169"/>
    <nd ref="8939923294"/>
    <nd ref="8257303455"/>
    <nd ref="1356005978"/>
    <nd ref="1356005969"/>
    <nd ref="8505528050"/>
    <nd ref="105152180"/>
    <tag k="bicycle" v="designated"/>
    <tag k="check_date" v="2026-09-09"/>
    <tag k="check_date:smoothness" v="2026-09-09"/>
    <tag k="cycleway" v="lane"/>
    <tag k="highway" v="secondary"/>
    <tag k="lanes" v="2"/>
    <tag k="lcn" v="yes"/>
    <tag k="lit" v="yes"/>
    <tag k="maxspeed" v="25 mph"/>
    <tag k="name" v="Bayard Street"/>
    <tag k="sidewalk" v="separate"/>
    <tag k="smoothness" v="good"/>
    <tag k="source:cycleway" v="survey"/>
    <tag k="surface" v="asphalt"/>
    <tag k="tiger:cfcc" v="A41"/>
    <tag k="tiger:name_base" v="Bayard"/>
    <tag k="tiger:name_type" v="St"/>
    <tag k="tiger:zip_left" v="15213"/>
    <tag k="tiger:zip_right" v="15213"/>
    <tag k="turn:lanes:backward" v="through|right"/>
  </way>
  <way id="11747683">
    <nd ref="8644704475"/>
    <nd ref="6532916594"/>
    <nd ref="6588752217"/>
    <nd ref="1926258251"/>
    <nd ref="9641486952"/>
    <nd ref="105013281"/>
    <tag k="bicycle" v="designated"/>
    <tag k="highway" v="tertiary"/>
    <tag k="lanes" v="4"/>
    <tag k="lanes:backward" v="2"/>
    <tag k="lanes:forward" v="2"/>
    <tag k="lcn" v="yes"/>
    <tag k="maxspeed" v="25 mph"/>
    <tag k="name" v="McKee Place"/>
    <tag k="sidewalk" v="separate"/>
    <tag k="surface" v="asphalt"/>
    <tag k="tiger:cfcc" v="A41"/>
    <tag k="tiger:name_base" v="Mc Kee"/>
    <tag k="tiger:name_type" v="Pl"/>
    <tag k="tiger:zip_left" v="15213"/>
    <tag k="tiger:zip_right" v="15213"/>
  </way>
  <way id="11750475">
    <nd ref="104663452"/>
    <nd ref="8505528274"/>
    <nd ref="104930984"/>
    <tag k="highway" v="residential"/>
    <tag k="lanes" v="3"/>
    <tag k="lanes:backward" v="2"/>
    <tag k="lanes:forward" v="1"/>
    <tag k="lit" v="yes"/>
    <tag k="name" v="South Dithridge Street"/>
    <tag k="sidewalk:both" v="separate"/>
    <tag k="surface" v="asphalt"/>
    <tag k="tiger:cfcc" v="A41"/>
    <tag k="tiger:name_base" v="Dithridge"/>
    <tag k="tiger:name_direction_prefix" v="S"/>
    <tag k="tiger:name_type" v="St"/>
    <tag k="tiger:zip_left" v="15213"/>
    <tag k="tiger:zip_right" v="15213"/>
    <tag k="turn:lanes:backward" v="left|through;right"/>
  </way>
  <way id="11755268">
    <nd ref="105002609"/>
    <nd ref="6186565614"/>
    <nd ref="12824107155"/>
    <nd ref="1252057942"/>
    <nd ref="12824107148"/>
    <nd ref="1252057923"/>
    <nd ref="12824107147"/>
    <nd ref="1252057959"/>
    <nd ref="12824107146"/>
    <nd ref="1252058013"/>
    <nd ref="1252057971"/>
    <nd ref="6532892696"/>
    <nd ref="105250612"/>
    <nd ref="6186565597"/>
    <nd ref="6186565589"/>
    <nd ref="5909066633"/>
    <tag k="bicycle" v="yes"/>
    <tag k="highway" v="tertiary"/>
    <tag k="lanes" v="2"/>
    <tag k="name" v="University Drive"/>
    <tag k="sidewalk:left" v="yes"/>
    <tag k="sidewalk:right" v="separate"/>
    <tag k="surface" v="asphalt"/>
  </way>
  <way id="11755338">
    <nd ref="302757274"/>
    <nd ref="6784124218"/>
    <nd ref="11769625404"/>
    <nd ref="3955654744"/>
    <nd ref="14082034042"/>
    <nd ref="693545105"/>
    <tag k="cycleway:both" v="shared_lane"/>
    <tag k="cycleway:both:lane" v="pictogram"/>
    <tag k="highway" v="residential"/>
    <tag k="lcn" v="yes"/>
    <tag k="name" v="South Neville Street"/>
    <tag k="sidewalk:both" v="yes"/>
    <tag k="tiger:cfcc" v="A41"/>
    <tag k="tiger:name_base" v="Boundary"/>
    <tag k="tiger:name_type" v="St"/>
    <tag k="tiger:zip_left" v="15213"/>
    <tag k="tiger:zip_right" v="15213"/>
  </way>
  <way id="11805275">
    <nd ref="105097664"/>
    <nd ref="9438347570"/>
    <nd ref="2715045158"/>
    <nd ref="8006500881"/>
    <nd ref="104931010"/>
    <tag k="bicycle" v="designated"/>
    <tag k="cycleway:both" v="shared_lane"/>
    <tag k="cycleway:both:lane" v="pictogram"/>
    <tag k="highway" v="residential"/>
    <tag k="lcn" v="yes"/>
    <tag k="maxspeed" v="25 mph"/>
    <tag k="name" v="South Neville Street"/>
    <tag k="sidewalk:left" v="separate"/>
    <tag k="sidewalk:right" v="separate"/>
    <tag k="tiger:cfcc" v="A41"/>
    <tag k="tiger:name_base" v="Neville"/>
    <tag k="tiger:name_direction_prefix" v="S"/>
    <tag k="tiger:name_type" v="St"/>
    <tag k="tiger:zip_left" v="15213"/>
    <tag k="tiger:zip_right" v="15213"/>
  </way>
  <way id="11808030">
    <nd ref="105711560"/>
    <nd ref="6535934204"/>
    <nd ref="6535934202"/>
    <nd ref="6618518302"/>
    <nd ref="2985643124"/>
    <nd ref="105711567"/>
    <tag k="bicycle" v="designated"/>
    <tag k="cycleway" v="lane"/>
    <tag k="highway" v="tertiary"/>
    <tag k="lanes" v="2"/>
    <tag k="lcn" v="yes"/>
    <tag k="maxspeed" v="25 mph"/>
    <tag k="name" v="O'Hara Street"/>
    <tag k="name:etymology:wikidata" v="Q6140495"/>
    <tag k="sidewalk:both" v="separate"/>
    <tag k="source:cycleway" v="survey"/>
    <tag k="surface" v="asphalt"/>
    <tag k="tiger:cfcc" v="A41"/>
    <tag k="tiger:name_base" v="O Hara"/>
    <tag k="tiger:name_type" v="St"/>
    <tag k="tiger:zip_left" v="15213"/>
    <tag k="tiger:zip_right" v="15213"/>
  </way>
  <way id="11809341">
    <nd ref="105711578"/>
    <nd ref="8026959625"/>
    <nd ref="6535921830"/>
    <nd ref="6588811727"/>
    <nd ref="8026959612"/>
    <nd ref="2174857685"/>
    <nd ref="6715675197"/>
    <nd ref="105097575"/>
    <tag k="cycleway:both" v="no"/>
    <tag k="highway" v="residential"/>
    <tag k="lit" v="yes"/>
    <tag k="maxspeed" v="25 mph"/>
    <tag k="name" v="University Place"/>
    <tag k="sidewalk" v="separate"/>
    <tag k="surface" v="asphalt"/>
    <tag k="tiger:cfcc" v="A41"/>
    <tag k="tiger:name_base" v="University"/>
    <tag k="tiger:name_type" v="Pl"/>
    <tag k="tiger:reviewed" v="no"/>
    <tag k="tiger:zip_left" v="15213"/>
    <tag k="tiger:zip_right" v="15213"/>
  </way>
  <way id="11815607">
    <nd ref="105250620"/>
    <nd ref="1252057929"/>
    <nd ref="105774249"/>
    <nd ref="6531981971"/>
    <nd ref="1252058009"/>
    <nd ref="6260915114"/>
    <nd ref="1252057960"/>
    <nd ref="1252057945"/>
    <nd ref="1252057926"/>
    <nd ref="6260915115"/>
    <nd ref="6260915113"/>
    <nd ref="1252057865"/>
    <nd ref="13137662794"/>
    <nd ref="104844024"/>
    <tag k="bicycle" v="yes"/>
    <tag k="highway" v="tertiary"/>
    <tag k="lanes" v="2"/>
    <tag k="name" v="Allequippa Street"/>
    <tag k="name:etymology:wikidata" v="Q7270190"/>
    <tag k="sidewalk" v="both"/>
    <tag k="surface" v="asphalt"/>
    <tag k="tiger:cfcc" v="A41"/>
    <tag k="tiger:name_base" v="Allequippa"/>
    <tag k="tiger:name_type" v="St"/>
    <tag k="tiger:reviewed" v="no"/>
    <tag k="tiger:zip_left" v="15219"/>
    <tag k="tiger:zip_right" v="15219"/>
  </way>
  <way id="11820239">
    <nd ref="105097617"/>
    <nd ref="8505528024"/>
    <nd ref="6531897390"/>
    <nd ref="6531897393"/>
    <nd ref="6531787085"/>
    <nd ref="6531816203"/>
    <nd ref="6618562123"/>
    <nd ref="6532897690"/>
    <nd ref="8505528048"/>
    <nd ref="105152180"/>
    <tag k="cycleway:both" v="no"/>
    <tag k="highway" v="tertiary"/>
    <tag k="lanes" v="2"/>
    <tag k="lit" v="yes"/>
    <tag k="maxspeed" v="25 mph"/>
    <tag k="maxspeed:type" v="sign"/>
    <tag k="name" v="North Bellefield Avenue"/>
    <tag k="sidewalk" v="separate"/>
    <tag k="smoothness" v="intermediate"/>
    <tag k="surface" v="asphalt"/>
    <tag k="tiger:cfcc" v="A41"/>
    <tag k="tiger:name_base" v="Bellefield"/>
    <tag k="tiger:name_direction_prefix" v="N"/>
    <tag k="tiger:name_type" v="Ave"/>
    <tag k="tiger:zip_left" v="15213"/>
    <tag k="tiger:zip_right" v="15213"/>
  </way>
  <way id="11820348">
    <nd ref="12802178403"/>
    <nd ref="2014637587"/>
    <nd ref="2014637594"/>
    <nd ref="2014637593"/>
    <nd ref="105002583"/>
    <tag k="access" v="no"/>
    <tag k="highway" v="residential"/>
    <tag k="name" v="University Drive C"/>
    <tag k="tiger:cfcc" v="A41"/>
    <tag k="tiger:name_base" v="University Drive B"/>
    <tag k="tiger:reviewed" v="no"/>
  </way>
  <way id="11824497">
    <nd ref="105774249"/>
    <nd ref="1252058008"/>
    <nd ref="104841779"/>
    <tag k="highway" v="residential"/>
    <tag k="name" v="Iowa Street"/>
    <tag k="sidewalk" v="left"/>
    <tag k="surface" v="asphalt"/>
    <tag k="tiger:cfcc" v="A41"/>
    <tag k="tiger:name_base" v="Iowa"/>
    <tag k="tiger:name_type" v="St"/>
  </way>
  <way id="11825574">
    <nd ref="105912518"/>
    <nd ref="8652891344"/>
    <nd ref="5835758624"/>
    <nd ref="5835758628"/>
    <nd ref="8051601086"/>
    <nd ref="6535886512"/>
    <nd ref="6535916402"/>
    <nd ref="6532900649"/>
    <nd ref="6532900653"/>
    <nd ref="8483966640"/>
    <nd ref="105097592"/>
    <tag k="highway" v="residential"/>
    <tag k="lanes" v="2"/>
    <tag k="lit" v="yes"/>
    <tag k="maxspeed" v="25 mph"/>
    <tag k="name" v="Lytton Avenue"/>
    <tag k="name:etymology:wikidata" v="Q318462"/>
    <tag k="sidewalk" v="separate"/>
    <tag k="surface" v="asphalt"/>
    <tag k="tiger:cfcc" v="A41"/>
    <tag k="tiger:name_base" v="Lytton"/>
    <tag k="tiger:name_type" v="Ave"/>
    <tag k="tiger:reviewed" v="no"/>
    <tag k="tiger:zip_left" v="15213"/>
    <tag k="tiger:zip_right" v="15213"/>
  </way>
  <way id="11826990">
    <nd ref="105097632"/>
    <nd ref="9438347533"/>
    <nd ref="8815680505"/>
    <nd ref="104930999"/>
    <nd ref="12172299456"/>
    <nd ref="9124394404"/>
    <nd ref="104991730"/>
    <nd ref="12172299457"/>
    <nd ref="11845004711"/>
    <nd ref="105935837"/>
    <tag k="bicycle" v="designated"/>
    <tag k="highway" v="primary"/>
    <tag k="lanes" v="2"/>
    <tag k="lcn" v="yes"/>
    <tag k="name" v="South Craig Street"/>
    <tag k="sidewalk:left" v="yes"/>
    <tag k="sidewalk:right" v="separate"/>
    <tag k="smoothness" v="excellent"/>
    <tag k="surface" v="asphalt"/>
    <tag k="tiger:cfcc" v="A41"/>
    <tag k="tiger:name_base" v="Craig"/>
    <tag k="tiger:name_direction_prefix" v="S"/>
    <tag k="tiger:name_type" v="St"/>
    <tag k="tiger:zip_left" v="15213"/>
    <tag k="tiger:zip_right" v="15213"/>
  </way>
  <way id="11828786">
    <nd ref="105959079"/>
    <nd ref="6588631468"/>
    <nd ref="6588631464"/>
    <nd ref="6588631466"/>
    <nd ref="6588718353"/>
    <nd ref="6535921333"/>
    <nd ref="6535921332"/>
    <nd ref="6588718351"/>
    <nd ref="6588718355"/>
    <nd ref="13419398335"/>
    <nd ref="13406054828"/>
    <nd ref="104707716"/>
    <tag k="access" v="permissive"/>
    <tag k="description" v="for hospital renovations"/>
    <tag k="highway" v="residential"/>
    <tag k="maxspeed" v="25 mph"/>
    <tag k="name" v="Lothrop Street"/>
    <tag k="sidewalk" v="both"/>
    <tag k="tiger:cfcc" v="A41"/>
    <tag k="tiger:name_base" v="Lothrop"/>
    <tag k="tiger:name_type" v="St"/>
    <tag k="tiger:reviewed" v="no"/>
    <tag k="tiger:zip_left" v="15213"/>
    <tag k="tiger:zip_right" v="15213"/>
  </way>
  <way id="11829415">
    <nd ref="105959079"/>
    <nd ref="6588582164"/>
    <nd ref="10282732492"/>
    <nd ref="104639490"/>
    <tag k="access" v="permissive"/>
    <tag k="highway" v="residential"/>
    <tag k="name" v="Victoria Street"/>
    <tag k="oneway" v="yes"/>
    <tag k="tiger:cfcc" v="A41"/>
    <tag k="tiger:name_base" v="Victoria"/>
    <tag k="tiger:name_type" v="St"/>
    <tag k="tiger:reviewed" v="no"/>
    <tag k="tiger:zip_left" v="15213"/>
    <tag k="tiger:zip_right" v="15213"/>
  </way>
  <way id="11830680">
    <nd ref="6588804679"/>
    <nd ref="8099223582"/>
    <nd ref="105013312"/>
    <tag k="bicycle" v="designated"/>
    <tag k="highway" v="residential"/>
    <tag k="lane_markings" v="no"/>
    <tag k="lit" v="yes"/>
    <tag k="maxspeed" v="25 mph"/>
    <tag k="motor_vehicle" v="no"/>
    <tag k="name" v="Oakland Avenue"/>
    <tag k="note" v="This section of the road is closed off to make room for outdoor seating. This is obviously subject to change really soon as the winter months approach."/>
    <tag k="oneway" v="yes"/>
    <tag k="outdoor_seating" v="yes"/>
    <tag k="sidewalk" v="separate"/>
    <tag k="source" v="survey"/>
    <tag k="surface" v="asphalt"/>
    <tag k="survey:date" v="2021-03-15"/>
    <tag k="tiger:cfcc" v="A41"/>
    <tag k="tiger:name_base" v="Oakland"/>
    <tag k="tiger:name_type" v="Ave"/>
  </way>
  <way id="11833004">
    <nd ref="106008866"/>
    <nd ref="8652891343"/>
    <nd ref="5835758625"/>
    <nd ref="5835758626"/>
    <nd ref="8505528273"/>
    <nd ref="105097604"/>
    <tag k="highway" v="residential"/>
    <tag k="lanes" v="2"/>
    <tag k="name" v="Tennyson Avenue"/>
    <tag k="name:etymology:wikidata" v="Q173869"/>
    <tag k="sidewalk" v="separate"/>
    <tag k="surface" v="asphalt"/>
    <tag k="tiger:cfcc" v="A41"/>
    <tag k="tiger:name_base" v="Tennyson"/>
    <tag k="tiger:name_type" v="Ave"/>
    <tag k="tiger:reviewed" v="no"/>
    <tag k="tiger:zip_left" v="15213"/>
    <tag k="tiger:zip_right" v="15213"/>
  </way>
  <way id="11833510">
    <nd ref="106017773"/>
    <nd ref="8099223794"/>
    <nd ref="6535926586"/>
    <nd ref="6535874756"/>
    <nd ref="6531735048"/>
    <nd ref="6531825547"/>
    <nd ref="6532869097"/>
    <nd ref="8099223814"/>
    <nd ref="14075455714"/>
    <nd ref="8099223811"/>
    <nd ref="6535916783"/>
    <nd ref="6532018340"/>
    <nd ref="6535905591"/>
    <nd ref="6535905593"/>
    <nd ref="8099223581"/>
    <nd ref="6535934792"/>
    <nd ref="6532848746"/>
    <nd ref="7291969715"/>
    <nd ref="7291969716"/>
    <nd ref="105013293"/>
    <tag k="highway" v="residential"/>
    <tag k="lane_markings" v="no"/>
    <tag k="maxspeed" v="25 mph"/>
    <tag k="name" v="Semple Street"/>
    <tag k="oneway" v="yes"/>
    <tag k="sidewalk" v="separate"/>
    <tag k="surface" v="asphalt"/>
    <tag k="tiger:cfcc" v="A41"/>
    <tag k="tiger:name_base" v="Semple"/>
    <tag k="tiger:name_type" v="St"/>
    <tag k="tiger:zip_left" v="15213"/>
    <tag k="tiger:zip_right" v="15213"/>
  </way>
  <way id="11834136">
    <nd ref="105097546"/>
    <nd ref="8019061879"/>
    <nd ref="104507936"/>
    <tag k="bicycle" v="designated"/>
    <tag k="highway" v="tertiary"/>
    <tag k="lane_markings" v="no"/>
    <tag k="maxspeed" v="25 mph"/>
    <tag k="name" v="Desoto Street"/>
    <tag k="oneway" v="yes"/>
    <tag k="sidewalk" v="separate"/>
    <tag k="surface" v="asphalt"/>
    <tag k="tiger:cfcc" v="A41"/>
    <tag k="tiger:name_base" v="Desoto"/>
    <tag k="tiger:name_type" v="St"/>
    <tag k="tiger:reviewed" v="no"/>
    <tag k="tiger:zip_left" v="15213"/>
    <tag k="tiger:zip_right" v="15213"/>
  </way>
  <way id="11834237">
    <nd ref="105013369"/>
    <nd ref="14082062806"/>
    <nd ref="8505524707"/>
    <nd ref="8505528225"/>
    <nd ref="8505524668"/>
    <nd ref="104991712"/>
    <nd ref="8505528017"/>
    <nd ref="105097617"/>
    <tag k="bicycle" v="designated"/>
    <tag k="cycleway:both" v="no"/>
    <tag k="highway" v="trunk"/>
    <tag k="lanes" v="3"/>
    <tag k="lcn" v="yes"/>
    <tag k="lit" v="yes"/>
    <tag k="maxspeed" v="25 mph"/>
    <tag k="name" v="South Bellefield Avenue"/>
    <tag k="oneway" v="yes"/>
    <tag k="sidewalk" v="separate"/>
    <tag k="surface" v="asphalt"/>
    <tag k="tiger:cfcc" v="A41"/>
    <tag k="tiger:name_base" v="Bellefield"/>
    <tag k="tiger:name_direction_prefix" v="S"/>
    <tag k="tiger:name_type" v="Ave"/>
    <tag k="tiger:zip_left" v="15213"/>
    <tag k="tiger:zip_right" v="15213"/>
  </way>
  <way id="11834303">
    <nd ref="106032865"/>
    <nd ref="302985210"/>
    <nd ref="2173707934"/>
    <nd ref="2173707965"/>
    <nd ref="270187332"/>
    <nd ref="2173708022"/>
    <nd ref="2173707977"/>
    <nd ref="2173708017"/>
    <nd ref="106032868"/>
    <nd ref="2173707916"/>
    <nd ref="2173708025"/>
    <nd ref="2173708003"/>
    <nd ref="2173707959"/>
    <nd ref="106032874"/>
    <nd ref="2173707979"/>
    <nd ref="2173707971"/>
    <nd ref="2173707922"/>
    <nd ref="2173707909"/>
    <nd ref="9122481628"/>
    <nd ref="2173708015"/>
    <nd ref="9122481625"/>
    <nd ref="2173707931"/>
    <nd ref="9122481626"/>
    <nd ref="2173707925"/>
    <tag k="bicycle" v="designated"/>
    <tag k="highway" v="unclassified"/>
    <tag k="lcn" v="yes"/>
    <tag k="lit" v="no"/>
    <tag k="maxspeed" v="25 mph"/>
    <tag k="name" v="West Circuit Road"/>
    <tag k="sidewalk:both" v="no"/>
    <tag k="tiger:cfcc" v="A41"/>
    <tag k="tiger:name_base" v="Circuit"/>
    <tag k="tiger:name_direction_prefix" v="W"/>
    <tag k="tiger:name_type" v="Rd"/>
  </way>
  <way id="11838419">
    <nd ref="270624664"/>
    <nd ref="303189375"/>
    <nd ref="6582704730"/>
    <nd ref="270927856"/>
    <tag k="bicycle" v="designated"/>
    <tag k="cycleway:left" v="opposite_lane"/>
    <tag k="cycleway:left:separation" v="flex_post"/>
    <tag k="cycleway:right" v="shared_lane"/>
    <tag k="highway" v="residential"/>
    <tag k="lcn" v="yes"/>
    <tag k="name" v="Frew Street"/>
    <tag k="name:etymology:wikidata" v="Q75991210"/>
    <tag k="oneway" v="yes"/>
    <tag k="oneway:bicycle" v="no"/>
    <tag k="parking:left" v="lane"/>
    <tag k="sidewalk" v="both"/>
    <tag k="surface" v="asphalt"/>
    <tag k="tiger:cfcc" v="A41"/>
    <tag k="tiger:name_base" v="Frew"/>
    <tag k="tiger:name_type" v="St"/>
    <tag k="tiger:zip_left" v="15213"/>
    <tag k="tiger:zip_right" v="15213"/>
  </way>
  <way id="11839510">
    <nd ref="105711567"/>
    <nd ref="8483931943"/>
    <nd ref="6535934203"/>
    <nd ref="6618518303"/>
    <nd ref="6588617246"/>
    <nd ref="4602362413"/>
    <nd ref="6588729072"/>
    <nd ref="4603113796"/>
    <nd ref="8018940993"/>
    <nd ref="105097564"/>
    <tag k="cycleway:both" v="no"/>
    <tag k="highway" v="residential"/>
    <tag k="lane_markings" v="no"/>
    <tag k="maxspeed" v="25 mph"/>
    <tag k="name" v="North Bouquet Street"/>
    <tag k="oneway" v="yes"/>
    <tag k="sidewalk:both" v="separate"/>
    <tag k="surface" v="asphalt"/>
    <tag k="tiger:cfcc" v="A41"/>
    <tag k="tiger:name_base" v="Bouquet"/>
    <tag k="tiger:name_direction_prefix" v="N"/>
    <tag k="tiger:name_type" v="St"/>
    <tag k="tiger:zip_left" v="15213"/>
    <tag k="tiger:zip_right" v="15213"/>
  </way>
  <way id="11840126">
    <nd ref="8505528225"/>
    <nd ref="8505528226"/>
    <nd ref="9124394399"/>
    <nd ref="8505528230"/>
    <nd ref="105209405"/>
    <tag k="highway" v="residential"/>
    <tag k="lane_markings" v="no"/>
    <tag k="lit" v="yes"/>
    <tag k="name" v="Filmore Street"/>
    <tag k="name:etymology:wikidata" v="Q12306"/>
    <tag k="oneway" v="yes"/>
    <tag k="sidewalk:both" v="separate"/>
    <tag k="surface" v="asphalt"/>
    <tag k="tiger:cfcc" v="A41"/>
    <tag k="tiger:name_base" v="Filmore"/>
    <tag k="tiger:name_type" v="St"/>
    <tag k="tiger:reviewed" v="no"/>
    <tag k="tiger:zip_left" v="15213"/>
    <tag k="tiger:zip_right" v="15213"/>
    <tag k="width" v="23'0&quot;"/>
  </way>
  <way id="11853299">
    <nd ref="105026691"/>
    <nd ref="9438374930"/>
    <nd ref="7116103363"/>
    <nd ref="7491694582"/>
    <nd ref="8254392556"/>
    <nd ref="106331840"/>
    <nd ref="1832619747"/>
    <nd ref="1832619708"/>
    <nd ref="7116103372"/>
    <nd ref="9323256370"/>
    <nd ref="105097688"/>
    <tag k="cycleway:both" v="shared_lane"/>
    <tag k="cycleway:both:lane" v="pictogram"/>
    <tag k="cycleway:left:oneway" v="yes"/>
    <tag k="highway" v="residential"/>
    <tag k="lane_markings" v="no"/>
    <tag k="lit" v="yes"/>
    <tag k="name" v="Devonshire Street"/>
    <tag k="sidewalk:left" v="separate"/>
    <tag k="sidewalk:right" v="yes"/>
    <tag k="surface" v="asphalt"/>
    <tag k="tiger:cfcc" v="A41"/>
    <tag k="tiger:name_base" v="Devonshire"/>
    <tag k="tiger:name_type" v="St"/>
    <tag k="tiger:zip_left" v="15213"/>
    <tag k="tiger:zip_right" v="15213"/>
  </way>
  <way id="11945577">
    <nd ref="104198595"/>
    <nd ref="13113482835"/>
    <nd ref="1685862828"/>
    <nd ref="1685862825"/>
    <nd ref="13113482830"/>
    <nd ref="104822545"/>
    <tag k="highway" v="residential"/>
    <tag k="name" v="Melba Place"/>
    <tag k="sidewalk:both" v="separate"/>
    <tag k="tiger:cfcc" v="A41"/>
    <tag k="tiger:name_base" v="Melba"/>
    <tag k="tiger:name_type" v="Pl"/>
    <tag k="tiger:zip_left" v="15213"/>
    <tag k="tiger:zip_right" v="15213"/>
  </way>
  <way id="11949221">
    <nd ref="1454458371"/>
    <nd ref="104590325"/>
    <nd ref="6531874899"/>
    <nd ref="105250620"/>
    <tag k="highway" v="residential"/>
    <tag k="name" v="Brackenridge Street"/>
    <tag k="sidewalk" v="left"/>
    <tag k="tiger:cfcc" v="A41"/>
    <tag k="tiger:name_base" v="Brackenridge"/>
    <tag k="tiger:name_type" v="St"/>
    <tag k="tiger:zip_left" v="15219"/>
    <tag k="tiger:zip_right" v="15219"/>
  </way>
  <way id="11952362">
    <nd ref="105983076"/>
    <nd ref="8099223470"/>
    <nd ref="105727712"/>
    <nd ref="13113469310"/>
    <nd ref="105032235"/>
    <nd ref="8099223523"/>
    <nd ref="107597306"/>
    <tag k="highway" v="residential"/>
    <tag k="lane_markings" v="no"/>
    <tag k="lanes" v="2"/>
    <tag k="lit" v="yes"/>
    <tag k="name" v="Pier Street"/>
    <tag k="sidewalk" v="both"/>
    <tag k="surface" v="asphalt"/>
  </way>
  <way id="11955884">
    <nd ref="105097664"/>
    <nd ref="9438347560"/>
    <nd ref="6535897358"/>
    <nd ref="7011447285"/>
    <nd ref="6532840774"/>
    <nd ref="105026656"/>
    <tag k="bicycle" v="yes"/>
    <tag k="cycleway:both" v="lane"/>
    <tag k="highway" v="tertiary"/>
    <tag k="lanes" v="2"/>
    <tag k="lcn" v="yes"/>
    <tag k="lit" v="yes"/>
    <tag k="name" v="North Neville Street"/>
    <tag k="sidewalk:both" v="separate"/>
    <tag k="surface" v="asphalt"/>
    <tag k="tiger:cfcc" v="A41"/>
    <tag k="tiger:name_base" v="Neville"/>
    <tag k="tiger:name_type" v="St"/>
  </way>
  <way id="11956342">
    <nd ref="105152169"/>
    <nd ref="8939923295"/>
    <nd ref="8257303465"/>
    <nd ref="8939943943"/>
    <nd ref="2174876366"/>
    <nd ref="8939943942"/>
    <nd ref="8939943938"/>
    <nd ref="2174876384"/>
    <nd ref="11541375160"/>
    <nd ref="105075896"/>
    <nd ref="8939923299"/>
    <nd ref="2174876391"/>
    <nd ref="8939923293"/>
    <nd ref="8939943941"/>
    <nd ref="8939943939"/>
    <nd ref="2174876389"/>
    <nd ref="8939943940"/>
    <nd ref="12569705782"/>
    <nd ref="12569705784"/>
    <nd ref="12569705778"/>
    <nd ref="7933510420"/>
    <nd ref="7933510427"/>
    <nd ref="8939923259"/>
    <nd ref="104844028"/>
    <tag k="bicycle" v="designated"/>
    <tag k="highway" v="secondary"/>
    <tag k="lanes" v="2"/>
    <tag k="lcn" v="yes"/>
    <tag k="maxspeed" v="25 mph"/>
    <tag k="maxspeed:type" v="sign"/>
    <tag k="name" v="Bigelow Boulevard"/>
    <tag k="name:etymology:wikidata" v="Q5344325"/>
    <tag k="oneway" v="no"/>
    <tag k="sidewalk" v="separate"/>
    <tag k="smoothness" v="good"/>
    <tag k="surface" v="asphalt"/>
    <tag k="tiger:cfcc" v="A41"/>
    <tag k="tiger:name_base" v="Bigelow"/>
    <tag k="tiger:name_type" v="Blvd"/>
    <tag k="tiger:zip_left" v="15213"/>
    <tag k="tiger:zip_right" v="15213"/>
  </way>
  <way id="11956344">
    <nd ref="105075863"/>
    <nd ref="8026959673"/>
    <nd ref="6531768995"/>
    <nd ref="6531768990"/>
    <nd ref="11028367316"/>
    <nd ref="8942919367"/>
    <nd ref="105912518"/>
    <tag k="bicycle" v="designated"/>
    <tag k="cycleway" v="lane"/>
    <tag k="highway" v="secondary"/>
    <tag k="lanes" v="2"/>
    <tag k="lcn" v="yes"/>
    <tag k="lit" v="yes"/>
    <tag k="maxspeed" v="25 mph"/>
    <tag k="name" v="Bigelow Boulevard"/>
    <tag k="name:etymology:wikidata" v="Q5344325"/>
    <tag k="oneway" v="no"/>
    <tag k="sidewalk" v="separate"/>
    <tag k="source:cycleway" v="survey"/>
    <tag k="surface" v="asphalt"/>
    <tag k="tiger:cfcc" v="A41"/>
    <tag k="tiger:name_base" v="Bigelow"/>
    <tag k="tiger:name_type" v="Blvd"/>
    <tag k="tiger:zip_left" v="15213"/>
    <tag k="tiger:zip_right" v="15213"/>
    <tag k="turn:lanes:backward" v="left|through;right"/>
  </way>
  <way id="11956345">
    <nd ref="6588787548"/>
    <nd ref="339263381"/>
    <nd ref="8274805033"/>
    <nd ref="339263407"/>
    <nd ref="339263406"/>
    <nd ref="8593665263"/>
    <tag k="bicycle" v="designated"/>
    <tag k="cycleway:left" v="separate"/>
    <tag k="cycleway:right" v="track"/>
    <tag k="highway" v="secondary"/>
    <tag k="lanes" v="2"/>
    <tag k="lcn" v="yes"/>
    <tag k="maxspeed" v="25 mph"/>
    <tag k="name" v="Bigelow Boulevard"/>
    <tag k="name:etymology:wikidata" v="Q5344325"/>
    <tag k="oneway" v="no"/>
    <tag k="sidewalk" v="separate"/>
    <tag k="smoothness" v="good"/>
    <tag k="surface" v="asphalt"/>
    <tag k="tiger:cfcc" v="A41"/>
    <tag k="tiger:name_base" v="Bigelow"/>
    <tag k="tiger:name_type" v="Blvd"/>
    <tag k="tiger:zip_left" v="15213"/>
    <tag k="tiger:zip_right" v="15213"/>
    <tag k="turn:lanes:backward" v="|through|right"/>
  </way>
  <way id="11956778">
    <nd ref="105013267"/>
    <nd ref="9641486905"/>
    <nd ref="105921429"/>
    <nd ref="9641486835"/>
    <nd ref="104706094"/>
    <tag k="bicycle" v="designated"/>
    <tag k="cycleway" v="shared_lane"/>
    <tag k="cycleway:left" v="shared_lane"/>
    <tag k="cycleway:right" v="shared_lane"/>
    <tag k="highway" v="residential"/>
    <tag k="lanes" v="2"/>
    <tag k="maxspeed" v="25 mph"/>
    <tag k="name" v="Coltart Avenue"/>
    <tag k="sidewalk" v="separate"/>
    <tag k="surface" v="asphalt"/>
  </way>
  <way id="11956950">
    <nd ref="105097673"/>
    <nd ref="9323272980"/>
    <nd ref="7116103375"/>
    <nd ref="7011447290"/>
    <nd ref="107650298"/>
    <nd ref="7011447299"/>
    <nd ref="7011447304"/>
    <nd ref="7011447293"/>
    <nd ref="9294383871"/>
    <nd ref="8254392550"/>
    <nd ref="7062500543"/>
    <nd ref="9438369519"/>
    <nd ref="105026665"/>
    <tag k="highway" v="residential"/>
    <tag k="lane_markings" v="no"/>
    <tag k="name" v="Clyde Street"/>
    <tag k="oneway" v="yes"/>
    <tag k="surface" v="asphalt"/>
    <tag k="tiger:cfcc" v="A41"/>
    <tag k="tiger:name_base" v="Clyde"/>
    <tag k="tiger:name_type" v="St"/>
    <tag k="tiger:zip_left" v="15213"/>
    <tag k="tiger:zip_right" v="15213"/>
  </way>
  <way id="11957936">
    <nd ref="105097564"/>
    <nd ref="6715675205"/>
    <nd ref="1671352229"/>
    <nd ref="105823386"/>
    <nd ref="104375525"/>
    <nd ref="6715675233"/>
    <nd ref="105013320"/>
    <tag k="highway" v="tertiary"/>
    <tag k="lane_markings" v="no"/>
    <tag k="lcn" v="yes"/>
    <tag k="lit" v="yes"/>
    <tag k="maxspeed" v="25 mph"/>
    <tag k="name" v="South Bouquet Street"/>
    <tag k="name:etymology:wikidata" v="Q116866"/>
    <tag k="oneway" v="yes"/>
    <tag k="sidewalk" v="separate"/>
    <tag k="surface" v="asphalt"/>
    <tag k="tiger:cfcc" v="A41"/>
    <tag k="tiger:name_base" v="Bouquet"/>
    <tag k="tiger:name_direction_prefix" v="S"/>
    <tag k="tiger:name_type" v="St"/>
    <tag k="tiger:reviewed" v="no"/>
    <tag k="tiger:zip_left" v="15213"/>
    <tag k="tiger:zip_right" v="15213"/>
  </way>
  <way id="11960711">
    <nd ref="105097632"/>
    <nd ref="9438347553"/>
    <nd ref="8815680506"/>
    <nd ref="5853099149"/>
    <nd ref="1824760835"/>
    <nd ref="6531908939"/>
    <nd ref="1797720244"/>
    <nd ref="2777941488"/>
    <nd ref="1797720247"/>
    <nd ref="6532900306"/>
    <nd ref="560977609"/>
    <tag k="highway" v="secondary"/>
    <tag k="lanes" v="2"/>
    <tag k="name" v="North Craig Street"/>
    <tag k="sidewalk" v="separate"/>
    <tag k="smoothness" v="excellent"/>
    <tag k="surface" v="asphalt"/>
    <tag k="tiger:cfcc" v="A41"/>
    <tag k="tiger:name_base" v="Craig"/>
    <tag k="tiger:name_direction_prefix" v="N"/>
    <tag k="tiger:name_type" v="St"/>
    <tag k="tiger:zip_left" v="15213"/>
    <tag k="tiger:zip_right" v="15213"/>
  </way>
  <way id="11962498">
    <nd ref="105060950"/>
    <nd ref="7291969725"/>
    <nd ref="7291969723"/>
    <nd ref="6535946786"/>
    <nd ref="6535928504"/>
    <nd ref="8099223488"/>
    <nd ref="105983066"/>
    <nd ref="8099223468"/>
    <nd ref="5240330670"/>
    <nd ref="3382338933"/>
    <nd ref="107658824"/>
    <tag k="bicycle" v="designated"/>
    <tag k="cycleway:both" v="shared_lane"/>
    <tag k="cycleway:both:lane" v="pictogram"/>
    <tag k="highway" v="residential"/>
    <tag k="lane_markings" v="no"/>
    <tag k="lcn" v="yes"/>
    <tag k="lit" v="yes"/>
    <tag k="maxspeed" v="25 mph"/>
    <tag k="name" v="Sennott Street"/>
    <tag k="sidewalk" v="separate"/>
    <tag k="surface" v="asphalt"/>
    <tag k="tiger:cfcc" v="A41"/>
    <tag k="tiger:name_base" v="Sennott"/>
    <tag k="tiger:name_type" v="St"/>
    <tag k="tiger:zip_left" v="15213"/>
    <tag k="tiger:zip_right" v="15213"/>
  </way>
  <way id="24850351">
    <nd ref="104507936"/>
    <nd ref="778787728"/>
    <nd ref="778787727"/>
    <nd ref="6531822330"/>
    <nd ref="6531822326"/>
    <nd ref="6535934206"/>
    <nd ref="3416909085"/>
    <nd ref="105711560"/>
    <tag k="bicycle" v="designated"/>
    <tag k="highway" v="tertiary"/>
    <tag k="lanes" v="2"/>
    <tag k="lcn" v="yes"/>
    <tag k="maxspeed" v="25 mph"/>
    <tag k="name" v="Desoto Street"/>
    <tag k="sidewalk:left" v="yes"/>
    <tag k="sidewalk:right" v="separate"/>
    <tag k="surface" v="asphalt"/>
  </way>
  <way id="24864540">
    <nd ref="302964567"/>
    <nd ref="302964538"/>
    <tag k="cycleway:left" v="lane"/>
    <tag k="cycleway:right" v="separate"/>
    <tag k="hgv" v="designated"/>
    <tag k="highway" v="primary"/>
    <tag k="historic:railway" v="tram"/>
    <tag k="lanes" v="2"/>
    <tag k="lcn" v="yes"/>
    <tag k="maxspeed" v="25 mph"/>
    <tag k="name" v="Forbes Avenue"/>
    <tag k="name:etymology:wikidata" v="Q3181518"/>
    <tag k="old_ref" v="US 22;US 30"/>
    <tag k="old_ref_legislative" v="120"/>
    <tag k="oneway" v="no"/>
    <tag k="sidewalk" v="separate"/>
    <tag k="source:hgv" v="https://www.dot.state.pa.us/public/pubsforms/Publications/TruckersMap.pdf"/>
    <tag k="surface" v="asphalt"/>
    <tag k="tiger:cfcc" v="A35"/>
    <tag k="tiger:name_base" v="Forbes"/>
    <tag k="tiger:name_type" v="Ave"/>
    <tag k="tiger:zip_right" v="15213"/>
  </way>
  <way id="24864541">
    <nd ref="105013419"/>
    <nd ref="270186751"/>
    <tag k="bridge" v="yes"/>
    <tag k="cycleway:left" v="lane"/>
    <tag k="cycleway:right" v="separate"/>
    <tag k="highway" v="primary"/>
    <tag k="historic:railway" v="tram"/>
    <tag k="lanes" v="2"/>
    <tag k="layer" v="2"/>
    <tag k="lcn" v="yes"/>
    <tag k="maxspeed" v="25 mph"/>
    <tag k="name" v="Forbes Avenue"/>
    <tag k="name:etymology:wikidata" v="Q3181518"/>
    <tag k="old_ref_legislative" v="120"/>
    <tag k="sidewalk:left" v="yes"/>
    <tag k="sidewalk:right" v="separate"/>
    <tag k="surface" v="asphalt"/>
    <tag k="tiger:cfcc" v="A35"/>
    <tag k="tiger:name_base" v="Forbes"/>
    <tag k="tiger:name_type" v="Ave"/>
    <tag k="tiger:zip_right" v="15213"/>
  </way>
  <way id="24931539">
    <nd ref="302450094"/>
    <nd ref="8140356492"/>
    <nd ref="8140356491"/>
    <nd ref="303455144"/>
    <nd ref="8140356490"/>
    <nd ref="105057957"/>
    <nd ref="8140356489"/>
    <nd ref="8140356488"/>
    <nd ref="303455142"/>
    <nd ref="303189371"/>
    <nd ref="303455141"/>
    <nd ref="8140356496"/>
    <nd ref="270927856"/>
    <tag k="alt_name" v="Frank Curto Drive"/>
    <tag k="bicycle" v="designated"/>
    <tag k="cycleway:left" v="no"/>
    <tag k="highway" v="secondary"/>
    <tag k="lanes" v="1"/>
    <tag k="lcn" v="yes"/>
    <tag k="maxspeed" v="25 mph"/>
    <tag k="name" v="Schenley Drive"/>
    <tag k="note" v="There used to be a separate way for the cycle along this road. I decided to delete that way and tag this road with `cycleway:(left,right)=track` tags because of how the cycle track connected to other roads. Essentially, the way it was before would have l"/>
    <tag k="oneway" v="yes"/>
    <tag k="sidewalk:left" v="no"/>
    <tag k="sidewalk:right" v="separate"/>
    <tag k="surface" v="asphalt"/>
    <tag k="tiger:cfcc" v="A41"/>
    <tag k="tiger:name_base" v="Schenley"/>
    <tag k="tiger:name_type" v="Dr"/>
  </way>
  <way id="24931540">
    <nd ref="105057945"/>
    <nd ref="2967210791"/>
    <tag k="bicycle" v="designated"/>
    <tag k="bridge" v="yes"/>
    <tag k="cycleway:left" v="no"/>
    <tag k="cycleway:right" v="separate"/>
    <tag k="cycleway:right:oneway" v="no"/>
    <tag k="highway" v="secondary"/>
    <tag k="lanes" v="2"/>
    <tag k="layer" v="2"/>
    <tag k="lcn" v="yes"/>
    <tag k="lit" v="yes"/>
    <tag k="maxspeed" v="25 mph"/>
    <tag k="maxweight" v="27 st"/>
    <tag k="name" v="Schenley Drive"/>
    <tag k="note" v="There used to be a separate way for the cycle along this road. I decided to delete that way and tag this road with `cycleway:(left,right)=track` tags because of how the added complexity of having it tagged as a separate way caused it to not appropriately"/>
    <tag k="sidewalk" v="both"/>
    <tag k="smoothness" v="good"/>
    <tag k="surface" v="asphalt"/>
    <tag k="tiger:cfcc" v="A41"/>
    <tag k="tiger:name_base" v="Schenley"/>
    <tag k="tiger:name_type" v="Dr"/>
  </way>
  <way id="24931882">
    <nd ref="104206700"/>
    <nd ref="302979820"/>
    <nd ref="6582544527"/>
    <nd ref="302979821"/>
    <nd ref="302979822"/>
    <nd ref="104670315"/>
    <nd ref="6582544545"/>
    <nd ref="3527071117"/>
    <nd ref="2173649273"/>
    <tag k="bicycle" v="designated"/>
    <tag k="cycleway" v="lane"/>
    <tag k="cycleway:left" v="lane"/>
    <tag k="cycleway:left:oneway" v="no"/>
    <tag k="cycleway:right" v="no"/>
    <tag k="highway" v="secondary"/>
    <tag k="lanes" v="2"/>
    <tag k="lcn" v="yes"/>
    <tag k="maxspeed" v="25 mph"/>
    <tag k="name" v="Panther Hollow Road"/>
    <tag k="name:etymology:wikidata" v="Q18158359"/>
    <tag k="note" v="There used to be a separate way for the cycle along this road. I decided to delete that way and tag this road with `cycleway:(left,right)=track` tags because of how the added complexity of having it tagged as a separate way caused it to not appropriately"/>
    <tag k="oneway:bicycle" v="no"/>
    <tag k="sidewalk" v="separate"/>
    <tag k="source:geometry" v="mapbox"/>
    <tag k="source:sidewalk" v="bing"/>
    <tag k="surface" v="asphalt"/>
    <tag k="tiger:cfcc" v="A41"/>
    <tag k="tiger:name_base" v="Panther Hollow"/>
    <tag k="tiger:name_type" v="Rd"/>
  </way>
  <way id="25655759">
    <nd ref="104832924"/>
    <nd ref="7929727159"/>
    <nd ref="105251150"/>
    <nd ref="105251205"/>
    <tag k="bicycle" v="designated"/>
    <tag k="cycleway:both" v="shared_lane"/>
    <tag k="cycleway:both:lane" v="pictogram"/>
    <tag k="highway" v="residential"/>
    <tag k="lcn" v="yes"/>
    <tag k="maxspeed" v="25 mph"/>
    <tag k="name" v="Boundary Street"/>
    <tag k="tiger:cfcc" v="A41"/>
    <tag k="tiger:name_base" v="Boundary"/>
    <tag k="tiger:name_type" v="St"/>
    <tag k="tiger:reviewed" v="no"/>
    <tag k="tiger:zip_left" v="15213"/>
    <tag k="tiger:zip_left_1" v="15213"/>
    <tag k="tiger:zip_right" v="15213"/>
    <tag k="tiger:zip_right_1" v="15213"/>
  </way>
  <way id="26321021">
    <nd ref="105983066"/>
    <nd ref="8099223489"/>
    <nd ref="6535928502"/>
    <nd ref="7172930458"/>
    <nd ref="6531834493"/>
    <nd ref="11931668220"/>
    <nd ref="7172930447"/>
    <nd ref="8089026929"/>
    <nd ref="6532082747"/>
    <nd ref="105983076"/>
    <nd ref="8099223474"/>
    <nd ref="105983084"/>
    <tag k="highway" v="residential"/>
    <tag k="lane_markings" v="no"/>
    <tag k="lit" v="yes"/>
    <tag k="maxspeed" v="25 mph"/>
    <tag k="name" v="Oakland Avenue"/>
    <tag k="oneway" v="yes"/>
    <tag k="sidewalk" v="separate"/>
    <tag k="smoothness" v="excellent"/>
    <tag k="surface" v="asphalt"/>
    <tag k="tiger:cfcc" v="A41"/>
    <tag k="tiger:name_base" v="Oakland"/>
    <tag k="tiger:name_type" v="Ave"/>
  </way>
  <way id="26321025">
    <nd ref="778788294"/>
    <nd ref="8099223838"/>
    <nd ref="7079157691"/>
    <nd ref="4633218235"/>
    <nd ref="13103066223"/>
    <nd ref="8104080828"/>
    <nd ref="105917282"/>
    <tag k="highway" v="residential"/>
    <tag k="name" v="Oakland Avenue"/>
    <tag k="oneway" v="yes"/>
    <tag k="sidewalk" v="separate"/>
    <tag k="surface" v="asphalt"/>
    <tag k="tiger:cfcc" v="A41"/>
    <tag k="tiger:name_base" v="Oakland"/>
    <tag k="tiger:name_type" v="Ave"/>
    <tag k="tiger:reviewed" v="no"/>
  </way>
  <way id="26321030">
    <nd ref="104580920"/>
    <nd ref="7291969709"/>
    <nd ref="6773913553"/>
    <nd ref="6773913551"/>
    <nd ref="6773913549"/>
    <nd ref="6531827169"/>
    <nd ref="6531827172"/>
    <nd ref="104371210"/>
    <tag k="highway" v="residential"/>
    <tag k="maxspeed" v="25 mph"/>
    <tag k="name" v="Meyran Avenue"/>
    <tag k="oneway" v="no"/>
    <tag k="sidewalk" v="separate"/>
    <tag k="surface" v="asphalt"/>
    <tag k="tiger:cfcc" v="A41"/>
    <tag k="tiger:name_base" v="Meyran"/>
    <tag k="tiger:name_type" v="Ave"/>
    <tag k="tiger:zip_left" v="15213"/>
  </way>
  <way id="26321032">
    <nd ref="106017773"/>
    <nd ref="8099223799"/>
    <nd ref="104198588"/>
    <nd ref="106017779"/>
    <nd ref="8099223874"/>
    <nd ref="106017790"/>
    <tag k="highway" v="residential"/>
    <tag k="lane_markings" v="no"/>
    <tag k="lit" v="yes"/>
    <tag k="name" v="Semple Street"/>
    <tag k="oneway" v="yes"/>
    <tag k="sidewalk" v="separate"/>
    <tag k="smoothness" v="excellent"/>
    <tag k="surface" v="asphalt"/>
    <tag k="tiger:cfcc" v="A41"/>
    <tag k="tiger:name_base" v="Semple"/>
    <tag k="tiger:name_type" v="St"/>
    <tag k="tiger:zip_left" v="15213"/>
    <tag k="tiger:zip_right" v="15213"/>
  </way>
  <way id="27630527">
    <nd ref="302450094"/>
    <nd ref="8470194976"/>
    <nd ref="3955655573"/>
    <nd ref="2178241301"/>
    <nd ref="8140356498"/>
    <nd ref="8140356500"/>
    <nd ref="2766492992"/>
    <tag k="alt_name" v="Frank Curto Drive"/>
    <tag k="bicycle" v="designated"/>
    <tag k="cycleway:left" v="no"/>
    <tag k="cycleway:right" v="separate"/>
    <tag k="cycleway:right:oneway" v="no"/>
    <tag k="highway" v="secondary"/>
    <tag k="lanes" v="2"/>
    <tag k="lcn" v="yes"/>
    <tag k="lit" v="yes"/>
    <tag k="maxspeed" v="25 mph"/>
    <tag k="name" v="Schenley Drive"/>
    <tag k="note" v="There used to be a separate way for the cycle along this road. I decided to delete that way and tag this road with `cycleway:(left,right)=track` tags because of how the added complexity of having it tagged as a separate way caused it to not appropriately"/>
    <tag k="oneway:bicycle" v="no"/>
    <tag k="sidewalk" v="separate"/>
    <tag k="smoothness" v="excellent"/>
    <tag k="source:sidewalk" v="bing"/>
    <tag k="surface" v="asphalt"/>
    <tag k="tiger:cfcc" v="A41"/>
    <tag k="tiger:name_base" v="Schenley"/>
    <tag k="tiger:name_type" v="Dr"/>
  </way>
  <way id="27630556">
    <nd ref="270927856"/>
    <nd ref="8140356495"/>
    <nd ref="303455147"/>
    <nd ref="303455148"/>
    <nd ref="303455149"/>
    <nd ref="3172112481"/>
    <nd ref="14130380570"/>
    <nd ref="303455150"/>
    <nd ref="3955655575"/>
    <nd ref="303455151"/>
    <nd ref="8140356493"/>
    <nd ref="8140356494"/>
    <nd ref="302450094"/>
    <tag k="alt_name" v="Frank Curto Drive"/>
    <tag k="bicycle" v="designated"/>
    <tag k="cycleway:left" v="no"/>
    <tag k="cycleway:right" v="separate"/>
    <tag k="cycleway:right:oneway" v="no"/>
    <tag k="highway" v="secondary"/>
    <tag k="lanes" v="1"/>
    <tag k="lcn" v="yes"/>
    <tag k="maxspeed" v="25 mph"/>
    <tag k="name" v="Schenley Drive"/>
    <tag k="note" v="There used to be a separate way for the cycle along this road. I decided to delete that way and tag this road with `cycleway:(left,right)=track` tags because of how the added complexity of having it tagged as a separate way caused it to not appropriately"/>
    <tag k="oneway" v="yes"/>
    <tag k="sidewalk:left" v="no"/>
    <tag k="sidewalk:right" v="separate"/>
    <tag k="surface" v="asphalt"/>
    <tag k="tiger:cfcc" v="A41"/>
    <tag k="tiger:name_base" v="Schenley"/>
    <tag k="tiger:name_type" v="Dr"/>
  </way>
  <way id="28491261">
    <nd ref="106343692"/>
    <nd ref="7259652824"/>
    <nd ref="3146872002"/>
    <nd ref="105024377"/>
    <nd ref="7259652858"/>
    <nd ref="13113311062"/>
    <nd ref="6532082918"/>
    <nd ref="9508164078"/>
    <nd ref="105186072"/>
    <nd ref="8104080880"/>
    <nd ref="8099223796"/>
    <nd ref="106017773"/>
    <nd ref="8099223791"/>
    <nd ref="104580941"/>
    <nd ref="106032101"/>
    <nd ref="7960221729"/>
    <nd ref="105060960"/>
    <nd ref="7960221731"/>
    <nd ref="778788294"/>
    <nd ref="105983084"/>
    <nd ref="105727720"/>
    <nd ref="105032245"/>
    <nd ref="8099223840"/>
    <nd ref="107574361"/>
    <tag k="highway" v="tertiary"/>
    <tag k="lane_markings" v="no"/>
    <tag k="maxspeed" v="25 mph"/>
    <tag k="name" v="Bates Street"/>
    <tag k="sidewalk" v="separate"/>
    <tag k="surface" v="asphalt"/>
    <tag k="tiger:cfcc" v="A41"/>
    <tag k="tiger:name_base" v="Bates"/>
    <tag k="tiger:name_type" v="St"/>
    <tag k="tiger:reviewed" v="yes"/>
  </way>
  <way id="28727096">
    <nd ref="105097617"/>
    <nd ref="8505528021"/>
    <nd ref="1356017313"/>
    <nd ref="1356087409"/>
    <nd ref="269103305"/>
    <nd ref="1356087412"/>
    <nd ref="1356017326"/>
    <nd ref="8505528149"/>
    <nd ref="104663452"/>
    <nd ref="8505528158"/>
    <nd ref="1355997513"/>
    <nd ref="1824760832"/>
    <nd ref="320029387"/>
    <nd ref="8815680504"/>
    <nd ref="9438347556"/>
    <nd ref="105097632"/>
    <tag k="alt_name" v="5th Avenue"/>
    <tag k="cycleway:both" v="no"/>
    <tag k="highway" v="trunk"/>
    <tag k="lanes" v="4"/>
    <tag k="name" v="Fifth Avenue"/>
    <tag k="sidewalk" v="separate"/>
    <tag k="surface" v="asphalt"/>
    <tag k="tiger:cfcc" v="A41;A35"/>
    <tag k="tiger:name_base" v="Fifth"/>
    <tag k="tiger:name_base_1" v="State Route 8"/>
    <tag k="tiger:name_type" v="Ave"/>
    <tag k="tiger:zip_left" v="15219;15208"/>
  </way>
  <way id="28727103">
    <nd ref="105013396"/>
    <nd ref="8494965502"/>
    <nd ref="11844998215"/>
    <nd ref="8815680500"/>
    <nd ref="105013390"/>
    <nd ref="6535917007"/>
    <nd ref="105013377"/>
    <nd ref="6535895862"/>
    <nd ref="8815680499"/>
    <nd ref="8505528275"/>
    <nd ref="105013369"/>
    <tag k="cycleway" v="separate"/>
    <tag k="hgv" v="designated"/>
    <tag k="highway" v="primary"/>
    <tag k="historic:railway" v="tram"/>
    <tag k="lanes" v="3"/>
    <tag k="lcn" v="yes"/>
    <tag k="lit" v="yes"/>
    <tag k="maxspeed" v="25 mph"/>
    <tag k="name" v="Forbes Avenue"/>
    <tag k="name:etymology:wikidata" v="Q3181518"/>
    <tag k="old_ref_legislative" v="120"/>
    <tag k="sidewalk:both" v="separate"/>
    <tag k="smoothness" v="excellent"/>
    <tag k="surface" v="asphalt"/>
    <tag k="tiger:cfcc" v="A35"/>
    <tag k="tiger:name_base" v="Forbes"/>
    <tag k="tiger:name_type" v="Ave"/>
    <tag k="tiger:zip_right" v="15213"/>
  </way>
  <way id="30678697">
    <nd ref="339263405"/>
    <nd ref="339263408"/>
    <nd ref="6532085187"/>
    <nd ref="8062964649"/>
    <nd ref="1668084490"/>
    <nd ref="105097592"/>
    <tag k="foot" v="yes"/>
    <tag k="highway" v="residential"/>
    <tag k="lane_markings" v="no"/>
    <tag k="lit" v="yes"/>
    <tag k="maxspeed" v="25 mph"/>
    <tag k="noname" v="yes"/>
    <tag k="sidewalk" v="both"/>
    <tag k="surface" v="paving_stones"/>
  </way>
  <way id="62343617">
    <nd ref="107658824"/>
    <nd ref="6715675231"/>
    <nd ref="105013320"/>
    <tag k="bicycle" v="designated"/>
    <tag k="cycleway" v="no"/>
    <tag k="highway" v="tertiary"/>
    <tag k="lanes" v="2"/>
    <tag k="lcn" v="yes"/>
    <tag k="lit" v="yes"/>
    <tag k="maxspeed" v="25 mph"/>
    <tag k="name" v="South Bouquet Street"/>
    <tag k="name:etymology:wikidata" v="Q116866"/>
    <tag k="sidewalk" v="separate"/>
    <tag k="surface" v="asphalt"/>
    <tag k="tiger:cfcc" v="A41"/>
    <tag k="tiger:name_base" v="Bouquet"/>
    <tag k="tiger:name_direction_prefix" v="S"/>
    <tag k="tiger:name_type" v="St"/>
    <tag k="tiger:zip_left" v="15213"/>
    <tag k="tiger:zip_right" v="15213"/>
  </way>
  <way id="121054524">
    <nd ref="9124394404"/>
    <nd ref="1824719304"/>
    <nd ref="2715045157"/>
    <nd ref="320029390"/>
    <nd ref="1824719302"/>
    <nd ref="2715045152"/>
    <nd ref="2715045155"/>
    <nd ref="9124394405"/>
    <nd ref="104991719"/>
    <tag k="highway" v="residential"/>
    <tag k="name" v="Winthrop Street"/>
    <tag k="oneway" v="yes"/>
    <tag k="sidewalk" v="separate"/>
    <tag k="surface" v="asphalt"/>
    <tag k="tiger:cfcc" v="A41"/>
    <tag k="tiger:name_base" v="Winthrop"/>
    <tag k="tiger:name_type" v="St"/>
    <tag k="tiger:reviewed" v="no"/>
    <tag k="tiger:zip_left" v="15213"/>
    <tag k="tiger:zip_right" v="15213"/>
  </way>
  <way id="237385955">
    <nd ref="12569515930"/>
    <nd ref="12569515929"/>
    <nd ref="12569515931"/>
    <nd ref="2014637590"/>
    <nd ref="12569515932"/>
    <nd ref="12569515933"/>
    <nd ref="2014637597"/>
    <nd ref="12569515928"/>
    <nd ref="8032966220"/>
    <nd ref="12572003663"/>
    <nd ref="2014637595"/>
    <nd ref="12572003664"/>
    <nd ref="8032966219"/>
    <nd ref="8032966235"/>
    <nd ref="2014637589"/>
    <nd ref="2174876319"/>
    <nd ref="12572003668"/>
    <nd ref="105001912"/>
    <nd ref="1252057967"/>
    <nd ref="13137662797"/>
    <nd ref="1252057996"/>
    <tag k="access" v="no"/>
    <tag k="highway" v="residential"/>
    <tag k="name" v="University Drive A"/>
    <tag k="tiger:cfcc" v="A41"/>
    <tag k="tiger:name_base" v="University Dr A"/>
    <tag k="tiger:reviewed" v="no"/>
    <tag k="tiger:zip_left" v="15213"/>
  </way>
  <way id="252394551">
    <nd ref="2584519805"/>
    <nd ref="2584519808"/>
    <nd ref="2584519806"/>
    <nd ref="2584519807"/>
    <nd ref="2584519803"/>
    <nd ref="2584519802"/>
    <nd ref="2584519805"/>
    <tag k="addr:state" v="PA"/>
    <tag k="amenity" v="fire_station"/>
    <tag k="building" v="yes"/>
    <tag k="designation" v="EMC and Police and Fire Department"/>
    <tag k="ele" v="344"/>
    <tag k="gnis:feature_id" v="2430015"/>
    <tag k="name" v="Fire Department Number 7"/>
    <tag k="source" v="USGS Geonames"/>
  </way>
  <way id="265895120">
    <nd ref="105935837"/>
    <nd ref="11844998213"/>
    <nd ref="8815680503"/>
    <nd ref="12101754226"/>
    <nd ref="11844998214"/>
    <nd ref="14082000793"/>
    <nd ref="105013396"/>
    <tag k="bicycle" v="designated"/>
    <tag k="hgv" v="designated"/>
    <tag k="highway" v="primary"/>
    <tag k="lanes" v="2"/>
    <tag k="lcn" v="yes"/>
    <tag k="maxspeed" v="25 mph"/>
    <tag k="name" v="South Craig Street"/>
    <tag k="sidewalk:both" v="separate"/>
    <tag k="surface" v="asphalt"/>
    <tag k="tiger:cfcc" v="A41"/>
    <tag k="tiger:name_base" v="Craig"/>
    <tag k="tiger:name_direction_prefix" v="S"/>
    <tag k="tiger:name_type" v="St"/>
    <tag k="tiger:zip_left" v="15213"/>
    <tag k="tiger:zip_right" v="15213"/>
  </way>
  <way id="265895121">
    <nd ref="2715045150"/>
    <nd ref="6784124215"/>
    <nd ref="105692069"/>
    <tag k="access:conditional" v="destination @ (00:00-05:00)"/>
    <tag k="highway" v="residential"/>
    <tag k="lane_markings" v="no"/>
    <tag k="lanes" v="2"/>
    <tag k="name" v="Filmore Street"/>
    <tag k="name:etymology:wikidata" v="Q12306"/>
    <tag k="sidewalk:both" v="separate"/>
    <tag k="surface" v="asphalt"/>
  </way>
  <way id="270554726">
    <nd ref="104853006"/>
    <nd ref="13103066222"/>
    <nd ref="2588524459"/>
    <nd ref="8104080830"/>
    <nd ref="105917282"/>
    <nd ref="13103066224"/>
    <nd ref="8548017819"/>
    <nd ref="8099223868"/>
    <nd ref="105917294"/>
    <tag k="bicycle" v="designated"/>
    <tag k="highway" v="tertiary"/>
    <tag k="lane_markings" v="no"/>
    <tag k="lcn" v="yes"/>
    <tag k="maxspeed" v="25 mph"/>
    <tag k="name" v="Dawson Street"/>
    <tag k="sidewalk" v="separate"/>
    <tag k="surface" v="asphalt"/>
    <tag k="tiger:cfcc" v="A41"/>
    <tag k="tiger:name_base" v="Dawson"/>
    <tag k="tiger:name_type" v="St"/>
    <tag k="tiger:zip_left" v="15213"/>
    <tag k="tiger:zip_right" v="15213"/>
  </way>
  <way id="292851769">
    <nd ref="2964115050"/>
    <nd ref="2766492997"/>
    <nd ref="270928268"/>
    <nd ref="7929727167"/>
    <nd ref="7929727166"/>
    <nd ref="7929727165"/>
    <nd ref="104832924"/>
    <tag k="bicycle" v="designated"/>
    <tag k="cycleway:both" v="shared_lane"/>
    <tag k="cycleway:both:lane" v="pictogram"/>
    <tag k="highway" v="unclassified"/>
    <tag k="lcn" v="yes"/>
    <tag k="maxspeed" v="25 mph"/>
    <tag k="name" v="South Neville Street"/>
    <tag k="tiger:cfcc" v="A41"/>
    <tag k="tiger:name_base" v="Boundary"/>
    <tag k="tiger:name_type" v="St"/>
    <tag k="tiger:zip_left" v="15213"/>
    <tag k="tiger:zip_right" v="15213"/>
  </way>
  <way id="293149229">
    <nd ref="105097546"/>
    <nd ref="8099223605"/>
    <nd ref="104507928"/>
    <nd ref="8099223691"/>
    <nd ref="105060928"/>
    <nd ref="8099223688"/>
    <nd ref="3002278232"/>
    <nd ref="8099223699"/>
    <nd ref="104580895"/>
    <nd ref="8099223726"/>
    <nd ref="105097536"/>
    <nd ref="9641486895"/>
    <nd ref="4617423697"/>
    <nd ref="1926258254"/>
    <tag k="cycleway:both" v="no"/>
    <tag k="highway" v="trunk"/>
    <tag k="lanes" v="4"/>
    <tag k="lcn" v="proposed"/>
    <tag k="maxspeed" v="25 mph"/>
    <tag k="name" v="Fifth Avenue"/>
    <tag k="oneway" v="yes"/>
    <tag k="oneway:bus" v="no"/>
    <tag k="sidewalk:both" v="separate"/>
    <tag k="surface" v="asphalt"/>
    <tag k="tiger:cfcc" v="A41;A35"/>
    <tag k="tiger:name_base" v="Fifth"/>
    <tag k="tiger:name_base_1" v="State Route 8"/>
    <tag k="tiger:name_type" v="Ave"/>
    <tag k="tiger:zip_left" v="15219;15208"/>
  </way>
  <way id="293149231">
    <nd ref="105013345"/>
    <nd ref="6715675243"/>
    <nd ref="14086293854"/>
    <nd ref="8815680496"/>
    <nd ref="1669486808"/>
    <nd ref="7835808653"/>
    <nd ref="104507069"/>
    <tag k="bicycle" v="designated"/>
    <tag k="cycleway" v="separate"/>
    <tag k="cycleway:left:oneway" v="-1"/>
    <tag k="highway" v="trunk"/>
    <tag k="historic:railway" v="tram"/>
    <tag k="lanes" v="3"/>
    <tag k="lcn" v="yes"/>
    <tag k="lit" v="yes"/>
    <tag k="maxspeed" v="25 mph"/>
    <tag k="name" v="Forbes Avenue"/>
    <tag k="name:etymology:wikidata" v="Q3181518"/>
    <tag k="old_ref_legislative" v="120"/>
    <tag k="oneway" v="yes"/>
    <tag k="oneway_type" v="opposite_lane"/>
    <tag k="sidewalk:both" v="separate"/>
    <tag k="surface" v="asphalt"/>
    <tag k="tiger:cfcc" v="A35"/>
    <tag k="tiger:name_base" v="Forbes"/>
    <tag k="tiger:name_type" v="Ave"/>
    <tag k="tiger:zip_left" v="15213"/>
  </way>
  <way id="293149233">
    <nd ref="2967210791"/>
    <nd ref="2964090370"/>
    <nd ref="3781721938"/>
    <tag k="bicycle" v="designated"/>
    <tag k="bridge" v="yes"/>
    <tag k="cycleway:left" v="no"/>
    <tag k="cycleway:right" v="separate"/>
    <tag k="cycleway:right:oneway" v="no"/>
    <tag k="highway" v="secondary"/>
    <tag k="lanes" v="2"/>
    <tag k="layer" v="2"/>
    <tag k="lcn" v="yes"/>
    <tag k="maxspeed" v="25 mph"/>
    <tag k="maxweight" v="27 st"/>
    <tag k="name" v="Schenley Drive"/>
    <tag k="note" v="There used to be a separate way for the cycle along this road. I decided to delete that way and tag this road with `cycleway:(left,right)=track` tags because of how the added complexity of having it tagged as a separate way caused it to not appropriately"/>
    <tag k="sidewalk" v="both"/>
    <tag k="smoothness" v="good"/>
    <tag k="surface" v="asphalt"/>
    <tag k="tiger:cfcc" v="A41"/>
    <tag k="tiger:name_base" v="Schenley"/>
    <tag k="tiger:name_type" v="Dr"/>
  </way>
  <way id="294283124">
    <nd ref="104590338"/>
    <nd ref="104590348"/>
    <nd ref="1252057896"/>
    <nd ref="1252057924"/>
    <nd ref="1252057948"/>
    <nd ref="1252057878"/>
    <nd ref="1252057970"/>
    <nd ref="13137705272"/>
    <nd ref="104844013"/>
    <tag k="highway" v="residential"/>
    <tag k="lane_markings" v="no"/>
    <tag k="name" v="Harold Street"/>
    <tag k="sidewalk" v="no"/>
    <tag k="surface" v="asphalt"/>
  </way>
  <way id="294283125">
    <nd ref="105001872"/>
    <nd ref="6531962209"/>
    <nd ref="11028367314"/>
    <nd ref="6531962812"/>
    <nd ref="6531974849"/>
    <nd ref="12572003680"/>
    <nd ref="2978788826"/>
    <tag k="highway" v="residential"/>
    <tag k="lane_markings" v="no"/>
    <tag k="maxspeed" v="25 mph"/>
    <tag k="name" v="Parkman Avenue"/>
    <tag k="sidewalk" v="separate"/>
    <tag k="surface" v="asphalt"/>
    <tag k="tiger:cfcc" v="A41"/>
    <tag k="tiger:name_base" v="Parkman"/>
    <tag k="tiger:name_type" v="Ave"/>
    <tag k="tiger:zip_left" v="15213"/>
    <tag k="tiger:zip_right" v="15213"/>
  </way>
  <way id="294294285">
    <nd ref="6532888150"/>
    <nd ref="2174857615"/>
    <tag k="bicycle" v="designated"/>
    <tag k="cycleway" v="lane"/>
    <tag k="highway" v="secondary"/>
    <tag k="lanes" v="2"/>
    <tag k="lanes:backward" v="1"/>
    <tag k="lanes:forward" v="1"/>
    <tag k="lcn" v="yes"/>
    <tag k="maxspeed" v="25 mph"/>
    <tag k="name" v="Bigelow Boulevard"/>
    <tag k="name:etymology:wikidata" v="Q5344325"/>
    <tag k="oneway" v="no"/>
    <tag k="sidewalk" v="separate"/>
    <tag k="source:cycleway" v="survey"/>
    <tag k="surface" v="asphalt"/>
    <tag k="tiger:cfcc" v="A41"/>
    <tag k="tiger:name_base" v="Bigelow"/>
    <tag k="tiger:name_type" v="Blvd"/>
    <tag k="tiger:zip_left" v="15213"/>
    <tag k="tiger:zip_right" v="15213"/>
  </way>
  <way id="294294299">
    <nd ref="105013257"/>
    <nd ref="9641486902"/>
    <nd ref="6532911366"/>
    <nd ref="6532075339"/>
    <nd ref="6532075341"/>
    <nd ref="105013267"/>
    <nd ref="8548221227"/>
    <nd ref="6532916591"/>
    <nd ref="9641486949"/>
    <nd ref="105013281"/>
    <nd ref="11591344552"/>
    <nd ref="6531841831"/>
    <nd ref="6531841835"/>
    <nd ref="105013293"/>
    <nd ref="7291969711"/>
    <nd ref="104580920"/>
    <nd ref="7291969714"/>
    <nd ref="7291969729"/>
    <nd ref="105013303"/>
    <nd ref="7291969732"/>
    <nd ref="8099223584"/>
    <nd ref="105013312"/>
    <nd ref="8099223586"/>
    <nd ref="6715675234"/>
    <nd ref="105013320"/>
    <tag k="highway" v="trunk"/>
    <tag k="historic:railway" v="tram"/>
    <tag k="lanes" v="3"/>
    <tag k="maxspeed" v="25 mph"/>
    <tag k="name" v="Forbes Avenue"/>
    <tag k="name:etymology:wikidata" v="Q3181518"/>
    <tag k="old_ref_legislative" v="120"/>
    <tag k="oneway" v="yes"/>
    <tag k="sidewalk" v="separate"/>
    <tag k="surface" v="asphalt"/>
    <tag k="tiger:cfcc" v="A35"/>
    <tag k="tiger:name_base" v="Forbes"/>
    <tag k="tiger:name_type" v="Ave"/>
    <tag k="tiger:zip_left" v="15213"/>
  </way>
  <way id="294294307">
    <nd ref="105912518"/>
    <nd ref="8942919371"/>
    <nd ref="8942919353"/>
    <nd ref="105075877"/>
    <tag k="highway" v="residential"/>
    <tag k="lanes" v="2"/>
    <tag k="name" v="Lytton Avenue"/>
    <tag k="name:etymology:wikidata" v="Q318462"/>
    <tag k="parking:lane:right" v="no_parking"/>
    <tag k="sidewalk" v="separate"/>
    <tag k="surface" v="asphalt"/>
    <tag k="tiger:cfcc" v="A41"/>
    <tag k="tiger:name_base" v="Lytton"/>
    <tag k="tiger:name_type" v="Ave"/>
    <tag k="tiger:zip_left" v="15213"/>
    <tag k="tiger:zip_right" v="15213"/>
  </way>
  <way id="294294324">
    <nd ref="2978788826"/>
    <nd ref="12569705756"/>
    <nd ref="12569705758"/>
    <nd ref="12569705760"/>
    <nd ref="12569705764"/>
    <nd ref="12569705762"/>
    <nd ref="12569705765"/>
    <nd ref="12569705767"/>
    <nd ref="12569705769"/>
    <nd ref="105075877"/>
    <nd ref="105075882"/>
    <nd ref="2978788829"/>
    <tag k="highway" v="residential"/>
    <tag k="lanes" v="2"/>
    <tag k="maxspeed" v="25 mph"/>
    <tag k="name" v="Parkman Avenue"/>
    <tag k="oneway" v="yes"/>
    <tag k="sidewalk" v="separate"/>
    <tag k="surface" v="asphalt"/>
    <tag k="tiger:cfcc" v="A41"/>
    <tag k="tiger:name_base" v="Parkman"/>
    <tag k="tiger:name_type" v="Ave"/>
    <tag k="tiger:zip_left" v="15213"/>
    <tag k="tiger:zip_right" v="15213"/>
  </way>
  <way id="294294327">
    <nd ref="2978788829"/>
    <nd ref="2174876406"/>
    <nd ref="8939923296"/>
    <nd ref="2174876397"/>
    <nd ref="8939923298"/>
    <nd ref="105075896"/>
    <tag k="highway" v="residential"/>
    <tag k="lane_markings" v="no"/>
    <tag k="lanes" v="1"/>
    <tag k="maxspeed" v="25 mph"/>
    <tag k="name" v="Parkman Avenue"/>
    <tag k="oneway" v="yes"/>
    <tag k="parking:lane:left" v="no_parking"/>
    <tag k="sidewalk" v="separate"/>
    <tag k="surface" v="asphalt"/>
    <tag k="tiger:cfcc" v="A41"/>
    <tag k="tiger:name_base" v="Parkman"/>
    <tag k="tiger:name_type" v="Ave"/>
    <tag k="tiger:zip_left" v="15213"/>
    <tag k="tiger:zip_right" v="15213"/>
  </way>
  <way id="294921088">
    <nd ref="105152180"/>
    <nd ref="8505528137"/>
    <nd ref="6531970908"/>
    <nd ref="8838069245"/>
    <nd ref="10258068132"/>
    <nd ref="8505528252"/>
    <nd ref="104663459"/>
    <nd ref="8557740960"/>
    <nd ref="104649281"/>
    <nd ref="8939943993"/>
    <nd ref="6531929213"/>
    <nd ref="8495061815"/>
    <nd ref="8765677568"/>
    <nd ref="105152192"/>
    <tag k="bicycle" v="designated"/>
    <tag k="cycleway" v="lane"/>
    <tag k="highway" v="secondary"/>
    <tag k="lanes" v="2"/>
    <tag k="lcn" v="yes"/>
    <tag k="lit" v="yes"/>
    <tag k="maxspeed" v="25 mph"/>
    <tag k="name" v="Bayard Street"/>
    <tag k="parking:lane:both" v="no"/>
    <tag k="sidewalk" v="separate"/>
    <tag k="source:cycleway" v="survey"/>
    <tag k="surface" v="asphalt"/>
    <tag k="tiger:cfcc" v="A41"/>
    <tag k="tiger:name_base" v="Bayard"/>
    <tag k="tiger:name_type" v="St"/>
    <tag k="tiger:zip_left" v="15213"/>
    <tag k="tiger:zip_right" v="15213"/>
  </way>
  <way id="294921094">
    <nd ref="105912518"/>
    <nd ref="8942919629"/>
    <nd ref="106008866"/>
    <nd ref="105136535"/>
    <nd ref="105152169"/>
    <tag k="bicycle" v="designated"/>
    <tag k="check_date" v="2024-04-09"/>
    <tag k="cycleway" v="lane"/>
    <tag k="highway" v="secondary"/>
    <tag k="lanes" v="2"/>
    <tag k="lcn" v="yes"/>
    <tag k="lit" v="yes"/>
    <tag k="maxspeed" v="25 mph"/>
    <tag k="name" v="Bigelow Boulevard"/>
    <tag k="name:etymology:wikidata" v="Q5344325"/>
    <tag k="oneway" v="no"/>
    <tag k="sidewalk" v="separate"/>
    <tag k="source:cycleway" v="survey"/>
    <tag k="surface" v="asphalt"/>
    <tag k="tiger:cfcc" v="A41"/>
    <tag k="tiger:name_base" v="Bigelow"/>
    <tag k="tiger:name_type" v="Blvd"/>
    <tag k="tiger:zip_left" v="15213"/>
    <tag k="tiger:zip_right" v="15213"/>
  </way>
  <way id="294921122">
    <nd ref="105209405"/>
    <nd ref="13406054812"/>
    <nd ref="9124394401"/>
    <nd ref="6531863897"/>
    <nd ref="2715045153"/>
    <tag k="highway" v="residential"/>
    <tag k="lane_markings" v="no"/>
    <tag k="lanes" v="2"/>
    <tag k="name" v="Filmore Street"/>
    <tag k="name:etymology:wikidata" v="Q12306"/>
    <tag k="oneway" v="no"/>
    <tag k="sidewalk:left" v="separate"/>
    <tag k="sidewalk:right" v="yes"/>
    <tag k="surface" v="asphalt"/>
  </way>
  <way id="294921123">
    <nd ref="8483983340"/>
    <nd ref="6535895867"/>
    <nd ref="8815680498"/>
    <nd ref="8505528276"/>
    <nd ref="105013369"/>
    <tag k="bicycle" v="designated"/>
    <tag k="cycleway" v="separate"/>
    <tag k="cycleway:left:oneway" v="-1"/>
    <tag k="highway" v="trunk"/>
    <tag k="historic:railway" v="tram"/>
    <tag k="lanes" v="4"/>
    <tag k="lcn" v="yes"/>
    <tag k="lit" v="yes"/>
    <tag k="maxspeed" v="25 mph"/>
    <tag k="name" v="Forbes Avenue"/>
    <tag k="name:etymology:wikidata" v="Q3181518"/>
    <tag k="old_ref_legislative" v="120"/>
    <tag k="oneway" v="yes"/>
    <tag k="oneway:bicycle" v="no"/>
    <tag k="sidewalk:both" v="separate"/>
    <tag k="surface" v="asphalt"/>
    <tag k="tiger:cfcc" v="A35"/>
    <tag k="tiger:name_base" v="Forbes"/>
    <tag k="tiger:name_type" v="Ave"/>
    <tag k="tiger:zip_left" v="15213"/>
    <tag k="turn:lanes" v="left|left|through|through"/>
  </way>
  <way id="294921129">
    <nd ref="472536830"/>
    <nd ref="6535929136"/>
    <nd ref="6531934492"/>
    <nd ref="12172299449"/>
    <nd ref="104931010"/>
    <tag k="highway" v="residential"/>
    <tag k="name" v="Henry Street"/>
    <tag k="sidewalk" v="both"/>
    <tag k="tiger:cfcc" v="A41"/>
    <tag k="tiger:name_base" v="Henry"/>
    <tag k="tiger:name_type" v="St"/>
    <tag k="tiger:reviewed" v="no"/>
    <tag k="tiger:zip_left" v="15213"/>
    <tag k="tiger:zip_right" v="15213"/>
  </way>
  <way id="294921134">
    <nd ref="104930999"/>
    <nd ref="12172299445"/>
    <nd ref="6531934802"/>
    <nd ref="2777979082"/>
    <nd ref="472536830"/>
    <tag k="highway" v="residential"/>
    <tag k="lane_markings" v="no"/>
    <tag k="name" v="Henry Street"/>
    <tag k="parking:lane:left" v="no_parking"/>
    <tag k="sidewalk" v="both"/>
    <tag k="surface" v="asphalt"/>
    <tag k="tiger:cfcc" v="A41"/>
    <tag k="tiger:name_base" v="Henry"/>
    <tag k="tiger:name_type" v="St"/>
    <tag k="tiger:reviewed" v="no"/>
    <tag k="tiger:zip_left" v="15213"/>
    <tag k="tiger:zip_right" v="15213"/>
  </way>
  <way id="294921138">
    <nd ref="2985643168"/>
    <nd ref="2715045154"/>
    <nd ref="10307730379"/>
    <nd ref="320029388"/>
    <nd ref="320029389"/>
    <nd ref="2715045156"/>
    <nd ref="8505528171"/>
    <nd ref="104930999"/>
    <tag k="highway" v="residential"/>
    <tag k="lane_markings" v="no"/>
    <tag k="name" v="Henry Street"/>
    <tag k="sidewalk" v="both"/>
    <tag k="surface" v="asphalt"/>
    <tag k="tiger:cfcc" v="A41"/>
    <tag k="tiger:name_base" v="Henry"/>
    <tag k="tiger:name_type" v="St"/>
    <tag k="tiger:reviewed" v="no"/>
    <tag k="tiger:zip_left" v="15213"/>
    <tag k="tiger:zip_right" v="15213"/>
  </way>
  <way id="294921205">
    <nd ref="105209405"/>
    <nd ref="9124394400"/>
    <nd ref="6531863901"/>
    <nd ref="9385994293"/>
    <nd ref="14082000796"/>
    <nd ref="105013377"/>
    <tag k="highway" v="residential"/>
    <tag k="lane_markings" v="no"/>
    <tag k="lit" v="yes"/>
    <tag k="maxspeed" v="25 mph"/>
    <tag k="name" v="South Dithridge Street"/>
    <tag k="sidewalk:left" v="yes"/>
    <tag k="sidewalk:right" v="separate"/>
    <tag k="surface" v="asphalt"/>
    <tag k="tiger:cfcc" v="A41"/>
    <tag k="tiger:name_base" v="Dithridge"/>
    <tag k="tiger:name_direction_prefix" v="S"/>
    <tag k="tiger:name_type" v="St"/>
    <tag k="tiger:zip_left" v="15213"/>
    <tag k="tiger:zip_right" v="15213"/>
  </way>
  <way id="294921206">
    <nd ref="104930984"/>
    <nd ref="6531937626"/>
    <nd ref="6531937624"/>
    <nd ref="6531937622"/>
    <nd ref="104991719"/>
    <nd ref="6588781967"/>
    <nd ref="6618563164"/>
    <nd ref="9124394398"/>
    <nd ref="105209405"/>
    <tag k="highway" v="residential"/>
    <tag k="lane_markings" v="no"/>
    <tag k="lit" v="yes"/>
    <tag k="maxspeed" v="25 mph"/>
    <tag k="maxspeed:type" v="sign"/>
    <tag k="name" v="South Dithridge Street"/>
    <tag k="parking:lane:left" v="no_parking;no_stopping"/>
    <tag k="sidewalk:both" v="separate"/>
    <tag k="surface" v="asphalt"/>
    <tag k="tiger:cfcc" v="A41"/>
    <tag k="tiger:name_base" v="Dithridge"/>
    <tag k="tiger:name_direction_prefix" v="S"/>
    <tag k="tiger:name_type" v="St"/>
    <tag k="tiger:zip_left" v="15213"/>
    <tag k="tiger:zip_right" v="15213"/>
  </way>
  <way id="294921219">
    <nd ref="104925171"/>
    <nd ref="8026948878"/>
    <nd ref="6535956493"/>
    <nd ref="2985643129"/>
    <tag k="highway" v="residential"/>
    <tag k="lane_markings" v="no"/>
    <tag k="lanes" v="2"/>
    <tag k="lit" v="yes"/>
    <tag k="maxspeed" v="25 mph"/>
    <tag k="name" v="Thackeray Street"/>
    <tag k="oneway" v="yes"/>
    <tag k="sidewalk" v="separate"/>
    <tag k="surface" v="asphalt"/>
  </way>
  <way id="296429762">
    <nd ref="302755545"/>
    <nd ref="1705345498"/>
    <nd ref="10862658794"/>
    <nd ref="13364301400"/>
    <nd ref="3643294719"/>
    <nd ref="13419336561"/>
    <nd ref="106098077"/>
    <tag k="bicycle" v="designated"/>
    <tag k="cycleway:left" v="opposite_lane"/>
    <tag k="cycleway:left:oneway" v="no"/>
    <tag k="cycleway:left:segregated" v="no"/>
    <tag k="cycleway:left:separation" v="flex_post"/>
    <tag k="cycleway:right" v="shared_lane"/>
    <tag k="highway" v="residential"/>
    <tag k="lanes" v="1"/>
    <tag k="lcn" v="yes"/>
    <tag k="name" v="Frew Street"/>
    <tag k="name:etymology:wikidata" v="Q75991210"/>
    <tag k="oneway" v="yes"/>
    <tag k="oneway:bicycle" v="no"/>
    <tag k="parking:lane:left" v="perpendicular"/>
    <tag k="parking:left" v="lane"/>
    <tag k="sidewalk:left" v="yes"/>
    <tag k="sidewalk:right" v="separate"/>
    <tag k="surface" v="asphalt"/>
    <tag k="tiger:cfcc" v="A41"/>
    <tag k="tiger:name_base" v="Frew"/>
    <tag k="tiger:name_type" v="St"/>
    <tag k="tiger:zip_left" v="15213"/>
    <tag k="tiger:zip_right" v="15213"/>
  </way>
  <way id="302191265">
    <nd ref="104844013"/>
    <nd ref="6260915116"/>
    <nd ref="6260915117"/>
    <nd ref="6260915112"/>
    <nd ref="104844017"/>
    <nd ref="104844020"/>
    <nd ref="1252058000"/>
    <nd ref="104844024"/>
    <tag k="bicycle" v="designated"/>
    <tag k="highway" v="secondary"/>
    <tag k="lanes" v="2"/>
    <tag k="lcn" v="yes"/>
    <tag k="name" v="Centre Avenue"/>
    <tag k="sidewalk:both" v="separate"/>
    <tag k="surface" v="asphalt"/>
  </way>
  <way id="302193662">
    <nd ref="105774222"/>
    <nd ref="12009176846"/>
    <nd ref="6186273013"/>
    <nd ref="6186513581"/>
    <nd ref="6186513544"/>
    <nd ref="581964473"/>
    <nd ref="6535916592"/>
    <nd ref="12824107152"/>
    <nd ref="581964474"/>
    <nd ref="12824107153"/>
    <nd ref="6186514330"/>
    <nd ref="6186513573"/>
    <nd ref="12824107149"/>
    <nd ref="5513823541"/>
    <nd ref="12824107150"/>
    <nd ref="5513823542"/>
    <nd ref="12824107151"/>
    <nd ref="6186513570"/>
    <nd ref="105002609"/>
    <tag k="bicycle" v="yes"/>
    <tag k="highway" v="tertiary"/>
    <tag k="maxspeed" v="25 mph"/>
    <tag k="name" v="Allequippa Street"/>
    <tag k="name:etymology:wikidata" v="Q7270190"/>
    <tag k="sidewalk:both" v="separate"/>
    <tag k="surface" v="asphalt"/>
    <tag k="tiger:cfcc" v="A41"/>
    <tag k="tiger:name_base" v="Allequippa"/>
    <tag k="tiger:name_type" v="St"/>
    <tag k="tiger:reviewed" v="no"/>
    <tag k="tiger:zip_left" v="15213"/>
  </way>
  <way id="302193666">
    <nd ref="104844024"/>
    <nd ref="7914396448"/>
    <nd ref="1252057934"/>
    <nd ref="11028356486"/>
    <nd ref="104843460"/>
    <tag k="bicycle" v="designated"/>
    <tag k="highway" v="secondary"/>
    <tag k="lanes" v="2"/>
    <tag k="lcn" v="yes"/>
    <tag k="name" v="Centre Avenue"/>
    <tag k="sidewalk:both" v="separate"/>
    <tag k="surface" v="asphalt"/>
    <tag k="tiger:cfcc" v="A41"/>
    <tag k="tiger:name_base" v="Centre"/>
    <tag k="tiger:name_type" v="Ave"/>
    <tag k="tiger:reviewed" v="no"/>
    <tag k="tiger:zip_left" v="15232"/>
    <tag k="tiger:zip_right" v="15232"/>
  </way>
  <way id="302256386">
    <nd ref="105711560"/>
    <nd ref="6618540958"/>
    <nd ref="12716773649"/>
    <nd ref="2452921290"/>
    <nd ref="6188628530"/>
    <nd ref="12716773648"/>
    <nd ref="8934181476"/>
    <nd ref="104707731"/>
    <tag k="cycleway:left" v="lane"/>
    <tag k="cycleway:right" v="track"/>
    <tag k="highway" v="tertiary"/>
    <tag k="lanes" v="2"/>
    <tag k="maxspeed" v="25 mph"/>
    <tag k="name" v="Desoto Street"/>
    <tag k="sidewalk:left" v="yes"/>
    <tag k="sidewalk:right" v="separate"/>
    <tag k="surface" v="asphalt"/>
    <tag k="tiger:cfcc" v="A41"/>
    <tag k="tiger:name_base" v="Desoto"/>
    <tag k="tiger:name_type" v="St"/>
    <tag k="tiger:reviewed" v="no"/>
    <tag k="tiger:zip_left" v="15213"/>
    <tag k="tiger:zip_right" v="15213"/>
  </way>
  <way id="302256387">
    <nd ref="105075863"/>
    <nd ref="8026959671"/>
    <nd ref="105711578"/>
    <nd ref="2985643145"/>
    <nd ref="6535874852"/>
    <nd ref="6532848711"/>
    <nd ref="6532848714"/>
    <nd ref="8026948880"/>
    <nd ref="104925171"/>
    <nd ref="14002860728"/>
    <nd ref="14002860730"/>
    <nd ref="6535919491"/>
    <nd ref="14002860735"/>
    <nd ref="14002860732"/>
    <nd ref="6535919493"/>
    <nd ref="6535919495"/>
    <nd ref="105711567"/>
    <tag k="bicycle" v="designated"/>
    <tag k="cycleway" v="lane"/>
    <tag k="highway" v="tertiary"/>
    <tag k="lanes" v="2"/>
    <tag k="lcn" v="yes"/>
    <tag k="lit" v="yes"/>
    <tag k="maxspeed" v="25 mph"/>
    <tag k="name" v="O'Hara Street"/>
    <tag k="name:etymology:wikidata" v="Q6140495"/>
    <tag k="sidewalk:both" v="separate"/>
    <tag k="source:cycleway" v="survey"/>
    <tag k="surface" v="asphalt"/>
    <tag k="tiger:cfcc" v="A41"/>
    <tag k="tiger:name_base" v="O Hara"/>
    <tag k="tiger:name_type" v="St"/>
    <tag k="tiger:zip_left" v="15213"/>
    <tag k="tiger:zip_right" v="15213"/>
  </way>
  <way id="302256388">
    <nd ref="104707731"/>
    <nd ref="6535941792"/>
    <nd ref="2452921289"/>
    <nd ref="13419398336"/>
    <nd ref="104707727"/>
    <tag k="cycleway:left" v="track"/>
    <tag k="cycleway:right" v="lane"/>
    <tag k="highway" v="tertiary"/>
    <tag k="maxspeed" v="25 mph"/>
    <tag k="name" v="Terrace Street"/>
    <tag k="sidewalk:left" v="yes"/>
    <tag k="sidewalk:right" v="separate"/>
    <tag k="surface" v="asphalt"/>
    <tag k="tiger:cfcc" v="A41"/>
    <tag k="tiger:name_base" v="Terrace"/>
    <tag k="tiger:name_type" v="St"/>
    <tag k="tiger:reviewed" v="no"/>
    <tag k="tiger:zip_left" v="15213"/>
    <tag k="tiger:zip_right" v="15213"/>
  </way>
  <way id="313330279">
    <nd ref="9124394404"/>
    <nd ref="12172299444"/>
    <nd ref="12172299458"/>
    <nd ref="472536851"/>
    <nd ref="560966947"/>
    <nd ref="2715045151"/>
    <nd ref="12172299451"/>
    <nd ref="104991736"/>
    <tag k="access:conditional" v="destination @ (00:00-05:00)"/>
    <tag k="highway" v="residential"/>
    <tag k="lane_markings" v="no"/>
    <tag k="name" v="Winthrop Street"/>
    <tag k="sidewalk" v="both"/>
    <tag k="source:access" v="survey"/>
    <tag k="surface" v="asphalt"/>
  </way>
  <way id="315436625">
    <nd ref="693545105"/>
    <nd ref="3192430435"/>
    <nd ref="3192430439"/>
    <nd ref="105251110"/>
    <nd ref="2766493000"/>
    <nd ref="3382338906"/>
    <nd ref="105251133"/>
    <nd ref="105251139"/>
    <nd ref="2964115050"/>
    <tag k="bicycle" v="designated"/>
    <tag k="cycleway:both" v="shared_lane"/>
    <tag k="cycleway:both:lane" v="pictogram"/>
    <tag k="highway" v="unclassified"/>
    <tag k="lcn" v="yes"/>
    <tag k="maxspeed" v="25 mph"/>
    <tag k="name" v="South Neville Street"/>
    <tag k="tiger:cfcc" v="A41"/>
    <tag k="tiger:name_base" v="Boundary"/>
    <tag k="tiger:name_type" v="St"/>
    <tag k="tiger:zip_left" v="15213"/>
    <tag k="tiger:zip_right" v="15213"/>
  </way>
  <way id="320455187">
    <nd ref="8752021354"/>
    <nd ref="6535938340"/>
    <nd ref="6535938337"/>
    <nd ref="3315428061"/>
    <nd ref="8815680502"/>
    <nd ref="12100111876"/>
    <tag k="cycleway:left" v="lane"/>
    <tag k="cycleway:right" v="separate"/>
    <tag k="highway" v="primary"/>
    <tag k="historic:railway" v="tram"/>
    <tag k="lanes" v="3"/>
    <tag k="lcn" v="yes"/>
    <tag k="maxspeed" v="25 mph"/>
    <tag k="name" v="Forbes Avenue"/>
    <tag k="name:etymology:wikidata" v="Q3181518"/>
    <tag k="old_ref_legislative" v="120"/>
    <tag k="sidewalk:left" v="yes"/>
    <tag k="sidewalk:right" v="separate"/>
    <tag k="surface" v="asphalt"/>
    <tag k="tiger:cfcc" v="A35"/>
    <tag k="tiger:name_base" v="Forbes"/>
    <tag k="tiger:name_type" v="Ave"/>
    <tag k="tiger:zip_right" v="15213"/>
  </way>
  <way id="320948876">
    <nd ref="105024352"/>
    <nd ref="3305302926"/>
    <nd ref="4961765354"/>
    <nd ref="6532880456"/>
    <nd ref="6532925074"/>
    <nd ref="105037561"/>
    <nd ref="104706071"/>
    <nd ref="3198340568"/>
    <nd ref="105037555"/>
    <nd ref="9641485290"/>
    <nd ref="105013257"/>
    <tag k="highway" v="secondary"/>
    <tag k="lanes" v="2"/>
    <tag k="maxspeed" v="25 mph"/>
    <tag k="name" v="Halket Street"/>
    <tag k="name:etymology:wikidata" v="Q25999336"/>
    <tag k="parking:left" v="no"/>
    <tag k="parking:right" v="lane"/>
    <tag k="parking:right:orientation" v="parallel"/>
    <tag k="sidewalk" v="separate"/>
    <tag k="surface" v="asphalt"/>
    <tag k="tiger:cfcc" v="A41"/>
    <tag k="tiger:name_base" v="Halket"/>
    <tag k="tiger:name_type" v="St"/>
    <tag k="tiger:zip_left" v="15213"/>
    <tag k="tiger:zip_right" v="15213"/>
  </way>
  <way id="320948882">
    <nd ref="105152180"/>
    <nd ref="8505528268"/>
    <nd ref="8838069250"/>
    <nd ref="6532886296"/>
    <nd ref="5847995444"/>
    <nd ref="6531879007"/>
    <nd ref="11028367320"/>
    <nd ref="6531699393"/>
    <nd ref="6531681262"/>
    <nd ref="6531699390"/>
    <nd ref="11028367319"/>
    <nd ref="11028367321"/>
    <nd ref="6531677793"/>
    <nd ref="6531693856"/>
    <nd ref="8939943999"/>
    <nd ref="8939944024"/>
    <nd ref="104844032"/>
    <tag k="highway" v="residential"/>
    <tag k="lanes" v="2"/>
    <tag k="layer" v="-1"/>
    <tag k="lit" v="yes"/>
    <tag k="maxspeed" v="25 mph"/>
    <tag k="maxspeed:type" v="sign"/>
    <tag k="name" v="North Bellefield Avenue"/>
    <tag k="sidewalk" v="separate"/>
    <tag k="smoothness" v="good"/>
    <tag k="surface" v="asphalt"/>
    <tag k="tiger:cfcc" v="A41"/>
    <tag k="tiger:name_base" v="Bellefield"/>
    <tag k="tiger:name_direction_prefix" v="N"/>
    <tag k="tiger:name_type" v="Ave"/>
    <tag k="tiger:zip_left" v="15213"/>
    <tag k="tiger:zip_right" v="15213"/>
  </way>
  <way id="323751621">
    <nd ref="104706102"/>
    <nd ref="9508164104"/>
    <nd ref="3116152590"/>
    <nd ref="2588520303"/>
    <nd ref="10046281751"/>
    <nd ref="9508164080"/>
    <nd ref="105186072"/>
    <tag k="bicycle" v="designated"/>
    <tag k="highway" v="tertiary"/>
    <tag k="lanes" v="2"/>
    <tag k="lcn" v="yes"/>
    <tag k="maxspeed" v="25 mph"/>
    <tag k="name" v="McKee Place"/>
    <tag k="sidewalk" v="separate"/>
    <tag k="surface" v="asphalt"/>
    <tag k="tiger:cfcc" v="A41"/>
    <tag k="tiger:name_base" v="Mc Kee"/>
    <tag k="tiger:name_type" v="Pl"/>
    <tag k="tiger:zip_left" v="15213"/>
    <tag k="tiger:zip_right" v="15213"/>
  </way>
  <way id="330452670">
    <nd ref="3374175570"/>
    <nd ref="3374175571"/>
    <nd ref="3374175572"/>
    <nd ref="3374175573"/>
    <nd ref="3374175574"/>
    <nd ref="3374175575"/>
    <nd ref="3374175570"/>
    <tag k="addr:city" v="Pittsburgh"/>
    <tag k="addr:housenumber" v="300"/>
    <tag k="addr:postcode" v="15213"/>
    <tag k="addr:state" v="PA"/>
    <tag k="addr:street" v="Halket Street"/>
    <tag k="amenity" v="hospital"/>
    <tag k="beds" v="383"/>
    <tag k="emergency" v="yes"/>
    <tag k="gnis:feature_id" v="1180191"/>
    <tag k="healthcare" v="hospital"/>
    <tag k="name" v="UPMC Magee-Womens Hospital"/>
    <tag k="old_name" v="Magee-Womens Hospital of UPMC"/>
    <tag k="opening_hours" v="24/7"/>
    <tag k="operator" v="University of Pittsburgh Medical Center"/>
    <tag k="operator:short" v="UPMC"/>
    <tag k="operator:type" v="university"/>
    <tag k="operator:wikidata" v="Q7896131"/>
    <tag k="operator:wikipedia" v="en:University of Pittsburgh Medical Center"/>
    <tag k="phone" v="+1-412-641-1000"/>
    <tag k="source:name" v="www.upmc.com/locations/"/>
    <tag k="website" v="https://www.upmc.com/locations/hospitals/Magee/"/>
    <tag k="wheelchair" v="yes"/>
    <tag k="wikidata" v="Q30253944"/>
  </way>
  <way id="331173857">
    <nd ref="105251212"/>
    <nd ref="12643533647"/>
    <nd ref="105251220"/>
    <nd ref="105251227"/>
    <nd ref="105251233"/>
    <tag k="bicycle" v="designated"/>
    <tag k="cycleway:both" v="shared_lane"/>
    <tag k="cycleway:both:lane" v="pictogram"/>
    <tag k="foot" v="yes"/>
    <tag k="highway" v="residential"/>
    <tag k="lcn" v="yes"/>
    <tag k="maxspeed" v="25 mph"/>
    <tag k="name" v="Boundary Street"/>
    <tag k="tiger:cfcc" v="A41"/>
    <tag k="tiger:name_base" v="Boundary"/>
    <tag k="tiger:name_type" v="St"/>
    <tag k="tiger:reviewed" v="no"/>
    <tag k="tiger:zip_left" v="15213"/>
    <tag k="tiger:zip_left_1" v="15213"/>
    <tag k="tiger:zip_right" v="15213"/>
    <tag k="tiger:zip_right_1" v="15213"/>
  </way>
  <way id="331173870">
    <nd ref="104832904"/>
    <nd ref="13419337170"/>
    <nd ref="7960282950"/>
    <nd ref="107597306"/>
    <nd ref="8099223842"/>
    <nd ref="107574361"/>
    <nd ref="8099223844"/>
    <nd ref="104787623"/>
    <nd ref="3637886777"/>
    <nd ref="8099223854"/>
    <nd ref="105917294"/>
    <tag k="bicycle" v="designated"/>
    <tag k="cycleway:both" v="shared_lane"/>
    <tag k="cycleway:both:lane" v="pictogram"/>
    <tag k="cycleway:left:oneway" v="yes"/>
    <tag k="cycleway:right:oneway" v="-1"/>
    <tag k="highway" v="tertiary"/>
    <tag k="lanes" v="2"/>
    <tag k="lcn" v="yes"/>
    <tag k="lit" v="yes"/>
    <tag k="maxspeed" v="25 mph"/>
    <tag k="name" v="South Bouquet Street"/>
    <tag k="name:etymology:wikidata" v="Q116866"/>
    <tag k="sidewalk" v="separate"/>
    <tag k="surface" v="asphalt"/>
    <tag k="tiger:cfcc" v="A41"/>
    <tag k="tiger:name_base" v="Bouquet"/>
    <tag k="tiger:name_direction_prefix" v="S"/>
    <tag k="tiger:name_type" v="St"/>
    <tag k="tiger:zip_left" v="15213"/>
    <tag k="tiger:zip_right" v="15213"/>
  </way>
  <way id="331173871">
    <nd ref="8099214873"/>
    <nd ref="6535857681"/>
    <nd ref="7172930426"/>
    <nd ref="8099223447"/>
    <nd ref="7172930432"/>
    <nd ref="13113469322"/>
    <nd ref="104861797"/>
    <nd ref="13113469321"/>
    <nd ref="7960282960"/>
    <nd ref="104832904"/>
    <tag k="bicycle" v="designated"/>
    <tag k="cycleway" v="lane"/>
    <tag k="highway" v="tertiary"/>
    <tag k="lanes" v="2"/>
    <tag k="lcn" v="yes"/>
    <tag k="maxspeed" v="25 mph"/>
    <tag k="name" v="South Bouquet Street"/>
    <tag k="name:etymology:wikidata" v="Q116866"/>
    <tag k="sidewalk" v="separate"/>
    <tag k="source:cycleway" v="mapillary;bing"/>
    <tag k="surface" v="asphalt"/>
    <tag k="tiger:cfcc" v="A41"/>
    <tag k="tiger:name_base" v="Bouquet"/>
    <tag k="tiger:name_direction_prefix" v="S"/>
    <tag k="tiger:name_type" v="St"/>
    <tag k="tiger:zip_left" v="15213"/>
    <tag k="tiger:zip_right" v="15213"/>
  </way>
  <way id="334630150">
    <nd ref="3416909068"/>
    <nd ref="3416909069"/>
    <nd ref="3416909070"/>
    <nd ref="3416909071"/>
    <nd ref="3416909076"/>
    <nd ref="3416909077"/>
    <nd ref="3417025480"/>
    <nd ref="3417025481"/>
    <nd ref="3417025482"/>
    <nd ref="3417025483"/>
    <nd ref="3417025484"/>
    <nd ref="5320855563"/>
    <nd ref="3416909078"/>
    <nd ref="3417025491"/>
    <nd ref="6535897362"/>
    <nd ref="3417025490"/>
    <nd ref="3417025489"/>
    <nd ref="3417025488"/>
    <nd ref="7575259024"/>
    <nd ref="5189976740"/>
    <nd ref="7575331971"/>
    <nd ref="3417025487"/>
    <nd ref="3417025486"/>
    <nd ref="3417025485"/>
    <nd ref="3417025601"/>
    <nd ref="3416909092"/>
    <nd ref="2485959465"/>
    <nd ref="3416909091"/>
    <nd ref="3416909090"/>
    <nd ref="3416909084"/>
    <nd ref="3417025600"/>
    <nd ref="3416909082"/>
    <nd ref="3416909083"/>
    <nd ref="3416909081"/>
    <nd ref="3416909068"/>
    <tag k="amenity" v="hospital"/>
    <tag k="emergency" v="yes"/>
    <tag k="healthcare" v="hospital"/>
    <tag k="name" v="UPMC Oakland"/>
    <tag k="opening_hours" v="24/7"/>
    <tag k="operator" v="University of Pittsburgh Medical Center"/>
    <tag k="operator:short" v="UPMC"/>
    <tag k="operator:type" v="university"/>
    <tag k="operator:wikidata" v="Q7896131"/>
    <tag k="operator:wikipedia" v="en:University of Pittsburgh Medical Center"/>
    <tag k="source" v="bing;http://www.upmc.com/locations/hospitals/presbyterian/Documents/oakland-master-plan-2014.pdf"/>
  </way>
  <way id="335532208">
    <nd ref="105013433"/>
    <nd ref="9252767333"/>
    <nd ref="3426339254"/>
    <nd ref="9246405699"/>
    <nd ref="9246405700"/>
    <nd ref="303346812"/>
    <nd ref="302964641"/>
    <tag k="cycleway:left" v="lane"/>
    <tag k="cycleway:right" v="separate"/>
    <tag k="hgv" v="designated"/>
    <tag k="highway" v="primary"/>
    <tag k="historic:railway" v="tram"/>
    <tag k="lanes" v="3"/>
    <tag k="lanes:backward" v="3"/>
    <tag k="lanes:forward" v="2"/>
    <tag k="lcn" v="yes"/>
    <tag k="maxspeed" v="25 mph"/>
    <tag k="name" v="Forbes Avenue"/>
    <tag k="name:etymology:wikidata" v="Q3181518"/>
    <tag k="old_ref" v="US 22;US 30"/>
    <tag k="old_ref_legislative" v="120"/>
    <tag k="oneway" v="no"/>
    <tag k="sidewalk" v="separate"/>
    <tag k="source:hgv" v="https://www.dot.state.pa.us/public/pubsforms/Publications/TruckersMap.pdf"/>
    <tag k="surface" v="asphalt"/>
    <tag k="tiger:cfcc" v="A35"/>
    <tag k="tiger:name_base" v="Forbes"/>
    <tag k="tiger:name_type" v="Ave"/>
    <tag k="tiger:zip_right" v="15213"/>
    <tag k="turn:lanes:backward" v="left|through|through"/>
    <tag k="turn:lanes:forward" v="none|none"/>
  </way>
  <way id="346964423">
    <nd ref="105026656"/>
    <nd ref="6531908940"/>
    <nd ref="9438325412"/>
    <nd ref="5853099144"/>
    <nd ref="6789873509"/>
    <nd ref="6535932643"/>
    <nd ref="6789873501"/>
    <nd ref="3534071957"/>
    <tag k="bicycle" v="yes"/>
    <tag k="cycleway:both" v="lane"/>
    <tag k="highway" v="tertiary"/>
    <tag k="lanes" v="2"/>
    <tag k="lcn" v="yes"/>
    <tag k="lit" v="yes"/>
    <tag k="name" v="North Neville Street"/>
    <tag k="sidewalk:both" v="separate"/>
    <tag k="surface" v="asphalt"/>
    <tag k="tiger:cfcc" v="A41"/>
    <tag k="tiger:name_base" v="Neville"/>
    <tag k="tiger:name_type" v="St"/>
  </way>
  <way id="346964424">
    <nd ref="3534071957"/>
    <nd ref="6789873506"/>
    <nd ref="1837809746"/>
    <nd ref="13991874214"/>
    <nd ref="6532843058"/>
    <nd ref="6532843059"/>
    <nd ref="6532843055"/>
    <nd ref="10576201838"/>
    <nd ref="10576201831"/>
    <nd ref="10576201837"/>
    <nd ref="8745436044"/>
    <nd ref="8745436039"/>
    <nd ref="6535915958"/>
    <nd ref="107636656"/>
    <nd ref="9991869970"/>
    <nd ref="105152213"/>
    <tag k="cycleway:both" v="shared_lane"/>
    <tag k="cycleway:both:lane" v="pictogram"/>
    <tag k="highway" v="tertiary"/>
    <tag k="lanes" v="2"/>
    <tag k="lcn" v="yes"/>
    <tag k="lit" v="yes"/>
    <tag k="name" v="North Neville Street"/>
    <tag k="sidewalk:both" v="separate"/>
    <tag k="source:cycleway" v="bing"/>
    <tag k="surface" v="asphalt"/>
    <tag k="tiger:cfcc" v="A41"/>
    <tag k="tiger:name_base" v="Neville"/>
    <tag k="tiger:name_type" v="St"/>
  </way>
  <way id="353963813">
    <nd ref="107658824"/>
    <nd ref="8099214873"/>
    <tag k="cycleway" v="lane"/>
    <tag k="highway" v="tertiary"/>
    <tag k="lanes" v="2"/>
    <tag k="lcn" v="yes"/>
    <tag k="lit" v="yes"/>
    <tag k="name" v="South Bouquet Street"/>
    <tag k="name:etymology:wikidata" v="Q116866"/>
    <tag k="sidewalk" v="separate"/>
    <tag k="surface" v="asphalt"/>
    <tag k="tiger:cfcc" v="A41"/>
    <tag k="tiger:name_base" v="Bouquet"/>
    <tag k="tiger:name_direction_prefix" v="S"/>
    <tag k="tiger:name_type" v="St"/>
    <tag k="tiger:zip_left" v="15213"/>
    <tag k="tiger:zip_right" v="15213"/>
  </way>
  <way id="353963814">
    <nd ref="104861882"/>
    <nd ref="2424929171"/>
    <nd ref="2173732954"/>
    <nd ref="2173732944"/>
    <nd ref="276734954"/>
    <nd ref="2173732917"/>
    <nd ref="7835808629"/>
    <nd ref="269095127"/>
    <nd ref="7835808628"/>
    <nd ref="2173732957"/>
    <nd ref="8470194975"/>
    <nd ref="8815680492"/>
    <nd ref="2173733007"/>
    <nd ref="8495017102"/>
    <nd ref="104507077"/>
    <tag k="bicycle" v="designated"/>
    <tag k="cycleway:left" v="no"/>
    <tag k="cycleway:right" v="separate"/>
    <tag k="cycleway:right:oneway" v="no"/>
    <tag k="highway" v="secondary"/>
    <tag k="lanes" v="2"/>
    <tag k="lcn" v="yes"/>
    <tag k="lit" v="yes"/>
    <tag k="maxspeed" v="25 mph"/>
    <tag k="name" v="Schenley Drive"/>
    <tag k="note" v="There used to be a separate way for the cycle along this road. I decided to delete that way and tag this road with `cycleway:(left,right)=track` tags because of how the added complexity of having it tagged as a separate way caused it to not appropriately"/>
    <tag k="oneway" v="no"/>
    <tag k="sidewalk" v="separate"/>
    <tag k="smoothness" v="excellent"/>
    <tag k="source:cycleway" v="survey"/>
    <tag k="surface" v="asphalt"/>
    <tag k="tiger:cfcc" v="A41"/>
    <tag k="tiger:name_base" v="Schenley"/>
    <tag k="tiger:name_type" v="Dr"/>
  </way>
  <way id="359652179">
    <nd ref="2174857615"/>
    <nd ref="9914627488"/>
    <nd ref="6618547444"/>
    <nd ref="6715675218"/>
    <nd ref="105097584"/>
    <tag k="bicycle" v="designated"/>
    <tag k="cycleway" v="lane"/>
    <tag k="destination:lanes:forward" v="|Downtown;I 376 West;Monroeville;I 376 East"/>
    <tag k="highway" v="secondary"/>
    <tag k="lanes:backward" v="1"/>
    <tag k="lanes:forward" v="2"/>
    <tag k="lcn" v="yes"/>
    <tag k="maxspeed" v="25 mph"/>
    <tag k="name" v="Bigelow Boulevard"/>
    <tag k="name:etymology:wikidata" v="Q5344325"/>
    <tag k="oneway" v="no"/>
    <tag k="sidewalk" v="separate"/>
    <tag k="surface" v="asphalt"/>
    <tag k="tiger:cfcc" v="A41"/>
    <tag k="tiger:name_base" v="Bigelow"/>
    <tag k="tiger:name_type" v="Blvd"/>
    <tag k="tiger:zip_left" v="15213"/>
    <tag k="tiger:zip_right" v="15213"/>
    <tag k="turn:lanes:forward" v="through|right"/>
  </way>
  <way id="374792903">
    <nd ref="3781721938"/>
    <nd ref="8495048636"/>
    <nd ref="270927856"/>
    <tag k="bicycle" v="designated"/>
    <tag k="cycleway:left" v="no"/>
    <tag k="cycleway:right" v="separate"/>
    <tag k="cycleway:right:oneway" v="no"/>
    <tag k="highway" v="secondary"/>
    <tag k="lanes" v="2"/>
    <tag k="lcn" v="yes"/>
    <tag k="lit" v="yes"/>
    <tag k="maxspeed" v="25 mph"/>
    <tag k="name" v="Schenley Drive"/>
    <tag k="note" v="There used to be a separate way for the cycle along this road. I decided to delete that way and tag this road with `cycleway:(left,right)=track` tags because of how the added complexity of having it tagged as a separate way caused it to not appropriately"/>
    <tag k="sidewalk" v="separate"/>
    <tag k="smoothness" v="excellent"/>
    <tag k="surface" v="asphalt"/>
    <tag k="tiger:cfcc" v="A41"/>
    <tag k="tiger:name_base" v="Schenley"/>
    <tag k="tiger:name_type" v="Dr"/>
  </way>
  <way id="392332379">
    <nd ref="105692069"/>
    <nd ref="6784124213"/>
    <nd ref="693545377"/>
    <nd ref="693545395"/>
    <nd ref="6784050059"/>
    <nd ref="105251099"/>
    <nd ref="302757274"/>
    <tag k="bicycle" v="designated"/>
    <tag k="cycleway:both" v="shared_lane"/>
    <tag k="cycleway:both:lane" v="pictogram"/>
    <tag k="highway" v="residential"/>
    <tag k="lcn" v="yes"/>
    <tag k="maxspeed" v="25 mph"/>
    <tag k="name" v="Boundary Street"/>
    <tag k="sidewalk:left" v="separate"/>
    <tag k="sidewalk:right" v="no"/>
    <tag k="tiger:cfcc" v="A41"/>
    <tag k="tiger:name_base" v="Neville"/>
    <tag k="tiger:name_direction_prefix" v="S"/>
    <tag k="tiger:name_type" v="St"/>
    <tag k="tiger:zip_left" v="15213"/>
    <tag k="tiger:zip_right" v="15213"/>
  </way>
  <way id="473677822">
    <nd ref="4677473615"/>
    <nd ref="2985643168"/>
    <tag k="highway" v="residential"/>
    <tag k="name" v="Henry Street"/>
    <tag k="sidewalk" v="both"/>
    <tag k="surface" v="asphalt"/>
    <tag k="tiger:cfcc" v="A41"/>
    <tag k="tiger:name_base" v="Henry"/>
    <tag k="tiger:name_type" v="St"/>
    <tag k="tiger:reviewed" v="no"/>
    <tag k="tiger:zip_left" v="15213"/>
    <tag k="tiger:zip_right" v="15213"/>
    <tag k="tunnel" v="building_passage"/>
  </way>
  <way id="494284371">
    <nd ref="104706102"/>
    <nd ref="9508164106"/>
    <nd ref="8099223816"/>
    <nd ref="14075455714"/>
    <nd ref="8099223812"/>
    <nd ref="8099223776"/>
    <nd ref="104580931"/>
    <nd ref="8099223772"/>
    <nd ref="104706116"/>
    <nd ref="8099223755"/>
    <nd ref="104706127"/>
    <tag k="bicycle" v="designated"/>
    <tag k="cycleway" v="shared_lane"/>
    <tag k="highway" v="residential"/>
    <tag k="lcn" v="yes"/>
    <tag k="maxspeed" v="25 mph"/>
    <tag k="name" v="Louisa Street"/>
    <tag k="sidewalk" v="separate"/>
    <tag k="surface" v="asphalt"/>
    <tag k="tiger:cfcc" v="A41"/>
    <tag k="tiger:name_base" v="Louisa"/>
    <tag k="tiger:name_type" v="St"/>
    <tag k="tiger:zip_left" v="15213"/>
    <tag k="tiger:zip_right" v="15213"/>
  </way>
  <way id="552407663">
    <nd ref="5333439966"/>
    <nd ref="5333439982"/>
    <nd ref="5333439981"/>
    <nd ref="5333439980"/>
    <nd ref="5333439979"/>
    <nd ref="5333439978"/>
    <nd ref="5333439977"/>
    <nd ref="5333439976"/>
    <nd ref="5333439975"/>
    <nd ref="5333439974"/>
    <nd ref="5333439973"/>
    <nd ref="5333439972"/>
    <nd ref="5333439971"/>
    <nd ref="1668084277"/>
    <nd ref="1668084589"/>
    <nd ref="1668084380"/>
    <nd ref="1668084610"/>
    <nd ref="1668084274"/>
    <nd ref="5333439970"/>
    <nd ref="5333439969"/>
    <nd ref="357330616"/>
    <nd ref="5333439968"/>
    <nd ref="5333439967"/>
    <nd ref="5333439966"/>
    <tag k="access" v="private"/>
    <tag k="addr:city" v="Pittsburgh"/>
    <tag k="addr:postcode" v="15240"/>
    <tag k="addr:street" v="University Drive"/>
    <tag k="amenity" v="hospital"/>
    <tag k="emergency" v="yes"/>
    <tag k="gnis:feature_id" v="1196493"/>
    <tag k="healthcare" v="hospital"/>
    <tag k="healthcare:for" v="veteran"/>
    <tag k="name" v="VA Pittsburgh Healthcare System - University Drive"/>
    <tag k="opening_hours" v="24/7"/>
    <tag k="operator" v="Veterans Health Administration"/>
    <tag k="operator:short" v="VA"/>
    <tag k="operator:type" v="government"/>
    <tag k="operator:wikidata" v="Q6580225"/>
    <tag k="operator:wikipedia" v="en:Veterans Health Administration"/>
    <tag k="phone" v="+1-412-822-2222"/>
    <tag k="short_name" v="VA"/>
    <tag k="website" v="https://www.pittsburgh.va.gov/"/>
  </way>
  <way id="625361998">
    <nd ref="105097664"/>
    <nd ref="9438347563"/>
    <nd ref="8752163864"/>
    <nd ref="9323272979"/>
    <nd ref="105097673"/>
    <nd ref="9323272981"/>
    <nd ref="8006500880"/>
    <nd ref="2019054737"/>
    <nd ref="105097688"/>
    <nd ref="105018892"/>
    <nd ref="9342273407"/>
    <nd ref="105097696"/>
    <tag k="highway" v="trunk"/>
    <tag k="lanes" v="4"/>
    <tag k="lit" v="yes"/>
    <tag k="maxspeed" v="35 mph"/>
    <tag k="name" v="Fifth Avenue"/>
    <tag k="shoulder" v="no"/>
    <tag k="sidewalk:both" v="separate"/>
    <tag k="surface" v="asphalt"/>
    <tag k="tiger:cfcc" v="A41;A35"/>
    <tag k="tiger:name_base" v="Fifth"/>
    <tag k="tiger:name_base_1" v="State Route 8"/>
    <tag k="tiger:name_type" v="Ave"/>
    <tag k="tiger:zip_left" v="15219;15208"/>
  </way>
  <way id="625479007">
    <nd ref="105097617"/>
    <nd ref="8505524715"/>
    <nd ref="105097609"/>
    <nd ref="7804524950"/>
    <nd ref="105097604"/>
    <nd ref="6532085186"/>
    <nd ref="8483966641"/>
    <nd ref="105097592"/>
    <nd ref="8051601104"/>
    <nd ref="6715675219"/>
    <nd ref="14082083312"/>
    <tag k="cycleway:both" v="no"/>
    <tag k="highway" v="trunk"/>
    <tag k="lanes" v="4"/>
    <tag k="lcn" v="proposed"/>
    <tag k="maxspeed" v="25 mph"/>
    <tag k="name" v="Fifth Avenue"/>
    <tag k="oneway" v="yes"/>
    <tag k="oneway:bus" v="no"/>
    <tag k="sidewalk" v="separate"/>
    <tag k="surface" v="asphalt"/>
    <tag k="tiger:cfcc" v="A41;A35"/>
    <tag k="tiger:name_base" v="Fifth"/>
    <tag k="tiger:name_base_1" v="State Route 8"/>
    <tag k="tiger:name_type" v="Ave"/>
    <tag k="tiger:zip_left" v="15219;15208"/>
  </way>
  <way id="625486449">
    <nd ref="9678287387"/>
    <nd ref="6532038866"/>
    <nd ref="7157460685"/>
    <nd ref="6532044507"/>
    <nd ref="6532069879"/>
    <nd ref="9641485233"/>
    <nd ref="105013257"/>
    <tag k="expressway" v="no"/>
    <tag k="highway" v="trunk"/>
    <tag k="historic:railway" v="tram"/>
    <tag k="lanes" v="3"/>
    <tag k="maxspeed" v="25 mph"/>
    <tag k="name" v="Forbes Avenue"/>
    <tag k="name:etymology:wikidata" v="Q3181518"/>
    <tag k="old_ref_legislative" v="120"/>
    <tag k="oneway" v="yes"/>
    <tag k="sidewalk" v="separate"/>
    <tag k="surface" v="asphalt"/>
    <tag k="tiger:cfcc" v="A35"/>
    <tag k="tiger:name_base" v="Forbes"/>
    <tag k="tiger:name_type" v="Ave"/>
    <tag k="tiger:zip_left" v="15213"/>
  </way>
  <way id="625851681">
    <nd ref="105097632"/>
    <nd ref="9438347543"/>
    <nd ref="2985513256"/>
    <nd ref="2777979085"/>
    <nd ref="9438347593"/>
    <nd ref="2985513257"/>
    <nd ref="105097664"/>
    <tag k="alt_name" v="5th Avenue"/>
    <tag k="cycleway:both" v="no"/>
    <tag k="highway" v="trunk"/>
    <tag k="lanes" v="4"/>
    <tag k="name" v="Fifth Avenue"/>
    <tag k="sidewalk:both" v="separate"/>
    <tag k="surface" v="asphalt"/>
    <tag k="tiger:cfcc" v="A41;A35"/>
    <tag k="tiger:name_base" v="Fifth"/>
    <tag k="tiger:name_base_1" v="State Route 8"/>
    <tag k="tiger:name_type" v="Ave"/>
    <tag k="tiger:zip_left" v="15219;15208"/>
  </way>
  <way id="625866877">
    <nd ref="104843460"/>
    <nd ref="13137705244"/>
    <nd ref="11028356492"/>
    <nd ref="104844027"/>
    <tag k="bicycle" v="designated"/>
    <tag k="highway" v="secondary"/>
    <tag k="lanes" v="2"/>
    <tag k="lcn" v="yes"/>
    <tag k="name" v="Centre Avenue"/>
    <tag k="sidewalk:both" v="separate"/>
    <tag k="surface" v="asphalt"/>
  </way>
  <way id="625866878">
    <nd ref="5909066642"/>
    <nd ref="1252057954"/>
    <nd ref="105250620"/>
    <tag k="bicycle" v="yes"/>
    <tag k="highway" v="tertiary"/>
    <tag k="name" v="University Drive"/>
    <tag k="sidewalk:left" v="yes"/>
    <tag k="sidewalk:right" v="separate"/>
    <tag k="tiger:cfcc" v="A41"/>
    <tag k="tiger:name_base" v="University"/>
    <tag k="tiger:name_type" v="Dr"/>
    <tag k="tiger:reviewed" v="no"/>
    <tag k="tiger:zip_left" v="15213"/>
    <tag k="tiger:zip_right" v="15213"/>
  </way>
  <way id="625866879">
    <nd ref="5909066633"/>
    <nd ref="6186565594"/>
    <tag k="bicycle" v="yes"/>
    <tag k="highway" v="tertiary"/>
    <tag k="name" v="University Drive"/>
    <tag k="sidewalk" v="both"/>
    <tag k="tiger:cfcc" v="A41"/>
    <tag k="tiger:name_base" v="University"/>
    <tag k="tiger:name_type" v="Dr"/>
    <tag k="tiger:reviewed" v="no"/>
    <tag k="tiger:zip_left" v="15213"/>
    <tag k="tiger:zip_right" v="15213"/>
  </way>
  <way id="625866890">
    <nd ref="105097564"/>
    <nd ref="8019014732"/>
    <nd ref="105097546"/>
    <tag k="cycleway:both" v="no"/>
    <tag k="highway" v="trunk"/>
    <tag k="lanes" v="4"/>
    <tag k="lcn" v="proposed"/>
    <tag k="maxspeed" v="25 mph"/>
    <tag k="name" v="Fifth Avenue"/>
    <tag k="oneway" v="yes"/>
    <tag k="oneway:bus" v="no"/>
    <tag k="sidewalk" v="separate"/>
    <tag k="surface" v="asphalt"/>
    <tag k="tiger:cfcc" v="A41;A35"/>
    <tag k="tiger:name_base" v="Fifth"/>
    <tag k="tiger:name_base_1" v="State Route 8"/>
    <tag k="tiger:name_type" v="Ave"/>
    <tag k="tiger:zip_left" v="15219;15208"/>
  </way>
  <way id="625866891">
    <nd ref="1926258254"/>
    <nd ref="5320855563"/>
    <nd ref="3416909079"/>
    <nd ref="105097518"/>
    <nd ref="10282715462"/>
    <nd ref="9678425838"/>
    <tag k="cycleway:both" v="no"/>
    <tag k="highway" v="trunk"/>
    <tag k="lanes" v="3"/>
    <tag k="lcn" v="proposed"/>
    <tag k="maxspeed" v="25 mph"/>
    <tag k="name" v="Fifth Avenue"/>
    <tag k="oneway" v="yes"/>
    <tag k="oneway:bus" v="no"/>
    <tag k="sidewalk:both" v="separate"/>
    <tag k="surface" v="asphalt"/>
    <tag k="tiger:cfcc" v="A41;A35"/>
    <tag k="tiger:name_base" v="Fifth"/>
    <tag k="tiger:name_base_1" v="State Route 8"/>
    <tag k="tiger:name_type" v="Ave"/>
    <tag k="tiger:zip_left" v="15219;15208"/>
  </way>
  <way id="714429624">
    <nd ref="105013320"/>
    <nd ref="6715675232"/>
    <nd ref="6532080438"/>
    <nd ref="339262991"/>
    <nd ref="339262992"/>
    <nd ref="7134735970"/>
    <nd ref="6532827528"/>
    <nd ref="6715675242"/>
    <nd ref="2396478160"/>
    <nd ref="105013345"/>
    <tag k="highway" v="trunk"/>
    <tag k="historic:railway" v="tram"/>
    <tag k="lanes" v="3"/>
    <tag k="lit" v="yes"/>
    <tag k="maxspeed" v="25 mph"/>
    <tag k="name" v="Forbes Avenue"/>
    <tag k="name:etymology:wikidata" v="Q3181518"/>
    <tag k="old_ref_legislative" v="120"/>
    <tag k="oneway" v="yes"/>
    <tag k="sidewalk" v="separate"/>
    <tag k="surface" v="asphalt"/>
    <tag k="tiger:cfcc" v="A35"/>
    <tag k="tiger:name_base" v="Forbes"/>
    <tag k="tiger:name_type" v="Ave"/>
    <tag k="tiger:zip_left" v="15213"/>
  </way>
  <way id="714792792">
    <nd ref="105058010"/>
    <nd ref="1673572784"/>
    <nd ref="3527071109"/>
    <nd ref="270186900"/>
    <nd ref="1673572782"/>
    <nd ref="1673572780"/>
    <nd ref="1673572779"/>
    <nd ref="1673572778"/>
    <nd ref="1673572777"/>
    <nd ref="105058001"/>
    <nd ref="1673572765"/>
    <nd ref="270186898"/>
    <nd ref="1673572762"/>
    <nd ref="1673572759"/>
    <nd ref="422307886"/>
    <tag k="highway" v="tertiary"/>
    <tag k="lanes" v="2"/>
    <tag k="lcn" v="yes"/>
    <tag k="lit" v="yes"/>
    <tag k="maxspeed" v="25 mph"/>
    <tag k="name" v="Schenley Drive"/>
    <tag k="parking:both" v="yes"/>
    <tag k="parking:both:orientation" v="parallel"/>
    <tag k="parking:fee" v="yes"/>
    <tag k="sidewalk:left" v="yes"/>
    <tag k="sidewalk:right" v="separate"/>
    <tag k="surface" v="asphalt"/>
    <tag k="tiger:cfcc" v="A41"/>
    <tag k="tiger:name_base" v="Schenley"/>
    <tag k="tiger:name_type" v="Dr"/>
  </way>
  <way id="714793939">
    <nd ref="422307886"/>
    <nd ref="6718695853"/>
    <nd ref="6718695854"/>
    <nd ref="6718695855"/>
    <tag k="highway" v="tertiary"/>
    <tag k="lanes" v="2"/>
    <tag k="lcn" v="yes"/>
    <tag k="lit" v="yes"/>
    <tag k="maxspeed" v="25 mph"/>
    <tag k="name" v="Schenley Drive"/>
    <tag k="oneway" v="yes"/>
    <tag k="parking" v="no"/>
    <tag k="parking:fee" v="yes"/>
    <tag k="sidewalk:left" v="no"/>
    <tag k="sidewalk:right" v="separate"/>
    <tag k="surface" v="asphalt"/>
    <tag k="tiger:cfcc" v="A41"/>
    <tag k="tiger:name_base" v="Schenley"/>
    <tag k="tiger:name_type" v="Dr"/>
  </way>
  <way id="756749111">
    <nd ref="3416909072"/>
    <nd ref="10282715461"/>
    <nd ref="105097518"/>
    <tag k="cycleway:both" v="no"/>
    <tag k="highway" v="residential"/>
    <tag k="lane_markings" v="no"/>
    <tag k="maxspeed" v="25 mph"/>
    <tag k="name" v="Chesterfield Road"/>
    <tag k="oneway" v="no"/>
    <tag k="sidewalk:both" v="separate"/>
    <tag k="source:oneway" v="survey"/>
    <tag k="surface" v="sett"/>
    <tag k="tiger:cfcc" v="A41"/>
    <tag k="tiger:name_base" v="Chesterfield"/>
    <tag k="tiger:name_type" v="Rd"/>
    <tag k="tiger:zip_left" v="15213"/>
  </way>
  <way id="780956209">
    <nd ref="104371210"/>
    <nd ref="270872603"/>
    <nd ref="6535843272"/>
    <nd ref="8099223748"/>
    <nd ref="104580931"/>
    <nd ref="8099223774"/>
    <nd ref="13113482861"/>
    <nd ref="104580941"/>
    <tag k="highway" v="residential"/>
    <tag k="lane_markings" v="no"/>
    <tag k="maxspeed" v="25 mph"/>
    <tag k="name" v="Meyran Avenue"/>
    <tag k="oneway" v="yes"/>
    <tag k="sidewalk" v="separate"/>
    <tag k="surface" v="asphalt"/>
    <tag k="tiger:cfcc" v="A41"/>
    <tag k="tiger:name_base" v="Meyran"/>
    <tag k="tiger:name_type" v="Ave"/>
    <tag k="tiger:zip_left" v="15213"/>
  </way>
  <way id="835563573">
    <nd ref="105013312"/>
    <nd ref="8099223585"/>
    <nd ref="1671352224"/>
    <nd ref="8099223606"/>
    <nd ref="1356087398"/>
    <nd ref="105097546"/>
    <tag k="bicycle" v="designated"/>
    <tag k="highway" v="residential"/>
    <tag k="lane_markings" v="no"/>
    <tag k="maxspeed" v="25 mph"/>
    <tag k="name" v="Oakland Avenue"/>
    <tag k="oneway" v="yes"/>
    <tag k="sidewalk" v="separate"/>
    <tag k="surface" v="asphalt"/>
    <tag k="tiger:cfcc" v="A41"/>
    <tag k="tiger:name_base" v="Oakland"/>
    <tag k="tiger:name_type" v="Ave"/>
  </way>
  <way id="867813759">
    <nd ref="105983066"/>
    <nd ref="8099223487"/>
    <nd ref="3733621699"/>
    <nd ref="6588804679"/>
    <tag k="bicycle" v="designated"/>
    <tag k="highway" v="residential"/>
    <tag k="lane_markings" v="no"/>
    <tag k="lit" v="yes"/>
    <tag k="maxspeed" v="25 mph"/>
    <tag k="motor_vehicle" v="yes"/>
    <tag k="name" v="Oakland Avenue"/>
    <tag k="oneway" v="yes"/>
    <tag k="outdoor_seating" v="yes"/>
    <tag k="sidewalk" v="separate"/>
    <tag k="smoothness" v="good"/>
    <tag k="surface" v="asphalt"/>
    <tag k="tiger:cfcc" v="A41"/>
    <tag k="tiger:name_base" v="Oakland"/>
    <tag k="tiger:name_type" v="Ave"/>
  </way>
  <way id="868924670">
    <nd ref="8099223727"/>
    <nd ref="8099223724"/>
    <nd ref="104580895"/>
    <tag k="highway" v="residential"/>
    <tag k="lanes" v="2"/>
    <tag k="lanes:backward" v="1"/>
    <tag k="lanes:forward" v="1"/>
    <tag k="lit" v="yes"/>
    <tag k="maxspeed" v="25 mph"/>
    <tag k="name" v="Meyran Avenue"/>
    <tag k="sidewalk:both" v="separate"/>
    <tag k="smoothness" v="excellent"/>
    <tag k="surface" v="asphalt"/>
    <tag k="tiger:cfcc" v="A41"/>
    <tag k="tiger:name_base" v="Meyran"/>
    <tag k="tiger:name_type" v="Ave"/>
    <tag k="tiger:reviewed" v="no"/>
    <tag k="tiger:zip_left" v="15213"/>
    <tag k="tiger:zip_right" v="15213"/>
  </way>
  <way id="910977765">
    <nd ref="8458907642"/>
    <nd ref="8815680497"/>
    <nd ref="7835808651"/>
    <tag k="bicycle" v="designated"/>
    <tag k="cycleway:both" v="shared_lane"/>
    <tag k="cycleway:both:lane" v="pictogram"/>
    <tag k="highway" v="tertiary"/>
    <tag k="lanes" v="3"/>
    <tag k="lanes:backward" v="1"/>
    <tag k="lanes:forward" v="2"/>
    <tag k="lcn" v="yes"/>
    <tag k="lit" v="yes"/>
    <tag k="maxspeed" v="25 mph"/>
    <tag k="name" v="Schenley Drive Extension"/>
    <tag k="shoulder" v="no"/>
    <tag k="sidewalk" v="separate"/>
    <tag k="smoothness" v="good"/>
    <tag k="surface" v="asphalt"/>
    <tag k="tiger:cfcc" v="A41"/>
    <tag k="turn:lanes:forward" v="right|right"/>
  </way>
  <way id="911068789">
    <nd ref="105013281"/>
    <nd ref="11591344553"/>
    <nd ref="6531841832"/>
    <nd ref="6531841829"/>
    <nd ref="105186064"/>
    <nd ref="6535934791"/>
    <nd ref="6532868194"/>
    <nd ref="6532868191"/>
    <nd ref="6531788001"/>
    <nd ref="6535887131"/>
    <nd ref="9508164114"/>
    <nd ref="104706102"/>
    <tag k="bicycle" v="designated"/>
    <tag k="highway" v="tertiary"/>
    <tag k="lanes" v="2"/>
    <tag k="lcn" v="yes"/>
    <tag k="maxspeed" v="25 mph"/>
    <tag k="name" v="McKee Place"/>
    <tag k="sidewalk" v="separate"/>
    <tag k="surface" v="asphalt"/>
    <tag k="tiger:cfcc" v="A41"/>
    <tag k="tiger:name_base" v="Mc Kee"/>
    <tag k="tiger:name_type" v="Pl"/>
    <tag k="tiger:zip_left" v="15213"/>
    <tag k="tiger:zip_right" v="15213"/>
  </way>
  <way id="911068790">
    <nd ref="3637886773"/>
    <nd ref="9508164103"/>
    <nd ref="104706102"/>
    <tag k="bicycle" v="designated"/>
    <tag k="cycleway" v="shared_lane"/>
    <tag k="cycleway:left" v="shared_lane"/>
    <tag k="cycleway:right" v="shared_lane"/>
    <tag k="highway" v="residential"/>
    <tag k="lit" v="yes"/>
    <tag k="maxspeed" v="25 mph"/>
    <tag k="name" v="Louisa Street"/>
    <tag k="sidewalk" v="separate"/>
    <tag k="surface" v="asphalt"/>
    <tag k="tiger:cfcc" v="A41"/>
    <tag k="tiger:name_base" v="Louisa"/>
    <tag k="tiger:name_type" v="St"/>
    <tag k="tiger:zip_left" v="15213"/>
    <tag k="tiger:zip_right" v="15213"/>
  </way>
  <way id="911068791">
    <nd ref="105060950"/>
    <nd ref="7291969724"/>
    <nd ref="6773913554"/>
    <nd ref="7291969730"/>
    <nd ref="105013303"/>
    <nd ref="7291969731"/>
    <nd ref="6535899485"/>
    <nd ref="6588824557"/>
    <nd ref="6588824559"/>
    <nd ref="105060939"/>
    <nd ref="8099223690"/>
    <nd ref="105060928"/>
    <tag k="bicycle" v="designated"/>
    <tag k="cycleway" v="shared_lane"/>
    <tag k="highway" v="residential"/>
    <tag k="lane_markings" v="no"/>
    <tag k="maxspeed" v="25 mph"/>
    <tag k="name" v="Atwood Street"/>
    <tag k="oneway" v="yes"/>
    <tag k="sidewalk" v="separate"/>
    <tag k="surface" v="asphalt"/>
    <tag k="tiger:cfcc" v="A41"/>
    <tag k="tiger:name_base" v="Atwood"/>
    <tag k="tiger:name_type" v="St"/>
    <tag k="tiger:zip_left" v="15213"/>
    <tag k="tiger:zip_right" v="15213"/>
  </way>
  <way id="911068792">
    <nd ref="270872603"/>
    <nd ref="8099223571"/>
    <nd ref="7291969718"/>
    <nd ref="12321294533"/>
    <nd ref="7291969720"/>
    <nd ref="7291969721"/>
    <nd ref="105060950"/>
    <tag k="highway" v="residential"/>
    <tag k="lane_markings" v="no"/>
    <tag k="lit" v="yes"/>
    <tag k="maxspeed" v="25 mph"/>
    <tag k="name" v="Sennott Street"/>
    <tag k="sidewalk" v="separate"/>
    <tag k="surface" v="asphalt"/>
    <tag k="tiger:cfcc" v="A41"/>
    <tag k="tiger:name_base" v="Sennott"/>
    <tag k="tiger:name_type" v="St"/>
    <tag k="tiger:zip_left" v="15213"/>
    <tag k="tiger:zip_right" v="15213"/>
  </way>
  <way id="913301010">
    <nd ref="104507069"/>
    <nd ref="14086293855"/>
    <nd ref="8483966701"/>
    <tag k="bicycle" v="designated"/>
    <tag k="cycleway" v="separate"/>
    <tag k="cycleway:left:oneway" v="-1"/>
    <tag k="highway" v="trunk"/>
    <tag k="historic:railway" v="tram"/>
    <tag k="lanes" v="3"/>
    <tag k="lcn" v="yes"/>
    <tag k="lit" v="yes"/>
    <tag k="maxspeed" v="25 mph"/>
    <tag k="name" v="Forbes Avenue"/>
    <tag k="name:etymology:wikidata" v="Q3181518"/>
    <tag k="old_ref_legislative" v="120"/>
    <tag k="oneway" v="yes"/>
    <tag k="oneway:bicycle" v="no"/>
    <tag k="sidewalk:both" v="separate"/>
    <tag k="surface" v="asphalt"/>
    <tag k="tiger:cfcc" v="A35"/>
    <tag k="tiger:name_base" v="Forbes"/>
    <tag k="tiger:name_type" v="Ave"/>
    <tag k="tiger:zip_left" v="15213"/>
    <tag k="turn:lanes" v="through|through|through;slight_right"/>
  </way>
  <way id="913304415">
    <nd ref="8483995148"/>
    <nd ref="8458907642"/>
    <tag k="bicycle" v="designated"/>
    <tag k="highway" v="tertiary"/>
    <tag k="lanes" v="2"/>
    <tag k="lanes:backward" v="1"/>
    <tag k="lanes:forward" v="1"/>
    <tag k="lcn" v="yes"/>
    <tag k="lit" v="yes"/>
    <tag k="maxspeed" v="25 mph"/>
    <tag k="name" v="Schenley Drive Extension"/>
    <tag k="shoulder" v="no"/>
    <tag k="sidewalk" v="separate"/>
    <tag k="surface" v="asphalt"/>
    <tag k="tiger:cfcc" v="A41"/>
    <tag k="turn:lanes:forward" v="through;slight_right"/>
  </way>
  <way id="913305096">
    <nd ref="8483966701"/>
    <nd ref="8483983340"/>
    <tag k="bicycle" v="designated"/>
    <tag k="cycleway" v="separate"/>
    <tag k="cycleway:left:oneway" v="-1"/>
    <tag k="highway" v="trunk"/>
    <tag k="historic:railway" v="tram"/>
    <tag k="lanes" v="4"/>
    <tag k="lcn" v="yes"/>
    <tag k="lit" v="yes"/>
    <tag k="maxspeed" v="25 mph"/>
    <tag k="name" v="Forbes Avenue"/>
    <tag k="name:etymology:wikidata" v="Q3181518"/>
    <tag k="old_ref_legislative" v="120"/>
    <tag k="oneway" v="yes"/>
    <tag k="oneway:bicycle" v="no"/>
    <tag k="sidewalk:both" v="separate"/>
    <tag k="surface" v="asphalt"/>
    <tag k="tiger:cfcc" v="A35"/>
    <tag k="tiger:name_base" v="Forbes"/>
    <tag k="tiger:name_type" v="Ave"/>
    <tag k="tiger:zip_left" v="15213"/>
  </way>
  <way id="926031003">
    <nd ref="105097584"/>
    <nd ref="6715675217"/>
    <nd ref="6588787548"/>
    <tag k="bicycle" v="designated"/>
    <tag k="cycleway:left" v="separate"/>
    <tag k="cycleway:right" v="track"/>
    <tag k="highway" v="secondary"/>
    <tag k="lanes" v="3"/>
    <tag k="lanes:backward" v="2"/>
    <tag k="lanes:forward" v="1"/>
    <tag k="lcn" v="yes"/>
    <tag k="maxspeed" v="25 mph"/>
    <tag k="name" v="Bigelow Boulevard"/>
    <tag k="name:etymology:wikidata" v="Q5344325"/>
    <tag k="oneway" v="no"/>
    <tag k="sidewalk" v="separate"/>
    <tag k="surface" v="asphalt"/>
    <tag k="tiger:cfcc" v="A41"/>
    <tag k="tiger:name_base" v="Bigelow"/>
    <tag k="tiger:name_type" v="Blvd"/>
    <tag k="tiger:zip_left" v="15213"/>
    <tag k="tiger:zip_right" v="15213"/>
    <tag k="turn:lanes:backward" v="left|through"/>
  </way>
  <way id="926031004">
    <nd ref="8593665263"/>
    <nd ref="1356042776"/>
    <nd ref="339263373"/>
    <nd ref="6715675241"/>
    <nd ref="105013345"/>
    <tag k="bicycle" v="designated"/>
    <tag k="cycleway:left" v="separate"/>
    <tag k="cycleway:right" v="track"/>
    <tag k="highway" v="secondary"/>
    <tag k="lanes" v="3"/>
    <tag k="lanes:backward" v="1"/>
    <tag k="lanes:forward" v="2"/>
    <tag k="lcn" v="yes"/>
    <tag k="lit" v="yes"/>
    <tag k="maxspeed" v="25 mph"/>
    <tag k="name" v="Bigelow Boulevard"/>
    <tag k="name:etymology:wikidata" v="Q5344325"/>
    <tag k="oneway" v="no"/>
    <tag k="sidewalk" v="separate"/>
    <tag k="smoothness" v="good"/>
    <tag k="surface" v="asphalt"/>
    <tag k="tiger:cfcc" v="A41"/>
    <tag k="tiger:name_base" v="Bigelow"/>
    <tag k="tiger:name_type" v="Blvd"/>
    <tag k="tiger:zip_left" v="15213"/>
    <tag k="tiger:zip_right" v="15213"/>
    <tag k="turn:lanes:forward" v="left|through"/>
  </way>
  <way id="932572337">
    <nd ref="1926258254"/>
    <nd ref="9641486899"/>
    <nd ref="1926258252"/>
    <nd ref="8644704476"/>
    <tag k="bicycle" v="designated"/>
    <tag k="highway" v="tertiary"/>
    <tag k="lanes" v="3"/>
    <tag k="lanes:backward" v="2"/>
    <tag k="lanes:forward" v="1"/>
    <tag k="lcn" v="yes"/>
    <tag k="maxspeed" v="25 mph"/>
    <tag k="name" v="McKee Place"/>
    <tag k="sidewalk" v="separate"/>
    <tag k="surface" v="asphalt"/>
    <tag k="tiger:cfcc" v="A41"/>
    <tag k="tiger:name_base" v="Mc Kee"/>
    <tag k="tiger:name_type" v="Pl"/>
    <tag k="tiger:zip_left" v="15213"/>
    <tag k="tiger:zip_right" v="15213"/>
    <tag k="turn:lanes:backward" v="left|through"/>
  </way>
  <way id="932572338">
    <nd ref="8644704476"/>
    <nd ref="105186057"/>
    <nd ref="8644704475"/>
    <tag k="bicycle" v="designated"/>
    <tag k="highway" v="tertiary"/>
    <tag k="lanes" v="2"/>
    <tag k="lcn" v="yes"/>
    <tag k="maxspeed" v="25 mph"/>
    <tag k="name" v="McKee Place"/>
    <tag k="sidewalk" v="separate"/>
    <tag k="surface" v="asphalt"/>
    <tag k="tiger:cfcc" v="A41"/>
    <tag k="tiger:name_base" v="Mc Kee"/>
    <tag k="tiger:name_type" v="Pl"/>
    <tag k="tiger:zip_left" v="15213"/>
    <tag k="tiger:zip_right" v="15213"/>
  </way>
  <way id="966308089">
    <nd ref="105075882"/>
    <nd ref="8942919405"/>
    <nd ref="8939923266"/>
    <nd ref="8942919627"/>
    <nd ref="106008866"/>
    <tag k="highway" v="residential"/>
    <tag k="lanes" v="2"/>
    <tag k="name" v="Tennyson Avenue"/>
    <tag k="name:etymology:wikidata" v="Q173869"/>
    <tag k="sidewalk" v="separate"/>
    <tag k="surface" v="asphalt"/>
    <tag k="tiger:cfcc" v="A41"/>
    <tag k="tiger:name_base" v="Tennyson"/>
    <tag k="tiger:name_type" v="Ave"/>
    <tag k="tiger:reviewed" v="no"/>
    <tag k="tiger:zip_left" v="15213"/>
    <tag k="tiger:zip_right" v="15213"/>
  </way>
  <way id="966308107">
    <nd ref="560977609"/>
    <nd ref="6532042591"/>
    <nd ref="6531884024"/>
    <nd ref="6531884029"/>
    <nd ref="6532892601"/>
    <nd ref="6531929208"/>
    <nd ref="6531929212"/>
    <nd ref="8765677572"/>
    <nd ref="105152192"/>
    <tag k="highway" v="secondary"/>
    <tag k="lanes" v="2"/>
    <tag k="name" v="North Craig Street"/>
    <tag k="sidewalk" v="separate"/>
    <tag k="smoothness" v="good"/>
    <tag k="surface" v="asphalt"/>
    <tag k="tiger:cfcc" v="A41"/>
    <tag k="tiger:name_base" v="Craig"/>
    <tag k="tiger:name_direction_prefix" v="N"/>
    <tag k="tiger:name_type" v="St"/>
    <tag k="tiger:zip_left" v="15213"/>
    <tag k="tiger:zip_right" v="15213"/>
  </way>
  <way id="987148539">
    <nd ref="2715045153"/>
    <nd ref="106119248"/>
    <nd ref="11845004705"/>
    <nd ref="105935837"/>
    <tag k="highway" v="residential"/>
    <tag k="lane_markings" v="no"/>
    <tag k="name" v="Filmore Street"/>
    <tag k="name:etymology:wikidata" v="Q12306"/>
    <tag k="oneway" v="yes"/>
    <tag k="sidewalk:left" v="separate"/>
    <tag k="sidewalk:right" v="yes"/>
    <tag k="surface" v="asphalt"/>
    <tag k="tiger:cfcc" v="A41"/>
    <tag k="tiger:name_base" v="Filmore"/>
    <tag k="tiger:name_type" v="St"/>
    <tag k="tiger:reviewed" v="no"/>
    <tag k="tiger:zip_left" v="15213"/>
    <tag k="tiger:zip_right" v="15213"/>
  </way>
  <way id="1022073978">
    <nd ref="106098077"/>
    <nd ref="12189745130"/>
    <nd ref="303349589"/>
    <nd ref="302979786"/>
    <nd ref="270624664"/>
    <tag k="bicycle" v="designated"/>
    <tag k="cycleway:left" v="opposite_lane"/>
    <tag k="cycleway:left:separation" v="flex_post"/>
    <tag k="cycleway:right" v="shared_lane"/>
    <tag k="highway" v="residential"/>
    <tag k="lcn" v="yes"/>
    <tag k="name" v="Frew Street"/>
    <tag k="name:etymology:wikidata" v="Q75991210"/>
    <tag k="oneway" v="yes"/>
    <tag k="oneway:bicycle" v="no"/>
    <tag k="parking:left" v="lane"/>
    <tag k="sidewalk" v="right"/>
    <tag k="surface" v="asphalt"/>
    <tag k="tiger:cfcc" v="A41"/>
    <tag k="tiger:name_base" v="Frew"/>
    <tag k="tiger:name_type" v="St"/>
    <tag k="tiger:zip_left" v="15213"/>
    <tag k="tiger:zip_right" v="15213"/>
  </way>
  <way id="1022073986">
    <nd ref="303189712"/>
    <nd ref="106032841"/>
    <nd ref="3527071112"/>
    <nd ref="106032848"/>
    <nd ref="302985526"/>
    <nd ref="10925313601"/>
    <nd ref="2173707996"/>
    <nd ref="106032857"/>
    <nd ref="2173707992"/>
    <nd ref="2173707923"/>
    <nd ref="2173707980"/>
    <nd ref="2173708023"/>
    <nd ref="2173707983"/>
    <nd ref="106032865"/>
    <tag k="bicycle" v="designated"/>
    <tag k="highway" v="unclassified"/>
    <tag k="lcn" v="yes"/>
    <tag k="lit" v="no"/>
    <tag k="name" v="West Circuit Road"/>
    <tag k="sidewalk:left" v="no"/>
    <tag k="sidewalk:right" v="separate"/>
    <tag k="tiger:cfcc" v="A41"/>
    <tag k="tiger:name_base" v="Circuit"/>
    <tag k="tiger:name_direction_prefix" v="W"/>
    <tag k="tiger:name_type" v="Rd"/>
  </way>
  <way id="1022429025">
    <nd ref="472536852"/>
    <nd ref="2715045150"/>
    <tag k="access:conditional" v="destination @ (00:00-05:00)"/>
    <tag k="highway" v="residential"/>
    <tag k="name" v="Filmore Street"/>
    <tag k="name:etymology:wikidata" v="Q12306"/>
    <tag k="sidewalk:both" v="separate"/>
    <tag k="surface" v="asphalt"/>
    <tag k="tiger:cfcc" v="A41"/>
    <tag k="tiger:name_base" v="Filmore"/>
    <tag k="tiger:name_type" v="St"/>
    <tag k="tiger:reviewed" v="no"/>
    <tag k="tiger:zip_left" v="15213"/>
    <tag k="tiger:zip_right" v="15213"/>
  </way>
  <way id="1022429026">
    <nd ref="105935837"/>
    <nd ref="11302065263"/>
    <nd ref="11845004712"/>
    <nd ref="472536852"/>
    <tag k="access:conditional" v="destination @ (00:00-05:00)"/>
    <tag k="highway" v="residential"/>
    <tag k="lane_markings" v="no"/>
    <tag k="name" v="Filmore Street"/>
    <tag k="name:etymology:wikidata" v="Q12306"/>
    <tag k="sidewalk:both" v="separate"/>
    <tag k="surface" v="asphalt"/>
    <tag k="tiger:cfcc" v="A41"/>
    <tag k="tiger:name_base" v="Filmore"/>
    <tag k="tiger:name_type" v="St"/>
    <tag k="tiger:reviewed" v="no"/>
    <tag k="tiger:zip_left" v="15213"/>
    <tag k="tiger:zip_right" v="15213"/>
  </way>
  <way id="1022429027">
    <nd ref="104991736"/>
    <nd ref="105692069"/>
    <tag k="bicycle" v="designated"/>
    <tag k="cycleway:both" v="shared_lane"/>
    <tag k="cycleway:both:lane" v="pictogram"/>
    <tag k="highway" v="residential"/>
    <tag k="lane_markings" v="no"/>
    <tag k="lcn" v="yes"/>
    <tag k="maxspeed" v="25 mph"/>
    <tag k="name" v="South Neville Street"/>
    <tag k="sidewalk:separate" v="both"/>
    <tag k="surface" v="asphalt"/>
    <tag k="tiger:cfcc" v="A41"/>
    <tag k="tiger:name_base" v="Neville"/>
    <tag k="tiger:name_direction_prefix" v="S"/>
    <tag k="tiger:name_type" v="St"/>
    <tag k="tiger:zip_left" v="15213"/>
    <tag k="tiger:zip_right" v="15213"/>
  </way>
  <way id="1022429029">
    <nd ref="105026656"/>
    <nd ref="9438325409"/>
    <nd ref="9438266116"/>
    <nd ref="105026665"/>
    <tag k="bicycle" v="designated"/>
    <tag k="cycleway:both" v="shared_lane"/>
    <tag k="cycleway:both:lane" v="pictogram"/>
    <tag k="highway" v="tertiary"/>
    <tag k="lanes" v="2"/>
    <tag k="lcn" v="yes"/>
    <tag k="lit" v="yes"/>
    <tag k="maxspeed" v="25 mph"/>
    <tag k="name" v="Ellsworth Avenue"/>
    <tag k="name:etymology:wikidata" v="Q5366528"/>
    <tag k="sidewalk" v="separate"/>
    <tag k="surface" v="asphalt"/>
    <tag k="tiger:cfcc" v="A41"/>
    <tag k="tiger:name_base" v="Ellsworth"/>
    <tag k="tiger:name_type" v="Ave"/>
    <tag k="tiger:zip_left" v="15232"/>
    <tag k="tiger:zip_right" v="15232"/>
  </way>
  <way id="1023470061">
    <nd ref="105026665"/>
    <nd ref="269992363"/>
    <nd ref="11144920519"/>
    <nd ref="8080442000"/>
    <tag k="bicycle" v="designated"/>
    <tag k="cycleway:both" v="shared_lane"/>
    <tag k="cycleway:both:lane" v="pictogram"/>
    <tag k="highway" v="tertiary"/>
    <tag k="lanes" v="2"/>
    <tag k="lcn" v="yes"/>
    <tag k="maxspeed" v="25 mph"/>
    <tag k="name" v="Ellsworth Avenue"/>
    <tag k="name:etymology:wikidata" v="Q5366528"/>
    <tag k="sidewalk:both" v="separate"/>
    <tag k="surface" v="asphalt"/>
    <tag k="tiger:cfcc" v="A41"/>
    <tag k="tiger:name_base" v="Ellsworth"/>
    <tag k="tiger:name_type" v="Ave"/>
    <tag k="tiger:zip_left" v="15232"/>
    <tag k="tiger:zip_right" v="15232"/>
  </way>
  <way id="1035459376">
    <nd ref="105097536"/>
    <nd ref="9641486881"/>
    <nd ref="13420313000"/>
    <nd ref="3002278226"/>
    <nd ref="6535897361"/>
    <nd ref="6535933063"/>
    <nd ref="105959079"/>
    <tag k="access" v="permissive"/>
    <tag k="highway" v="residential"/>
    <tag k="maxspeed" v="25 mph"/>
    <tag k="name" v="Lothrop Street"/>
    <tag k="sidewalk" v="both"/>
    <tag k="tiger:cfcc" v="A41"/>
    <tag k="tiger:name_base" v="Lothrop"/>
    <tag k="tiger:name_type" v="St"/>
    <tag k="tiger:reviewed" v="no"/>
    <tag k="tiger:zip_left" v="15213"/>
    <tag k="tiger:zip_right" v="15213"/>
  </way>
  <way id="1038117874">
    <nd ref="105075863"/>
    <nd ref="8026959674"/>
    <nd ref="6532888150"/>
    <tag k="bicycle" v="designated"/>
    <tag k="cycleway" v="lane"/>
    <tag k="highway" v="secondary"/>
    <tag k="lanes" v="3"/>
    <tag k="lanes:backward" v="2"/>
    <tag k="lanes:forward" v="1"/>
    <tag k="lcn" v="yes"/>
    <tag k="maxspeed" v="25 mph"/>
    <tag k="name" v="Bigelow Boulevard"/>
    <tag k="name:etymology:wikidata" v="Q5344325"/>
    <tag k="oneway" v="no"/>
    <tag k="sidewalk" v="separate"/>
    <tag k="source:cycleway" v="survey"/>
    <tag k="surface" v="asphalt"/>
    <tag k="tiger:cfcc" v="A41"/>
    <tag k="tiger:name_base" v="Bigelow"/>
    <tag k="tiger:name_type" v="Blvd"/>
    <tag k="tiger:zip_left" v="15213"/>
    <tag k="tiger:zip_right" v="15213"/>
    <tag k="turn:lanes:backward" v="through|right"/>
  </way>
  <way id="1049118845">
    <nd ref="104706071"/>
    <nd ref="9641485294"/>
    <nd ref="104706083"/>
    <nd ref="9641486823"/>
    <nd ref="104706094"/>
    <tag k="bicycle" v="designated"/>
    <tag k="cycleway" v="shared_lane"/>
    <tag k="highway" v="residential"/>
    <tag k="maxspeed" v="25 mph"/>
    <tag k="name" v="Louisa Street"/>
    <tag k="sidewalk" v="separate"/>
    <tag k="tiger:cfcc" v="A41"/>
    <tag k="tiger:name_base" v="Louisa"/>
    <tag k="tiger:name_type" v="St"/>
    <tag k="tiger:zip_left" v="15213"/>
    <tag k="tiger:zip_right" v="15213"/>
  </way>
  <way id="1049118856">
    <nd ref="104706094"/>
    <nd ref="9641485316"/>
    <nd ref="6532889025"/>
    <nd ref="2588520291"/>
    <tag k="bicycle" v="designated"/>
    <tag k="cycleway" v="shared_lane"/>
    <tag k="cycleway:left" v="shared_lane"/>
    <tag k="cycleway:right" v="shared_lane"/>
    <tag k="highway" v="residential"/>
    <tag k="maxspeed" v="25 mph"/>
    <tag k="name" v="Coltart Avenue"/>
    <tag k="sidewalk" v="separate"/>
    <tag k="source:sidewalk" v="bing"/>
    <tag k="tiger:cfcc" v="A41"/>
    <tag k="tiger:name_base" v="Coltart"/>
    <tag k="tiger:name_type" v="Ave"/>
    <tag k="tiger:reviewed" v="no"/>
    <tag k="tiger:zip_left" v="15213"/>
    <tag k="tiger:zip_right" v="15213"/>
  </way>
  <way id="1049118874">
    <nd ref="105917274"/>
    <nd ref="13113482847"/>
    <nd ref="105060985"/>
    <nd ref="104853052"/>
    <nd ref="104853006"/>
    <tag k="bicycle" v="designated"/>
    <tag k="highway" v="tertiary"/>
    <tag k="lcn" v="yes"/>
    <tag k="maxspeed" v="25 mph"/>
    <tag k="name" v="Dawson Street"/>
    <tag k="sidewalk" v="separate"/>
    <tag k="surface" v="asphalt"/>
    <tag k="tiger:cfcc" v="A41"/>
    <tag k="tiger:name_base" v="Dawson"/>
    <tag k="tiger:name_type" v="St"/>
    <tag k="tiger:zip_left" v="15213"/>
    <tag k="tiger:zip_right" v="15213"/>
  </way>
  <way id="1101460453">
    <nd ref="7914412188"/>
    <nd ref="1252057876"/>
    <nd ref="5909066642"/>
    <tag k="bicycle" v="yes"/>
    <tag k="highway" v="tertiary"/>
    <tag k="name" v="University Drive"/>
    <tag k="sidewalk:left" v="yes"/>
    <tag k="sidewalk:right" v="separate"/>
    <tag k="tiger:cfcc" v="A41"/>
    <tag k="tiger:name_base" v="University"/>
    <tag k="tiger:name_type" v="Dr"/>
    <tag k="tiger:reviewed" v="no"/>
    <tag k="tiger:zip_left" v="15213"/>
    <tag k="tiger:zip_right" v="15213"/>
  </way>
  <way id="1101460454">
    <nd ref="6186565594"/>
    <nd ref="7914412188"/>
    <tag k="bicycle" v="yes"/>
    <tag k="highway" v="tertiary"/>
    <tag k="name" v="University Drive"/>
    <tag k="sidewalk:left" v="yes"/>
    <tag k="sidewalk:right" v="separate"/>
    <tag k="tiger:cfcc" v="A41"/>
    <tag k="tiger:name_base" v="University"/>
    <tag k="tiger:name_type" v="Dr"/>
    <tag k="tiger:reviewed" v="no"/>
    <tag k="tiger:zip_left" v="15213"/>
    <tag k="tiger:zip_right" v="15213"/>
  </way>
  <way id="1121515071">
    <nd ref="104663459"/>
    <nd ref="8557740966"/>
    <tag k="alt_name" v="N Dithridge Street"/>
    <tag k="highway" v="residential"/>
    <tag k="lanes" v="1"/>
    <tag k="lit" v="yes"/>
    <tag k="name" v="North Dithridge Street"/>
    <tag k="oneway" v="yes"/>
    <tag k="sidewalk" v="separate"/>
    <tag k="smoothness" v="good"/>
    <tag k="surface" v="asphalt"/>
    <tag k="tiger:cfcc" v="A41"/>
    <tag k="tiger:name_base" v="Dithridge"/>
    <tag k="tiger:name_direction_prefix" v="N"/>
    <tag k="tiger:name_type" v="St"/>
    <tag k="tiger:zip_left" v="15213"/>
    <tag k="tiger:zip_right" v="15213"/>
  </way>
  <way id="1204490154">
    <nd ref="1454510621"/>
    <nd ref="105894874"/>
    <nd ref="11028367311"/>
    <tag k="highway" v="residential"/>
    <tag k="lane_markings" v="no"/>
    <tag k="name" v="Iowa Street"/>
    <tag k="sidewalk:left" v="no"/>
    <tag k="sidewalk:right" v="separate"/>
    <tag k="surface" v="brick"/>
    <tag k="tiger:cfcc" v="A41"/>
    <tag k="tiger:name_base" v="Iowa"/>
    <tag k="tiger:name_type" v="St"/>
    <tag k="tiger:zip_left" v="15219"/>
    <tag k="tiger:zip_right" v="15219"/>
  </way>
  <way id="1204490155">
    <nd ref="105098687"/>
    <nd ref="1454510571"/>
    <nd ref="1454458375"/>
    <nd ref="11028356482"/>
    <nd ref="13137705300"/>
    <nd ref="1454510621"/>
    <tag k="highway" v="residential"/>
    <tag k="lane_markings" v="no"/>
    <tag k="name" v="Iowa Street"/>
    <tag k="sidewalk:both" v="separate"/>
    <tag k="surface" v="brick"/>
    <tag k="tiger:cfcc" v="A41"/>
    <tag k="tiger:name_base" v="Iowa"/>
    <tag k="tiger:name_type" v="St"/>
    <tag k="tiger:zip_left" v="15219"/>
    <tag k="tiger:zip_right" v="15219"/>
  </way>
  <way id="1286538136">
    <nd ref="1252057996"/>
    <nd ref="11028356485"/>
    <nd ref="11541375162"/>
    <nd ref="1252057934"/>
    <tag k="highway" v="residential"/>
    <tag k="name" v="University Drive A"/>
    <tag k="surface" v="asphalt"/>
    <tag k="tiger:cfcc" v="A41"/>
    <tag k="tiger:name_base" v="University Dr A"/>
    <tag k="tiger:reviewed" v="no"/>
    <tag k="tiger:zip_left" v="15213"/>
  </way>
  <way id="1382755852">
    <nd ref="105002583"/>
    <nd ref="6186271681"/>
    <nd ref="6186272988"/>
    <nd ref="12802178402"/>
    <tag k="highway" v="residential"/>
    <tag k="name" v="University Drive C"/>
    <tag k="sidewalk" v="both"/>
    <tag k="tiger:cfcc" v="A41"/>
    <tag k="tiger:name_base" v="University Dr C"/>
    <tag k="tiger:reviewed" v="no"/>
    <tag k="tiger:zip_left" v="15213"/>
    <tag k="tiger:zip_right" v="15213"/>
  </way>
  <way id="1382755853">
    <nd ref="2014637597"/>
    <nd ref="8032966221"/>
    <nd ref="12569515925"/>
    <nd ref="12569515926"/>
    <tag k="access" v="no"/>
    <tag k="highway" v="residential"/>
    <tag k="name" v="University Drive C"/>
    <tag k="tiger:cfcc" v="A41"/>
    <tag k="tiger:name_base" v="University Drive B"/>
    <tag k="tiger:reviewed" v="no"/>
  </way>
  <way id="1382755854">
    <nd ref="12569515926"/>
    <nd ref="12802178403"/>
    <tag k="access" v="no"/>
    <tag k="highway" v="residential"/>
    <tag k="name" v="University Drive C"/>
    <tag k="tiger:cfcc" v="A41"/>
    <tag k="tiger:name_base" v="University Drive B"/>
    <tag k="tiger:reviewed" v="no"/>
  </way>
  <way id="1382755855">
    <nd ref="8026959657"/>
    <nd ref="12572003665"/>
    <nd ref="11934745977"/>
    <nd ref="1356087376"/>
    <nd ref="1665912699"/>
    <nd ref="14040033910"/>
    <nd ref="8026959658"/>
    <tag k="access" v="no"/>
    <tag k="highway" v="residential"/>
    <tag k="name" v="University Drive A"/>
    <tag k="surface" v="asphalt"/>
    <tag k="tiger:cfcc" v="A41"/>
    <tag k="tiger:name_base" v="University Dr A"/>
    <tag k="tiger:reviewed" v="no"/>
    <tag k="tiger:zip_left" v="15213"/>
  </way>
  <way id="1413950091">
    <nd ref="6718695855"/>
    <nd ref="8140356499"/>
    <nd ref="8140356500"/>
    <tag k="highway" v="tertiary"/>
    <tag k="lanes" v="2"/>
    <tag k="lcn" v="yes"/>
    <tag k="lit" v="yes"/>
    <tag k="maxspeed" v="25 mph"/>
    <tag k="name" v="Schenley Drive"/>
    <tag k="oneway" v="yes"/>
    <tag k="parking" v="no"/>
    <tag k="parking:fee" v="yes"/>
    <tag k="sidewalk:left" v="no"/>
    <tag k="sidewalk:right" v="separate"/>
    <tag k="surface" v="asphalt"/>
    <tag k="tiger:cfcc" v="A41"/>
    <tag k="tiger:name_base" v="Schenley"/>
    <tag k="tiger:name_type" v="Dr"/>
  </way>
  <way id="1429173418">
    <nd ref="13137705109"/>
    <nd ref="1252057974"/>
    <nd ref="13137705276"/>
    <nd ref="104844013"/>
    <tag k="bicycle" v="designated"/>
    <tag k="highway" v="secondary"/>
    <tag k="lanes" v="2"/>
    <tag k="lcn" v="yes"/>
    <tag k="name" v="Centre Avenue"/>
    <tag k="sidewalk:left" v="separate"/>
    <tag k="sidewalk:right" v="no"/>
    <tag k="surface" v="asphalt"/>
  </way>
  <way id="1429173498">
    <nd ref="13137662715"/>
    <nd ref="11028356489"/>
    <nd ref="13137705240"/>
    <nd ref="104843460"/>
    <tag k="highway" v="residential"/>
    <tag k="lane_markings" v="no"/>
    <tag k="name" v="Bryn Mawr Road"/>
    <tag k="sidewalk:both" v="separate"/>
    <tag k="surface" v="paving_stones"/>
    <tag k="tiger:cfcc" v="A41"/>
    <tag k="tiger:name_base" v="Bryn Mawr"/>
    <tag k="tiger:name_type" v="Rd"/>
    <tag k="tiger:zip_left" v="15219"/>
    <tag k="tiger:zip_right" v="15219"/>
  </way>
  <way id="1429173513">
    <nd ref="104187715"/>
    <nd ref="13137705286"/>
    <tag k="highway" v="residential"/>
    <tag k="name" v="Ewart Drive"/>
    <tag k="sidewalk:both" v="no"/>
    <tag k="surface" v="brick"/>
    <tag k="tiger:cfcc" v="A41"/>
    <tag k="tiger:name_base" v="Ewart"/>
    <tag k="tiger:name_type" v="Dr"/>
    <tag k="tiger:reviewed" v="no"/>
    <tag k="tiger:zip_left" v="15219"/>
    <tag k="tiger:zip_right" v="15219"/>
  </way>
  <way id="1458757670">
    <nd ref="302964641"/>
    <nd ref="6784143895"/>
    <nd ref="9883338934"/>
    <nd ref="302964567"/>
    <tag k="cycleway:left" v="lane"/>
    <tag k="cycleway:right" v="separate"/>
    <tag k="hgv" v="designated"/>
    <tag k="highway" v="primary"/>
    <tag k="historic:railway" v="tram"/>
    <tag k="lanes" v="2"/>
    <tag k="lcn" v="yes"/>
    <tag k="maxspeed" v="25 mph"/>
    <tag k="name" v="Forbes Avenue"/>
    <tag k="name:etymology:wikidata" v="Q3181518"/>
    <tag k="old_ref" v="US 22;US 30"/>
    <tag k="old_ref_legislative" v="120"/>
    <tag k="oneway" v="no"/>
    <tag k="sidewalk" v="separate"/>
    <tag k="source:hgv" v="https://www.dot.state.pa.us/public/pubsforms/Publications/TruckersMap.pdf"/>
    <tag k="surface" v="asphalt"/>
    <tag k="tiger:cfcc" v="A35"/>
    <tag k="tiger:name_base" v="Forbes"/>
    <tag k="tiger:name_type" v="Ave"/>
    <tag k="tiger:zip_right" v="15213"/>
  </way>
  <way id="1458757671">
    <nd ref="302964538"/>
    <nd ref="11844997311"/>
    <nd ref="6784050083"/>
    <nd ref="105013419"/>
    <tag k="bridge" v="yes"/>
    <tag k="cycleway:left" v="lane"/>
    <tag k="cycleway:right" v="separate"/>
    <tag k="hgv" v="designated"/>
    <tag k="highway" v="primary"/>
    <tag k="historic:railway" v="tram"/>
    <tag k="lanes" v="3"/>
    <tag k="lcn" v="yes"/>
    <tag k="maxspeed" v="25 mph"/>
    <tag k="name" v="Forbes Avenue"/>
    <tag k="name:etymology:wikidata" v="Q3181518"/>
    <tag k="old_ref" v="US 22;US 30"/>
    <tag k="old_ref_legislative" v="120"/>
    <tag k="oneway" v="no"/>
    <tag k="sidewalk" v="separate"/>
    <tag k="source:hgv" v="https://www.dot.state.pa.us/public/pubsforms/Publications/TruckersMap.pdf"/>
    <tag k="surface" v="asphalt"/>
    <tag k="tiger:cfcc" v="A35"/>
    <tag k="tiger:name_base" v="Forbes"/>
    <tag k="tiger:name_type" v="Ave"/>
    <tag k="tiger:zip_right" v="15213"/>
  </way>
  <way id="1463036308">
    <nd ref="105251205"/>
    <nd ref="1665840295"/>
    <nd ref="2588524461"/>
    <nd ref="105251212"/>
    <tag k="bicycle" v="designated"/>
    <tag k="cycleway:both" v="shared_lane"/>
    <tag k="cycleway:both:lane" v="pictogram"/>
    <tag k="highway" v="residential"/>
    <tag k="lcn" v="yes"/>
    <tag k="maxspeed" v="25 mph"/>
    <tag k="name" v="Boundary Street"/>
    <tag k="tiger:cfcc" v="A41"/>
    <tag k="tiger:name_base" v="Boundary"/>
    <tag k="tiger:name_type" v="St"/>
    <tag k="tiger:reviewed" v="no"/>
    <tag k="tiger:zip_left" v="15213"/>
    <tag k="tiger:zip_left_1" v="15213"/>
    <tag k="tiger:zip_right" v="15213"/>
    <tag k="tiger:zip_right_1" v="15213"/>
  </way>
  <way id="1463037766">
    <nd ref="2173649273"/>
    <nd ref="2766492992"/>
    <tag k="bicycle" v="designated"/>
    <tag k="cycleway:left" v="lane"/>
    <tag k="cycleway:left:oneway" v="no"/>
    <tag k="cycleway:right" v="separate"/>
    <tag k="highway" v="secondary"/>
    <tag k="lanes" v="2"/>
    <tag k="lcn" v="yes"/>
    <tag k="maxspeed" v="25 mph"/>
    <tag k="name" v="Schenley Drive"/>
    <tag k="note" v="There used to be a separate way for the cycle along this road. I decided to delete that way and tag this road with `cycleway:(left,right)=track` tags because of how the added complexity of having it tagged as a separate way caused it to not appropriately"/>
    <tag k="oneway:bicycle" v="no"/>
    <tag k="sidewalk" v="separate"/>
    <tag k="source:geometry" v="mapbox"/>
    <tag k="source:sidewalk" v="bing"/>
    <tag k="surface" v="asphalt"/>
    <tag k="tiger:cfcc" v="A41"/>
    <tag k="tiger:name_base" v="Panther Hollow"/>
    <tag k="tiger:name_type" v="Rd"/>
  </way>
  <way id="1467879227">
    <nd ref="13406051196"/>
    <nd ref="14002814582"/>
    <nd ref="14046684592"/>
    <nd ref="13406051195"/>
    <nd ref="14046684593"/>
    <nd ref="14002814581"/>
    <nd ref="13406051194"/>
    <nd ref="14046684594"/>
    <nd ref="13406051193"/>
    <nd ref="13406051192"/>
    <nd ref="12569515930"/>
    <tag k="access" v="no"/>
    <tag k="demolished:highway" v="residential"/>
    <tag k="highway" v="residential"/>
    <tag k="name" v="University Drive A"/>
    <tag k="tiger:cfcc" v="A41"/>
    <tag k="tiger:name_base" v="University Dr A"/>
    <tag k="tiger:reviewed" v="no"/>
    <tag k="tiger:zip_left" v="15213"/>
  </way>
  <way id="1548200013">
    <nd ref="12100111876"/>
    <nd ref="1356017327"/>
    <nd ref="8494965501"/>
    <nd ref="105013396"/>
    <tag k="cycleway" v="separate"/>
    <tag k="highway" v="primary"/>
    <tag k="historic:railway" v="tram"/>
    <tag k="lanes" v="4"/>
    <tag k="lcn" v="yes"/>
    <tag k="maxspeed" v="25 mph"/>
    <tag k="name" v="Forbes Avenue"/>
    <tag k="name:etymology:wikidata" v="Q3181518"/>
    <tag k="old_ref_legislative" v="120"/>
    <tag k="sidewalk:left" v="yes"/>
    <tag k="sidewalk:right" v="separate"/>
    <tag k="surface" v="asphalt"/>
    <tag k="tiger:cfcc" v="A35"/>
    <tag k="tiger:name_base" v="Forbes"/>
    <tag k="tiger:name_type" v="Ave"/>
    <tag k="tiger:zip_right" v="15213"/>
  </way>
  <way id="1548200022">
    <nd ref="104683082"/>
    <nd ref="3192430398"/>
    <nd ref="2766492996"/>
    <nd ref="302759445"/>
    <nd ref="302756874"/>
    <nd ref="106098085"/>
    <nd ref="302755545"/>
    <tag k="bicycle" v="designated"/>
    <tag k="cycleway:left" v="opposite_lane"/>
    <tag k="cycleway:left:oneway" v="no"/>
    <tag k="cycleway:left:segregated" v="no"/>
    <tag k="cycleway:left:separation" v="flex_post"/>
    <tag k="cycleway:right" v="shared_lane"/>
    <tag k="highway" v="residential"/>
    <tag k="lanes" v="1"/>
    <tag k="lcn" v="yes"/>
    <tag k="name" v="Frew Street"/>
    <tag k="name:etymology:wikidata" v="Q75991210"/>
    <tag k="oneway" v="yes"/>
    <tag k="oneway:bicycle" v="no"/>
    <tag k="parking:lane:left" v="perpendicular"/>
    <tag k="parking:left" v="lane"/>
    <tag k="sidewalk:left" v="yes"/>
    <tag k="sidewalk:right" v="separate"/>
    <tag k="surface" v="asphalt"/>
    <tag k="tiger:cfcc" v="A41"/>
    <tag k="tiger:name_base" v="Frew"/>
    <tag k="tiger:name_type" v="St"/>
    <tag k="tiger:zip_left" v="15213"/>
    <tag k="tiger:zip_right" v="15213"/>
  </way>
  <way id="1548200840">
    <nd ref="6715675240"/>
    <nd ref="105013345"/>
    <tag k="bicycle" v="designated"/>
    <tag k="cycleway" v="lane"/>
    <tag k="highway" v="secondary"/>
    <tag k="lanes" v="2"/>
    <tag k="lcn" v="yes"/>
    <tag k="lit" v="yes"/>
    <tag k="maxspeed" v="25 mph"/>
    <tag k="name" v="Schenley Drive"/>
    <tag k="oneway" v="no"/>
    <tag k="sidewalk" v="separate"/>
    <tag k="smoothness" v="good"/>
    <tag k="surface" v="asphalt"/>
    <tag k="tiger:cfcc" v="A41"/>
    <tag k="tiger:name_base" v="Schenley"/>
    <tag k="tiger:name_type" v="Dr"/>
  </way>
  <way id="1548201724">
    <nd ref="7835808651"/>
    <nd ref="104507069"/>
    <tag k="bicycle" v="designated"/>
    <tag k="cycleway:both" v="shared_lane"/>
    <tag k="cycleway:both:lane" v="pictogram"/>
    <tag k="highway" v="tertiary"/>
    <tag k="lanes" v="3"/>
    <tag k="lanes:backward" v="1"/>
    <tag k="lanes:forward" v="2"/>
    <tag k="lcn" v="yes"/>
    <tag k="lit" v="yes"/>
    <tag k="maxspeed" v="25 mph"/>
    <tag k="name" v="Schenley Drive Extension"/>
    <tag k="shoulder" v="no"/>
    <tag k="sidewalk" v="separate"/>
    <tag k="smoothness" v="good"/>
    <tag k="surface" v="asphalt"/>
    <tag k="tiger:cfcc" v="A41"/>
    <tag k="turn:lanes:forward" v="right|right"/>
  </way>
  <way id="1548299796">
    <nd ref="104931010"/>
    <nd ref="6532824700"/>
    <nd ref="7011439559"/>
    <nd ref="104991736"/>
    <tag k="bicycle" v="designated"/>
    <tag k="cycleway:both" v="shared_lane"/>
    <tag k="cycleway:both:lane" v="pictogram"/>
    <tag k="highway" v="residential"/>
    <tag k="lcn" v="yes"/>
    <tag k="maxspeed" v="25 mph"/>
    <tag k="name" v="South Neville Street"/>
    <tag k="sidewalk:left" v="separate"/>
    <tag k="sidewalk:right" v="separate"/>
    <tag k="tiger:cfcc" v="A41"/>
    <tag k="tiger:name_base" v="Neville"/>
    <tag k="tiger:name_direction_prefix" v="S"/>
    <tag k="tiger:name_type" v="St"/>
    <tag k="tiger:zip_left" v="15213"/>
    <tag k="tiger:zip_right" v="15213"/>
  </way>
  <way id="1548299799">
    <nd ref="270186751"/>
    <nd ref="8752021347"/>
    <nd ref="8752021354"/>
    <tag k="cycleway:left" v="lane"/>
    <tag k="cycleway:right" v="separate"/>
    <tag k="highway" v="primary"/>
    <tag k="historic:railway" v="tram"/>
    <tag k="lanes" v="2"/>
    <tag k="lcn" v="yes"/>
    <tag k="maxspeed" v="25 mph"/>
    <tag k="name" v="Forbes Avenue"/>
    <tag k="name:etymology:wikidata" v="Q3181518"/>
    <tag k="old_ref_legislative" v="120"/>
    <tag k="sidewalk:left" v="yes"/>
    <tag k="sidewalk:right" v="separate"/>
    <tag k="surface" v="asphalt"/>
    <tag k="tiger:cfcc" v="A35"/>
    <tag k="tiger:name_base" v="Forbes"/>
    <tag k="tiger:name_type" v="Ave"/>
    <tag k="tiger:zip_right" v="15213"/>
  </way>
  <way id="1548313198">
    <nd ref="14082083312"/>
    <nd ref="105097584"/>
    <tag k="cycleway:both" v="no"/>
    <tag k="highway" v="trunk"/>
    <tag k="lanes" v="4"/>
    <tag k="lcn" v="proposed"/>
    <tag k="maxspeed" v="25 mph"/>
    <tag k="name" v="Fifth Avenue"/>
    <tag k="oneway" v="yes"/>
    <tag k="oneway:bus" v="no"/>
    <tag k="sidewalk" v="separate"/>
    <tag k="surface" v="asphalt"/>
    <tag k="tiger:cfcc" v="A41;A35"/>
    <tag k="tiger:name_base" v="Fifth"/>
    <tag k="tiger:name_base_1" v="State Route 8"/>
    <tag k="tiger:name_type" v="Ave"/>
    <tag k="tiger:zip_left" v="15219;15208"/>
  </way>

</osm>
