{"type":"FeatureCollection","features":[{"type":"Feature","id":"25534423","properties":{"kind":"water"},"geometry":{"type":"Polygon","coordinates":[[[-79.9490816,40.4368791],[-79.9490869,40.436932],[-79.9490941,40.436976],[-79.9491021,40.437016],[-79.949115,40.4370554],[-79.9491187,40.437076],[-79.9491191,40.4371008],[-79.9491175,40.4371184],[-79.9491122,40.4371365],[-79.9491012,40.4371583],[-79.9490701,40.4371995],[-79.9490412,40.4372198],[-79.9490183,40.4372332],[-79.9489984,40.4372418],[-79.94898,40.4372481],[-79.9489591,40.4372534],[-79.9489308,40.4372592],[-79.9489012,40.4372608],[-79.9488716,40.4372607],[-79.9488188,40.4372504],[-79.9487653,40.4372311],[-79.9487246,40.4372158],[-79.9486629,40.4371946],[-79.9485868,40.437172],[-79.9485301,40.4371564],[-79.9484659,40.4371421],[-79.9483625,40.4371246],[-79.9482705,40.4371143],[-79.9481405,40.4371067],[-79.9480234,40.4371089],[-79.9478789,40.4371213],[-79.9477524,40.4371413],[-79.9476649,40.43716],[-79.9476248,40.4371668],[-79.9476063,40.4371548],[-79.9475893,40.4371121],[-79.9475186,40.4370776],[-79.9474216,40.4370167],[-79.947383,40.4369708],[-79.9473582,40.4369236],[-79.9473641,40.436891],[-79.9473785,40.4368441],[-79.9474211,40.4367851],[-79.9475038,40.4367573],[-79.947606,40.436731],[-79.9476708,40.436722],[-79.9477545,40.4367139],[-79.9478384,40.4367117],[-79.9478944,40.4367137],[-79.9479362,40.4367185],[-79.9480361,40.4367322],[-79.9481432,40.4367386],[-79.9482583,40.4367361],[-79.9483408,40.4367264],[-79.9484185,40.4367059],[-79.9484872,40.4366802],[-79.9485408,40.4366564],[-79.9485916,40.436627],[-79.9486427,40.4365952],[-79.9486948,40.4365537],[-79.9487483,40.4365107],[-79.9487932,40.4364824],[-79.9488596,40.4364632],[-79.9488932,40.4364605],[-79.9489264,40.4364614],[-79.948965,40.4364667],[-79.9490021,40.436479],[-79.9490395,40.4364957],[-79.9490654,40.4365132],[-79.9490869,40.4365338],[-79.9491059,40.4365603],[-79.9491176,40.4365873],[-79.9491221,40.4366078],[-79.9491243,40.4366224],[-79.9491231,40.4366528],[-79.9491121,40.436696],[-79.9490935,40.4367753],[-79.9490841,40.4368243],[-79.9490816,40.4368791]]]}},{"type":"Feature","id":"25735216","properties":{"kind":"water"},"geometry":{"type":"Polygon","coordinates":[[[-79.9519357,40.4419252],[-79.9518984,40.4419195],[-79.9518525,40.4419274],[-79.9518258,40.4419419],[-79.9518059,40.4419632],[-79.951796,40.4419986],[-79.9518011,40.4420207],[-79.9518183,40.4420448],[-79.9518541,40.4420662],[-79.9518853,40.442073],[-79.9519137,40.4420725],[-79.951948,40.4420631],[-79.9519751,40.4420457],[-79.9519944,40.4420182],[-79.9519981,40.4419901],[-79.9519924,40.4419703],[-79.9519702,40.4419431],[-79.9519357,40.4419252]]]}},{"type":"Feature","id":"25735220","properties":{"kind":"park"},"geometry":{"type":"Polygon","coordinates":[[[-79.9527038,40.4419923],[-79.9526645,40.4420474],[-79.952616,40.4421154],[-79.9525121,40.4422381],[-79.9524444,40.4422945],[-79.9523693,40.4423466],[-79.9523035,40.4423874],[-79.952217,40.4424278],[-79.9521389,40.4424581],[-79.9520474,40.4424816],[-79.9519602,40.4424954],[-79.9519283,40.4424969],[-79.9518643,40.4424999],[-79.9518392,40.442513],[-79.9518291,40.442531],[-79.9522063,40.4433937],[-79.9522175,40.4434031],[-79.9522339,40.4434066],[-79.9533375,40.4431126],[-79.9533479,40.4431081],[-79.9533565,40.4431026],[-79.9533627,40.4430946],[-79.9533643,40.4430856],[-79.9532971,40.4429164],[-79.9529579,40.442148],[-79.9529238,40.4420822],[-79.9529026,40.4420564],[-79.9527353,40.4419798],[-79.952726,40.4419784],[-79.9527183,40.4419794],[-79.9527092,40.4419853],[-79.9527038,40.4419923]]]}},{"type":"Feature","id":"25795368","properties":{"kind":"building"},"geometry":{"type":"Polygon","coordinates":[[[-79.9515753,40.4464014],[-79.9511749,40.4464666],[-79.9507408,40.4465372],[-79.9506506,40.4464895],[-79.9505703,40.4458363],[-79.9506253,40.4457832],[-79.9512538,40.4456751],[-79.9513422,40.4457205],[-79.9516282,40.4463393],[-79.9515753,40.4464014]]]}},{"type":"Feature","id":"26321001","properties":{"kind":"park"},"geometry":{"type":"Polygon","coordinates":[[[-79.9334201,40.4346941],[-79.933095,40.4348966],[-79.9326857,40.4350742],[-79.9327677,40.4352276],[-79.9332836,40.4350915],[-79.9335411,40.4355221],[-79.9335577,40.4356155],[-79.9339051,40.4370074],[-79.933959,40.4372223],[-79.9340787,40.4376995],[-79.9335681,40.4376996],[-79.9334005,40.4377875],[-79.933331,40.4378565],[-79.9333017,40.4379181],[-79.9333117,40.4379566],[-79.9333402,40.4380637],[-79.9335587,40.4382944],[-79.9340703,40.4388357],[-79.9341174,40.4388856],[-79.9341879,40.4388667],[-79.9342452,40.4388503],[-79.9344353,40.4387957],[-79.9359135,40.4390958],[-79.9359392,40.4391012],[-79.9364658,40.439214],[-79.9373152,40.4394007],[-79.937773,40.439569],[-79.9401594,40.4399998],[-79.9407688,40.440137],[-79.9409456,40.4401601],[-79.9421518,40.4404419],[-79.9423451,40.440493],[-79.9465522,40.4413739],[-79.9470728,40.4415035],[-79.9471722,40.4415031],[-79.9472803,40.441483],[-79.947461,40.4413675],[-79.9476765,40.4411879],[-79.9479222,40.4410157],[-79.9480402,40.4409205],[-79.9480705,40.440896],[-79.9481911,40.4407889],[-79.9483584,40.440867],[-79.9488511,40.4410971],[-79.9495527,40.4402892],[-79.949728,40.4398436],[-79.9497602,40.4390996],[-79.9496929,40.438576],[-79.9495464,40.4373338],[-79.9500559,40.4363421],[-79.9501676,40.4346361],[-79.9502435,40.4337517],[-79.9508732,40.4314261],[-79.9507923,40.4304051],[-79.9506577,40.430196],[-79.9500593,40.4295769],[-79.9495414,40.4291171],[-79.9493377,40.4288543],[-79.9489135,40.428791],[-79.9485334,40.4283887],[-79.9482922,40.4283476],[-79.9481251,40.4283192],[-79.9472139,40.4285419],[-79.9442013,40.4292764],[-79.9431713,40.4294462],[-79.943137,40.4298252],[-79.9418667,40.4303217],[-79.9402702,40.4301257],[-79.9398926,40.4298448],[-79.9390686,40.429492],[-79.9391287,40.4291261],[-79.9377874,40.4289037],[-79.9373949,40.4288386],[-79.9354199,40.42921],[-79.9330862,40.4296488],[-79.9330604,40.4307137],[-79.9327944,40.4318178],[-79.9328212,40.4320034],[-79.9329145,40.4326476],[-79.9331421,40.4334038],[-79.9333198,40.434467],[-79.9333479,40.4345292],[-79.9334201,40.4346941]]]}},{"type":"Feature","id":"27549961","properties":{"kind":"building"},"geometry":{"type":"Polygon","coordinates":[[[-79.9468052,40.4417362],[-79.9468574,40.4415882],[-79.946402,40.441493],[-79.9463967,40.4415095],[-79.9463549,40.441502],[-79.9463571,40.4414939],[-79.9463211,40.4414802],[-79.9461396,40.4414493],[-79.9461415,40.4414382],[-79.9459135,40.4413884],[-79.9458575,40.4415341],[-79.9460861,40.4415813],[-79.9460806,40.441596],[-79.9460879,40.4415981],[-79.9460778,40.4416287],[-79.9458456,40.441586],[-79.9458386,40.4416122],[-79.9457691,40.4416002],[-79.9457236,40.4417238],[-79.9457911,40.4417348],[-79.9457777,40.4417689],[-79.9460349,40.4418215],[-79.9459765,40.4419842],[-79.9461094,40.442015],[-79.9461635,40.4420258],[-79.9461682,40.4420151],[-79.9461944,40.4420201],[-79.9464265,40.4420665],[-79.9464454,40.4419884],[-79.9464844,40.441874],[-79.9464926,40.4418749],[-79.9465252,40.4417901],[-79.9465776,40.4418032],[-79.9465851,40.4417784],[-79.9466885,40.4417969],[-79.9467095,40.4417451],[-79.9467184,40.44172],[-79.9468052,40.4417362]]]}},{"type":"Feature","id":"27550292","properties":{"kind":"building"},"geometry":{"type":"Polygon","coordinates":[[[-79.9476703,40.4418146],[-79.9477558,40.4415646],[-79.947402,40.4415014],[-79.9473227,40.4416957],[-79.9471979,40.4416743],[-79.9469686,40.4416239],[-79.9469261,40.4417453],[-79.9471671,40.4418069],[-79.9473942,40.4418482],[-79.9474249,40.4417603],[-79.9476703,40.4418146]]]}},{"type":"Feature","id":"27551077","properties":{"kind":"building"},"geometry":{"type":"Polygon","coordinates":[[[-79.9468379,40.4427493],[-79.9469323,40.4425008],[-79.9469951,40.442487],[-79.9469996,40.44248],[-79.9470346,40.4423781],[-79.9470224,40.4423416],[-79.9469935,40.4423361],[-79.9470329,40.4422346],[-79.9470795,40.4420975],[-79.9470406,40.4420915],[-79.9468903,40.4420633],[-79.9468346,40.4422207],[-79.9467902,40.4422094],[-79.9466654,40.442183],[-79.94648,40.4421431],[-79.9464257,40.4421317],[-79.9464031,40.4421957],[-79.9463608,40.4421886],[-79.9463285,40.442283],[-79.9462926,40.4423783],[-79.9463355,40.4423868],[-79.9463098,40.4424583],[-79.9467802,40.4425563],[-79.9467252,40.4427163],[-79.9467396,40.4427193],[-79.9468379,40.4427493]]]}},{"type":"Feature","id":"27551364","properties":{"kind":"building"},"geometry":{"type":"Polygon","coordinates":[[[-79.9465192,40.4428409],[-79.9464958,40.4428358],[-79.9463137,40.4427968],[-79.9463012,40.4428303],[-79.9463693,40.4428449],[-79.946342,40.4429186],[-79.9458934,40.4428224],[-79.94588,40.4428588],[-79.9457949,40.4428405],[-79.9457777,40.4428368],[-79.9457808,40.4428284],[-79.9457596,40.4428238],[-79.9457504,40.4428218],[-79.945734,40.4428661],[-79.9457282,40.4428648],[-79.9452911,40.4427709],[-79.9452698,40.4428283],[-79.945165,40.4428058],[-79.9451835,40.4427559],[-79.945067,40.4427309],[-79.9451355,40.442546],[-79.9450587,40.4425295],[-79.9450812,40.442469],[-79.9450977,40.4424726],[-79.9451583,40.4424856],[-79.9451827,40.4424197],[-79.9457575,40.4425345],[-79.9457636,40.4425189],[-79.9458044,40.4424159],[-79.9458726,40.4424289],[-79.945877,40.4424165],[-79.9459553,40.4424346],[-79.9460341,40.4424528],[-79.9460205,40.4424913],[-79.9460435,40.4424968],[-79.9459999,40.4426031],[-79.9465607,40.4427288],[-79.9465192,40.4428409]]]}},{"type":"Feature","id":"27551590","properties":{"kind":"building"},"geometry":{"type":"Polygon","coordinates":[[[-79.9460511,40.4432213],[-79.9459775,40.4434227],[-79.9459459,40.4434149],[-79.9459228,40.4434689],[-79.9460301,40.4434901],[-79.9459493,40.443697],[-79.9457261,40.4436507],[-79.9457375,40.4436181],[-79.9455568,40.4435813],[-79.9453919,40.4435457],[-79.9453765,40.4435769],[-79.9451555,40.4435318],[-79.9452105,40.4433695],[-79.9452195,40.4433421],[-79.9453222,40.4430652],[-79.9456293,40.443132],[-79.9456856,40.4431439],[-79.9460511,40.4432213]]]}},{"type":"Feature","id":"27574204","properties":{"kind":"building"},"geometry":{"type":"Polygon","coordinates":[[[-79.9440246,40.4413262],[-79.9441294,40.4410365],[-79.9434563,40.4408936],[-79.9433505,40.4411855],[-79.9437898,40.4412781],[-79.9440246,40.4413262]]]}},{"type":"Feature","id":"27574545","properties":{"kind":"building"},"geometry":{"type":"Polygon","coordinates":[[[-79.9450587,40.4425295],[-79.9450294,40.4426211],[-79.9450464,40.4426255],[-79.9449607,40.4428733],[-79.9440867,40.4426898],[-79.9441484,40.4424882],[-79.9441614,40.4424457],[-79.9440879,40.4424298],[-79.9440726,40.4424732],[-79.9440133,40.4424614],[-79.943868,40.4424306],[-79.9438872,40.4423722],[-79.9438735,40.4423693],[-79.943899,40.4422973],[-79.943923,40.4422311],[-79.9439378,40.4422341],[-79.9439602,40.442174],[-79.9441668,40.4422174],[-79.9441647,40.4422287],[-79.9443892,40.4422755],[-79.9443803,40.4422998],[-79.9444168,40.4423089],[-79.9444296,40.4423111],[-79.9444394,40.4422852],[-79.9444839,40.442162],[-79.9451229,40.4422947],[-79.9451036,40.4423509],[-79.9450714,40.4424443],[-79.9450917,40.4424494],[-79.9450812,40.442469],[-79.9450587,40.4425295]]]}},{"type":"Feature","id":"27574718","properties":{"kind":"building"},"geometry":{"type":"Polygon","coordinates":[[[-79.9437211,40.4440312],[-79.9435886,40.4444049],[-79.9436094,40.4444092],[-79.94363,40.4444134],[-79.9436228,40.4444335],[-79.9437434,40.4444583],[-79.9437532,40.4444306],[-79.9438534,40.4444512],[-79.943863,40.4444241],[-79.9439684,40.4444457],[-79.9439772,40.4444208],[-79.9440796,40.4444419],[-79.9440893,40.4444144],[-79.9441932,40.4444358],[-79.9442025,40.4444095],[-79.9443071,40.4444309],[-79.9443647,40.4442686],[-79.944264,40.4442479],[-79.9442741,40.4442193],[-79.9441482,40.4441935],[-79.9440637,40.4441761],[-79.9440815,40.4441259],[-79.9437785,40.4440636],[-79.9437851,40.4440437],[-79.9437211,40.4440312]]]}},{"type":"Feature","id":"27590641","properties":{"kind":"building"},"geometry":{"type":"Polygon","coordinates":[[[-79.9470726,40.4427696],[-79.9472105,40.4428002],[-79.9472386,40.4428123],[-79.9474734,40.4421786],[-79.947292,40.4421493],[-79.9472632,40.442082],[-79.9471985,40.4421324],[-79.9471965,40.4421382],[-79.9472032,40.4421399],[-79.9471139,40.4423913],[-79.9470346,40.4423781],[-79.9469996,40.44248],[-79.9470753,40.4424964],[-79.9469854,40.4427457],[-79.9469672,40.4427449],[-79.9469664,40.4427511],[-79.9469923,40.4428274],[-79.9470726,40.4427696]]]}},{"type":"Feature","id":"27590907","properties":{"kind":"building"},"geometry":{"type":"Polygon","coordinates":[[[-79.9457236,40.4417238],[-79.9456653,40.4418872],[-79.9455259,40.4418587],[-79.9454766,40.4418468],[-79.9455304,40.4417046],[-79.9455028,40.4416949],[-79.9455005,40.4417059],[-79.945271,40.4416567],[-79.945221,40.4417934],[-79.9450864,40.4417655],[-79.9450334,40.4417544],[-79.9450883,40.4416132],[-79.9448315,40.4415656],[-79.944781,40.4417033],[-79.9446431,40.4416727],[-79.944591,40.4416611],[-79.9446422,40.4415177],[-79.9443592,40.4414519],[-79.944339,40.4415124],[-79.9441308,40.4414709],[-79.9441531,40.4414058],[-79.9441402,40.4414014],[-79.9441604,40.4413193],[-79.9441921,40.4412694],[-79.9442036,40.4412708],[-79.9442267,40.441207],[-79.94443,40.4412521],[-79.9444113,40.4413154],[-79.9444818,40.4413295],[-79.9445438,40.4411353],[-79.9447484,40.4411821],[-79.9446879,40.4413523],[-79.9449281,40.4413901],[-79.9449484,40.4413948],[-79.9450086,40.4412373],[-79.9451948,40.4412828],[-79.9451297,40.4414538],[-79.9453849,40.4415073],[-79.9454523,40.4413343],[-79.9456239,40.4413667],[-79.9455721,40.4415478],[-79.9457668,40.4415831],[-79.9457652,40.4415885],[-79.9457691,40.4416002],[-79.9457236,40.4417238]]]}},{"type":"Feature","id":"27590940","properties":{"kind":"building"},"geometry":{"type":"Polygon","coordinates":[[[-79.9466664,40.4436215],[-79.946572,40.4436019],[-79.9466063,40.443517],[-79.9463574,40.4434974],[-79.9463402,40.4435431],[-79.9462115,40.443517],[-79.9462372,40.4434517],[-79.946057,40.4434125],[-79.9461636,40.4431174],[-79.9461912,40.44304],[-79.9462029,40.4430075],[-79.9464604,40.4430663],[-79.9464187,40.4431751],[-79.9464003,40.443223],[-79.9466578,40.4432753],[-79.9466492,40.4433145],[-79.9468209,40.4433472],[-79.9467865,40.4434451],[-79.9467436,40.4434386],[-79.9466664,40.4436215]]]}},{"type":"Feature","id":"27591069","properties":{"kind":"building"},"geometry":{"type":"Polygon","coordinates":[[[-79.9463746,40.4436215],[-79.9468084,40.4437142],[-79.9468638,40.443726],[-79.9467093,40.4443074],[-79.9466016,40.444313],[-79.9463316,40.444327],[-79.9463316,40.4443008],[-79.9462887,40.4443008],[-79.9462801,40.4442094],[-79.9463059,40.4442094],[-79.9462716,40.4438371],[-79.9463145,40.4438371],[-79.9463316,40.4437979],[-79.9462973,40.4437848],[-79.9463746,40.4436215]]]}},{"type":"Feature","id":"27591096","properties":{"kind":"building"},"geometry":{"type":"Polygon","coordinates":[[[-79.9461698,40.4444585],[-79.9461405,40.4438586],[-79.9459549,40.4438638],[-79.9459633,40.4440368],[-79.9459708,40.4441895],[-79.9459477,40.4441902],[-79.9456868,40.4441976],[-79.9456715,40.444159],[-79.945645,40.4441319],[-79.9456016,40.4441107],[-79.9455486,40.4441044],[-79.9455011,40.4441134],[-79.9454575,40.444132],[-79.945428,40.4441629],[-79.9454152,40.4442052],[-79.9451708,40.4442122],[-79.9451422,40.444213],[-79.9451265,40.4438918],[-79.9449261,40.4438975],[-79.9449552,40.4444928],[-79.9451515,40.4444873],[-79.9451475,40.4444056],[-79.9455629,40.4443938],[-79.94596,40.4443826],[-79.9459761,40.4443821],[-79.94598,40.4444638],[-79.9461698,40.4444585]]]}},{"type":"Feature","id":"27591104","properties":{"kind":"building"},"geometry":{"type":"Polygon","coordinates":[[[-79.9458589,40.4440392],[-79.9458514,40.4438759],[-79.9456655,40.4438809],[-79.9452118,40.4438931],[-79.9452194,40.4440563],[-79.9458589,40.4440392]]]}},{"type":"Feature","id":"27610994","properties":{"kind":"building"},"geometry":{"type":"Polygon","coordinates":[[[-79.9443389,40.4382661],[-79.9443867,40.4382089],[-79.9443203,40.4381767],[-79.9442725,40.4382339],[-79.9443389,40.4382661]]]}},{"type":"Feature","id":"27623372","properties":{"kind":"building"},"geometry":{"type":"Polygon","coordinates":[[[-79.9444932,40.4430765],[-79.9445566,40.4431005],[-79.9446564,40.4431423],[-79.944694,40.4431574],[-79.9447237,40.4430785],[-79.9447888,40.4431074],[-79.9448518,40.4431333],[-79.9448329,40.4431689],[-79.9449595,40.4431839],[-79.9451032,40.4431996],[-79.9450788,40.4433289],[-79.9452195,40.4433421],[-79.9452105,40.4433695],[-79.9449676,40.4433471],[-79.9448774,40.4435295],[-79.9448327,40.4436593],[-79.9448184,40.4437004],[-79.9447186,40.443678],[-79.9447028,40.44372],[-79.944426,40.4436634],[-79.9443713,40.4437701],[-79.9444927,40.4438052],[-79.9445155,40.4438115],[-79.9447427,40.4438783],[-79.9447382,40.4440367],[-79.9445593,40.4440338],[-79.9441672,40.4440274],[-79.9441681,40.4439845],[-79.9441482,40.4439842],[-79.9441454,40.4439993],[-79.9440819,40.4439985],[-79.9441299,40.4437897],[-79.9441061,40.4437865],[-79.9441244,40.4436947],[-79.9442305,40.4437083],[-79.9442166,40.4437682],[-79.9442845,40.4437877],[-79.9443045,40.4437501],[-79.9443396,40.4437605],[-79.9443929,40.4436559],[-79.9442565,40.4436266],[-79.9441455,40.4436022],[-79.9442868,40.4434617],[-79.9443339,40.4434162],[-79.9443404,40.4433979],[-79.9443875,40.4432656],[-79.9445632,40.4432863],[-79.9445738,40.4432713],[-79.9445877,40.4432509],[-79.9444251,40.4431634],[-79.9444463,40.4431362],[-79.9444533,40.4431273],[-79.9444932,40.4430765]]]}},{"type":"Feature","id":"29094259","properties":{"kind":"building"},"geometry":{"type":"Polygon","coordinates":[[[-79.9495077,40.4462692],[-79.9494518,40.4458298],[-79.9496372,40.4458162],[-79.949693,40.4462556],[-79.9495077,40.4462692]]]}},{"type":"Feature","id":"30678664","properties":{"kind":"building"},"geometry":{"type":"Polygon","coordinates":[[[-79.9527217,40.4442165],[-79.9527508,40.4441982],[-79.9527665,40.4442015],[-79.9528006,40.4441752],[-79.9527863,40.4441622],[-79.9528196,40.4441378],[-79.9528589,40.4441178],[-79.9528683,40.4441268],[-79.9529041,40.4441027],[-79.9529004,40.4440882],[-79.9529267,40.4440717],[-79.9529447,40.4440734],[-79.9530864,40.4439707],[-79.9530847,40.443956],[-79.9531095,40.4439396],[-79.9531274,40.4439409],[-79.953159,40.4439182],[-79.9531766,40.4439269],[-79.9533131,40.4438239],[-79.9533477,40.4438544],[-79.9533647,40.4438549],[-79.9533816,40.4438703],[-79.9533782,40.4438855],[-79.9534129,40.4439182],[-79.9533291,40.443975],[-79.95337,40.4440049],[-79.9533873,40.4440033],[-79.9534102,40.4440214],[-79.9534058,40.4440343],[-79.95345,40.444072],[-79.9534656,40.4440646],[-79.9534868,40.4440747],[-79.9535152,40.4440965],[-79.9535332,40.4441131],[-79.9535183,40.4441223],[-79.9535642,40.4441625],[-79.9535835,40.4441582],[-79.9536051,40.4441762],[-79.9536011,40.4441929],[-79.9536373,40.4442236],[-79.9537196,40.4441654],[-79.9537501,40.4441875],[-79.9537717,40.4441864],[-79.9537954,40.444208],[-79.9537946,40.444223],[-79.9538237,40.4442485],[-79.9536928,40.4443417],[-79.9537026,40.4443569],[-79.9536704,40.4443805],[-79.9536728,40.4443947],[-79.9536502,40.4444116],[-79.9536306,40.4444078],[-79.9534908,40.4445112],[-79.9534904,40.4445286],[-79.9534666,40.4445458],[-79.9534513,40.444541],[-79.9534126,40.4445685],[-79.9534246,40.4445777],[-79.9534113,40.4445909],[-79.9533915,40.4445973],[-79.9533717,40.4446113],[-79.9533773,40.4446173],[-79.9533662,40.4446247],[-79.9533564,40.4446273],[-79.9533437,40.4446183],[-79.9533105,40.4446415],[-79.9533122,40.4446572],[-79.9532893,40.4446728],[-79.9532695,40.4446715],[-79.9532587,40.4446796],[-79.9533918,40.4447837],[-79.9533727,40.4447972],[-79.953376,40.4448119],[-79.9533425,40.4448354],[-79.9533239,40.4448328],[-79.9533072,40.4448446],[-79.9530799,40.4446644],[-79.9530606,40.4446657],[-79.9530402,40.4446493],[-79.9530435,40.4446323],[-79.9529733,40.444573],[-79.9529657,40.4445666],[-79.9529435,40.4445647],[-79.9529312,40.444555],[-79.9529299,40.4445474],[-79.9529122,40.4445355],[-79.9528832,40.4445449],[-79.9528659,40.4445322],[-79.9528471,40.4445184],[-79.9528585,40.4444923],[-79.9528471,40.4444823],[-79.9528416,40.4444813],[-79.9528292,40.4444725],[-79.9528304,40.4444655],[-79.9527654,40.4444078],[-79.9527461,40.4444101],[-79.9527237,40.4443927],[-79.9527272,40.4443783],[-79.9524998,40.4441954],[-79.9525164,40.4441851],[-79.9525158,40.4441649],[-79.9525475,40.4441439],[-79.9525698,40.4441451],[-79.952586,40.4441344],[-79.9527168,40.4442376],[-79.9527267,40.4442302],[-79.9527217,40.4442165]]]}},{"type":"Feature","id":"30678681","properties":{"kind":"building"},"geometry":{"type":"Polygon","coordinates":[[[-79.9516646,40.4453005],[-79.9519236,40.4451143],[-79.951946,40.4451109],[-79.9519533,40.4450856],[-79.9519788,40.4450804],[-79.9519961,40.4450965],[-79.9520095,40.4451012],[-79.952043,40.4451261],[-79.9520781,40.4451535],[-79.9520831,40.4451665],[-79.9521008,40.4451768],[-79.9520877,40.4451992],[-79.9520611,40.4452022],[-79.9520558,40.4452174],[-79.9518842,40.4453399],[-79.9519107,40.4453619],[-79.9519289,40.4453614],[-79.9519551,40.4453829],[-79.9519472,40.4453976],[-79.9519249,40.4454124],[-79.9519031,40.445427],[-79.9518857,40.4454278],[-79.951862,40.4454081],[-79.9518643,40.4453962],[-79.9518367,40.4453764],[-79.9517994,40.4454057],[-79.951708,40.4454213],[-79.9516393,40.445364],[-79.9516646,40.4453005]]]}},{"type":"Feature","id":"31899524","properties":{"kind":"building"},"geometry":{"type":"Polygon","coordinates":[[[-79.9506634,40.4424353],[-79.9508506,40.4423864],[-79.9509169,40.4425339],[-79.9507985,40.442565],[-79.9508273,40.4426295],[-79.9508304,40.4426354],[-79.9508446,40.4426627],[-79.9508757,40.4426565],[-79.9508961,40.442704],[-79.9509176,40.442754],[-79.9508814,40.4427621],[-79.9509328,40.4428593],[-79.9510487,40.4428295],[-79.9511137,40.4429758],[-79.9510912,40.4429858],[-79.9506816,40.4430807],[-79.9503008,40.4431748],[-79.9500436,40.4425957],[-79.9502085,40.4425583],[-79.9503141,40.4425279],[-79.9505126,40.442475],[-79.9505099,40.4424523],[-79.9505183,40.4424304],[-79.9505366,40.4424124],[-79.9505623,40.4424007],[-79.9505929,40.4423969],[-79.9506231,40.4424023],[-79.9506484,40.4424159],[-79.9506634,40.4424353]]]}},{"type":"Feature","id":"31899525","properties":{"kind":"building"},"geometry":{"type":"Polygon","coordinates":[[[-79.949991,40.443824],[-79.949912,40.4438419],[-79.9499028,40.4438182],[-79.9498061,40.4438698],[-79.9497967,40.4438457],[-79.9497024,40.4438995],[-79.9496888,40.4438747],[-79.9495965,40.4439275],[-79.9495847,40.4439038],[-79.9494876,40.4439553],[-79.9494522,40.4438713],[-79.9494053,40.443885],[-79.9494407,40.4439666],[-79.9492448,40.4440162],[-79.9488118,40.444126],[-79.9486899,40.4438473],[-79.9485329,40.4435008],[-79.9491552,40.4433346],[-79.949635,40.4432214],[-79.9496926,40.4433496],[-79.9493614,40.4434367],[-79.9495047,40.4437636],[-79.949908,40.4436548],[-79.949991,40.443824]]]}},{"type":"Feature","id":"34262288","properties":{"kind":"building"},"geometry":{"type":"Polygon","coordinates":[[[-79.9494681,40.4457087],[-79.9490304,40.4457414],[-79.9490046,40.4455389],[-79.9489188,40.4455455],[-79.9488931,40.4453234],[-79.9493394,40.4452907],[-79.9493651,40.4454605],[-79.9494424,40.445454],[-79.9494673,40.4457007],[-79.9494681,40.4457087]]]}},{"type":"Feature","id":"34264357","properties":{"kind":"building"},"geometry":{"type":"Polygon","coordinates":[[[-79.9488343,40.446843],[-79.9485682,40.4468626],[-79.9485167,40.4464642],[-79.9486312,40.446456],[-79.9487914,40.4464446],[-79.9488343,40.446843]]]}},{"type":"Feature","id":"44150733","properties":{"kind":"building"},"geometry":{"type":"Polygon","coordinates":[[[-79.9503586,40.4458454],[-79.9503616,40.4458951],[-79.9503681,40.4459573],[-79.9503714,40.4460159],[-79.9504158,40.4462546],[-79.9504549,40.4465978],[-79.9504295,40.4466256],[-79.9499568,40.4467106],[-79.9499126,40.4467076],[-79.9498988,40.4466965],[-79.9498829,40.4466814],[-79.9498585,40.4466643],[-79.9498272,40.4466533],[-79.949838,40.4466342],[-79.949826,40.4466218],[-79.9497994,40.4466193],[-79.9498006,40.4466505],[-79.9497624,40.4466577],[-79.94971,40.4466544],[-79.9496947,40.4465149],[-79.9497743,40.4465104],[-79.9497596,40.4463713],[-79.9501427,40.4463585],[-79.9501273,40.4462761],[-79.9501236,40.4462435],[-79.9499169,40.446254],[-79.9498794,40.4458706],[-79.9503586,40.4458454]]]}},{"type":"Feature","id":"44150736","properties":{"kind":"building"},"geometry":{"type":"Polygon","coordinates":[[[-79.9495936,40.4466844],[-79.9495541,40.446375],[-79.9490765,40.4464084],[-79.94908,40.4464359],[-79.9490554,40.4464383],[-79.9490614,40.4465017],[-79.9490393,40.4465017],[-79.9490639,40.4467418],[-79.9490736,40.4467812],[-79.9491633,40.4468023],[-79.9495029,40.4467578],[-79.9494988,40.4467346],[-79.9495446,40.4467301],[-79.9495373,40.4466886],[-79.9495936,40.4466844]]]}},{"type":"Feature","id":"44156182","properties":{"kind":"building"},"geometry":{"type":"Polygon","coordinates":[[[-79.9483784,40.4453621],[-79.9483989,40.4454874],[-79.9484193,40.4456627],[-79.9482067,40.4456756],[-79.9481724,40.4453752],[-79.9483784,40.4453621]]]}},{"type":"Feature","id":"44156183","properties":{"kind":"building"},"geometry":{"type":"Polygon","coordinates":[[[-79.9484471,40.4459042],[-79.9484642,40.4460545],[-79.9482668,40.4460675],[-79.9482496,40.4459173],[-79.9484471,40.4459042]]]}},{"type":"Feature","id":"44156184","properties":{"kind":"building"},"geometry":{"type":"Polygon","coordinates":[[[-79.9481981,40.44595],[-79.9482239,40.4461394],[-79.9478462,40.4461655],[-79.9478205,40.4459761],[-79.9481981,40.44595]]]}},{"type":"Feature","id":"44157438","properties":{"kind":"building"},"geometry":{"type":"Polygon","coordinates":[[[-79.9514931,40.4475647],[-79.9515803,40.4477048],[-79.9512956,40.4478074],[-79.9512045,40.447661],[-79.9513146,40.4476213],[-79.9513639,40.4477004],[-79.9514351,40.4476747],[-79.9513898,40.4476019],[-79.9514931,40.4475647]]]}},{"type":"Feature","id":"44157441","properties":{"kind":"building"},"geometry":{"type":"Polygon","coordinates":[[[-79.9500317,40.4483858],[-79.9502723,40.4483046],[-79.9503502,40.4484384],[-79.9501096,40.4485195],[-79.9500317,40.4483858]]]}},{"type":"Feature","id":"44157443","properties":{"kind":"building"},"geometry":{"type":"Polygon","coordinates":[[[-79.9486356,40.444921],[-79.9486507,40.44506],[-79.9486104,40.4450628],[-79.9483808,40.4450805],[-79.9482057,40.4450896],[-79.9481962,40.4449507],[-79.9486301,40.4449214],[-79.9486356,40.444921]]]}},{"type":"Feature","id":"44157444","properties":{"kind":"building"},"geometry":{"type":"Polygon","coordinates":[[[-79.9480005,40.4445869],[-79.9480125,40.4448667],[-79.9479765,40.4448676],[-79.9479771,40.4448813],[-79.947938,40.4448823],[-79.9479375,40.4448691],[-79.947687,40.4448754],[-79.9476876,40.4448878],[-79.9476552,40.4448886],[-79.9476547,40.444875],[-79.9476144,40.444876],[-79.9476024,40.4445968],[-79.9480005,40.4445869]]]}},{"type":"Feature","id":"44157445","properties":{"kind":"building"},"geometry":{"type":"Polygon","coordinates":[[[-79.9514912,40.4468632],[-79.9516942,40.4473108],[-79.9511914,40.4474657],[-79.9511358,40.4473614],[-79.9510265,40.4473968],[-79.9507673,40.4469463],[-79.9507687,40.446928],[-79.9507862,40.4469175],[-79.9508003,40.4469141],[-79.9514912,40.4468632]]]}},{"type":"Feature","id":"103686985","properties":{"kind":"building"},"geometry":{"type":"Polygon","coordinates":[[[-79.9520472,40.4473834],[-79.9517663,40.4474713],[-79.9516858,40.4473222],[-79.9511155,40.4475006],[-79.9511955,40.4476487],[-79.951528,40.4475446],[-79.9516133,40.4477025],[-79.9518364,40.4476327],[-79.9518631,40.4476821],[-79.9521586,40.4475897],[-79.9520472,40.4473834]]]}},{"type":"Feature","id":"104205386","properties":{"kind":"building"},"geometry":{"type":"Polygon","coordinates":[[[-79.9516645,40.4478635],[-79.9515995,40.4477559],[-79.9513293,40.4478504],[-79.9513943,40.447958],[-79.9516645,40.4478635]]]}},{"type":"Feature","id":"104205387","properties":{"kind":"building"},"geometry":{"type":"Polygon","coordinates":[[[-79.9518037,40.4474452],[-79.9520853,40.4473663],[-79.9519939,40.4471594],[-79.9518925,40.4469297],[-79.9518621,40.4468921],[-79.9518189,40.4468675],[-79.9517635,40.4468544],[-79.9515465,40.4468685],[-79.9518037,40.4474452]]]}},{"type":"Feature","id":"104205388","properties":{"kind":"building"},"geometry":{"type":"Polygon","coordinates":[[[-79.9519047,40.4487351],[-79.951925,40.4487279],[-79.9519371,40.4487318],[-79.9519697,40.4487207],[-79.9519748,40.4487111],[-79.9519948,40.4487039],[-79.9519777,40.448672],[-79.9520392,40.4486492],[-79.9520417,40.448653],[-79.9520672,40.4486438],[-79.9520971,40.4486329],[-79.952087,40.4486172],[-79.952147,40.4485932],[-79.9521308,40.4485645],[-79.9522929,40.4485099],[-79.9522841,40.4484942],[-79.9522957,40.4484901],[-79.9522607,40.4484329],[-79.9522514,40.4484361],[-79.9522394,40.4484148],[-79.9522152,40.4484231],[-79.9518034,40.4485677],[-79.9518632,40.4486665],[-79.9518523,40.4486703],[-79.9518661,40.4486936],[-79.9518773,40.4486897],[-79.9519047,40.4487351]]]}},{"type":"Feature","id":"104205389","properties":{"kind":"building"},"geometry":{"type":"Polygon","coordinates":[[[-79.9523418,40.4479687],[-79.952213,40.4476881],[-79.9519328,40.4477625],[-79.9520615,40.4480432],[-79.9523418,40.4479687]]]}},{"type":"Feature","id":"104205390","properties":{"kind":"building"},"geometry":{"type":"Polygon","coordinates":[[[-79.9520142,40.4480322],[-79.9519181,40.4478753],[-79.9514637,40.4480364],[-79.9515598,40.4481933],[-79.9520142,40.4480322]]]}},{"type":"Feature","id":"104205391","properties":{"kind":"building"},"geometry":{"type":"Polygon","coordinates":[[[-79.9523273,40.4480732],[-79.9524096,40.4482152],[-79.9517467,40.4484378],[-79.9516644,40.4482958],[-79.9523273,40.4480732]]]}},{"type":"Feature","id":"104206036","properties":{"kind":"building"},"geometry":{"type":"Polygon","coordinates":[[[-79.9518768,40.4468019],[-79.9518194,40.446819],[-79.9518399,40.4468589],[-79.9518973,40.4468419],[-79.9518768,40.4468019]]]}},{"type":"Feature","id":"104431157","properties":{"kind":"building"},"geometry":{"type":"Polygon","coordinates":[[[-79.951562,40.4487805],[-79.9514949,40.4486707],[-79.9512425,40.4487599],[-79.9511975,40.448686],[-79.9514428,40.4485994],[-79.9513779,40.448493],[-79.9509181,40.4486555],[-79.9509818,40.4487599],[-79.9510814,40.4487246],[-79.951128,40.4488009],[-79.9510243,40.4488375],[-79.951091,40.448947],[-79.951562,40.4487805]]]}},{"type":"Feature","id":"104431158","properties":{"kind":"building"},"geometry":{"type":"Polygon","coordinates":[[[-79.9500632,40.4475729],[-79.9500932,40.4475699],[-79.950083,40.447469],[-79.950067,40.4473381],[-79.9499914,40.4473427],[-79.9499882,40.4473146],[-79.9500281,40.4473108],[-79.9500649,40.4473084],[-79.9500527,40.4471749],[-79.95002,40.4471767],[-79.9499873,40.4471775],[-79.9499756,40.447054],[-79.9497672,40.4470653],[-79.9495259,40.4470793],[-79.9495271,40.4470881],[-79.9495163,40.4471043],[-79.9495175,40.4471292],[-79.9495327,40.4471505],[-79.9495503,40.4471603],[-79.9495749,40.4471618],[-79.9495948,40.4473648],[-79.9495372,40.4473693],[-79.9495521,40.4474974],[-79.9495646,40.4476047],[-79.9495852,40.4476037],[-79.9495969,40.4476712],[-79.949755,40.4476627],[-79.9498048,40.447681],[-79.9498635,40.4476778],[-79.9499205,40.4476519],[-79.9499994,40.4476442],[-79.9500723,40.4476391],[-79.9500632,40.4475729]]]}},{"type":"Feature","id":"104431159","properties":{"kind":"building"},"geometry":{"type":"Polygon","coordinates":[[[-79.9503946,40.4477737],[-79.9502886,40.4475972],[-79.9501097,40.4476597],[-79.9499874,40.4477025],[-79.9500029,40.4477291],[-79.9500178,40.4477528],[-79.9497901,40.4478325],[-79.9498434,40.4479207],[-79.9500721,40.4478406],[-79.9500951,40.4478786],[-79.9503946,40.4477737]]]}},{"type":"Feature","id":"104431160","properties":{"kind":"building"},"geometry":{"type":"Polygon","coordinates":[[[-79.9510309,40.4491281],[-79.9509432,40.4489838],[-79.9507217,40.4490618],[-79.9505911,40.448847],[-79.9503943,40.4489163],[-79.9505746,40.4492128],[-79.9506127,40.4492754],[-79.9510309,40.4491281]]]}},{"type":"Feature","id":"104431161","properties":{"kind":"building"},"geometry":{"type":"Polygon","coordinates":[[[-79.9506905,40.4473301],[-79.9505184,40.447035],[-79.9504766,40.4470491],[-79.9504523,40.4470073],[-79.950379,40.4470321],[-79.9504243,40.4471098],[-79.9503376,40.4471391],[-79.9504426,40.447319],[-79.9504987,40.4473001],[-79.9505449,40.4473793],[-79.9506905,40.4473301]]]}},{"type":"Feature","id":"104431162","properties":{"kind":"building"},"geometry":{"type":"Polygon","coordinates":[[[-79.9512752,40.4482937],[-79.951059,40.4479541],[-79.9507432,40.4480705],[-79.9507129,40.448023],[-79.9505565,40.4480807],[-79.950803,40.4484678],[-79.9512752,40.4482937]]]}},{"type":"Feature","id":"104431166","properties":{"kind":"building"},"geometry":{"type":"Polygon","coordinates":[[[-79.9508959,40.4478932],[-79.950829,40.447782],[-79.9505431,40.4478818],[-79.9504686,40.4477581],[-79.9503363,40.4478042],[-79.9504777,40.4480391],[-79.9508959,40.4478932]]]}},{"type":"Feature","id":"104431168","properties":{"kind":"building"},"geometry":{"type":"Polygon","coordinates":[[[-79.9508178,40.4486874],[-79.9507469,40.4485727],[-79.950663,40.4486028],[-79.9506672,40.4486095],[-79.950343,40.4487257],[-79.9503388,40.4487189],[-79.9502543,40.4487492],[-79.9503253,40.4488639],[-79.9504098,40.4488336],[-79.9504057,40.448827],[-79.9507299,40.4487108],[-79.950734,40.4487175],[-79.9508178,40.4486874]]]}},{"type":"Feature","id":"118675283","properties":{"kind":"building"},"geometry":{"type":"Polygon","coordinates":[[[-79.9445906,40.447664],[-79.9445845,40.4476043],[-79.9445818,40.4475783],[-79.9445774,40.4475349],[-79.9444553,40.4475424],[-79.9444595,40.4475759],[-79.9444091,40.4475779],[-79.9444163,40.4476447],[-79.9444697,40.4476416],[-79.9444718,40.4476731],[-79.9445906,40.447664]]]}},{"type":"Feature","id":"118675284","properties":{"kind":"building"},"geometry":{"type":"Polygon","coordinates":[[[-79.9451185,40.447492],[-79.9450237,40.4473911],[-79.944804,40.4475091],[-79.9447586,40.4474676],[-79.9447175,40.4474897],[-79.9447054,40.4474778],[-79.9446822,40.4474911],[-79.9446574,40.4475054],[-79.9446686,40.4475173],[-79.9446283,40.4475369],[-79.9446428,40.4475528],[-79.944603,40.4475754],[-79.9446315,40.4476051],[-79.944617,40.4476125],[-79.9446096,40.4476163],[-79.9447046,40.4477145],[-79.9447239,40.4477052],[-79.9447527,40.4477338],[-79.9447904,40.4477128],[-79.9448069,40.4477275],[-79.9448489,40.4477055],[-79.9448621,40.4477175],[-79.9449046,40.4476938],[-79.9448922,40.4476813],[-79.9449373,40.4476568],[-79.944895,40.4476141],[-79.9451185,40.447492]]]}},{"type":"Feature","id":"121051329","properties":{"kind":"building"},"geometry":{"type":"Polygon","coordinates":[[[-79.9527243,40.4436279],[-79.9526941,40.4436356],[-79.9526908,40.4436274],[-79.952633,40.4436411],[-79.9525768,40.4436544],[-79.9525815,40.4436636],[-79.9525419,40.4436738],[-79.9525748,40.4437463],[-79.95256,40.4437698],[-79.9525694,40.4437892],[-79.9525694,40.4438014],[-79.9525855,40.4438382],[-79.9526063,40.4438861],[-79.9526157,40.4438917],[-79.9526177,40.4439091],[-79.9526411,40.4439198],[-79.9526706,40.4439831],[-79.9526934,40.4439938],[-79.9527551,40.4440035],[-79.9527813,40.4440229],[-79.9528209,40.4440132],[-79.9528255,40.4439846],[-79.9528544,40.4439586],[-79.9528705,40.4439417],[-79.9528698,40.4439244],[-79.9528504,40.4438764],[-79.952845,40.4438632],[-79.9528671,40.4438407],[-79.9528778,40.4438484],[-79.9529087,40.4438234],[-79.9528966,40.4438137],[-79.9529067,40.443805],[-79.9529322,40.4438106],[-79.9529892,40.4437958],[-79.9530039,40.443783],[-79.953016,40.4437371],[-79.9530106,40.4437228],[-79.9529657,40.4436932],[-79.9529436,40.4436917],[-79.9528899,40.443705],[-79.9528752,40.4437167],[-79.9528752,40.4437233],[-79.9528604,40.4437213],[-79.9528618,40.4437141],[-79.9528209,40.443708],[-79.9528148,40.4437141],[-79.9527934,40.4437126],[-79.9527649,40.4436959],[-79.9527243,40.4436279]]]}},{"type":"Feature","id":"121051838","properties":{"kind":"building"},"geometry":{"type":"Polygon","coordinates":[[[-79.9529721,40.4477544],[-79.9528832,40.4478179],[-79.9528493,40.4478438],[-79.9528476,40.4478436],[-79.9528394,40.447851],[-79.9528286,40.4478434],[-79.9528046,40.4478393],[-79.9527864,40.4478452],[-79.952771,40.4478332],[-79.9527736,40.4478212],[-79.9527495,40.4478015],[-79.952726,40.4477977],[-79.9527139,40.447787],[-79.952716,40.4477692],[-79.9527093,40.4477617],[-79.9527166,40.4477554],[-79.9527019,40.4477398],[-79.9528454,40.447639],[-79.9528233,40.4476204],[-79.9529688,40.447513],[-79.9529755,40.4475178],[-79.9529862,40.4475115],[-79.953009,40.4475258],[-79.9530546,40.4474908],[-79.953064,40.4474997],[-79.9530995,40.4474962],[-79.9531418,40.4474686],[-79.9532222,40.4475278],[-79.953176,40.4475681],[-79.953184,40.4475732],[-79.9531766,40.4475829],[-79.9531921,40.4475952],[-79.9531927,40.4476054],[-79.9533242,40.447713],[-79.9533067,40.4477273],[-79.9533034,40.4477375],[-79.953296,40.4477406],[-79.9532779,40.4477454],[-79.9531149,40.4478615],[-79.9529721,40.4477544]]]}},{"type":"Feature","id":"121051839","properties":{"kind":"building"},"geometry":{"type":"Polygon","coordinates":[[[-79.9528832,40.4478179],[-79.9528476,40.4478436],[-79.9528972,40.4478833],[-79.9529328,40.4478576],[-79.9528832,40.4478179]]]}},{"type":"Feature","id":"121053963","properties":{"kind":"building"},"geometry":{"type":"Polygon","coordinates":[[[-79.9497145,40.4485177],[-79.949697,40.4484893],[-79.9496756,40.448497],[-79.9496446,40.4484466],[-79.9493779,40.4485417],[-79.9494367,40.4486372],[-79.9494209,40.4486428],[-79.9494446,40.4486814],[-79.9494604,40.4486758],[-79.9494803,40.4487081],[-79.9494665,40.448713],[-79.9495223,40.4488037],[-79.9495803,40.448783],[-79.9497249,40.4490181],[-79.9495174,40.4490921],[-79.9494908,40.4490489],[-79.9493583,40.4490961],[-79.9494445,40.4492363],[-79.9494038,40.4492508],[-79.9494306,40.4492943],[-79.9494445,40.4493169],[-79.9493588,40.4493475],[-79.9495209,40.4496109],[-79.9499256,40.4494667],[-79.9499024,40.449429],[-79.9499681,40.4494056],[-79.9499796,40.4494244],[-79.9501888,40.4493499],[-79.9500419,40.4491111],[-79.9500552,40.4491064],[-79.9499513,40.4489374],[-79.949938,40.4489422],[-79.9497449,40.4486284],[-79.9497782,40.4486165],[-79.9497651,40.4485952],[-79.9497763,40.4485861],[-79.9497843,40.4485779],[-79.9497883,40.4485698],[-79.949791,40.4485586],[-79.9497917,40.4485499],[-79.949789,40.4485422],[-79.949785,40.4485351],[-79.9497786,40.4485282],[-79.9497705,40.448522],[-79.9497611,40.4485169],[-79.949751,40.4485145],[-79.9497385,40.4485137],[-79.9497253,40.4485155],[-79.9497145,40.4485177]]]}},{"type":"Feature","id":"121054525","properties":{"kind":"building"},"geometry":{"type":"Polygon","coordinates":[[[-79.9495784,40.4444297],[-79.9495469,40.4444405],[-79.9495509,40.4444481],[-79.949508,40.4444744],[-79.9494946,40.4444783],[-79.9494384,40.4444802],[-79.9494356,40.4444746],[-79.9494042,40.4444827],[-79.9493719,40.4444068],[-79.9494028,40.4443981],[-79.9493983,40.4443863],[-79.9494302,40.444367],[-79.949449,40.4443598],[-79.9495061,40.4443548],[-79.9495107,40.4443639],[-79.9495422,40.4443562],[-79.9495784,40.4444297]]]}},{"type":"Feature","id":"121054622","properties":{"kind":"building"},"geometry":{"type":"Polygon","coordinates":[[[-79.9501739,40.4445921],[-79.9501697,40.4444924],[-79.9501513,40.4444035],[-79.9501341,40.4444016],[-79.9501316,40.444392],[-79.9496905,40.4444216],[-79.9497085,40.4447267],[-79.9497623,40.4450322],[-79.9500236,40.4450069],[-79.9499905,40.4447451],[-79.9501451,40.4447314],[-79.9501307,40.4445957],[-79.950149,40.4445951],[-79.9501491,40.4445907],[-79.9501739,40.4445921]]]}},{"type":"Feature","id":"121054817","properties":{"kind":"building"},"geometry":{"type":"Polygon","coordinates":[[[-79.9492368,40.4451499],[-79.9492326,40.4451123],[-79.9492577,40.4451107],[-79.949256,40.4450953],[-79.9492669,40.4450946],[-79.9492648,40.4450755],[-79.9492041,40.4450795],[-79.948856,40.4451022],[-79.9488682,40.4452101],[-79.9491983,40.4451886],[-79.9491943,40.4451527],[-79.9492368,40.4451499]]]}},{"type":"Feature","id":"121060908","properties":{"kind":"building"},"geometry":{"type":"Polygon","coordinates":[[[-79.9544635,40.4420868],[-79.9534292,40.4423547],[-79.9535358,40.4425964],[-79.9536399,40.4425688],[-79.9536536,40.4425982],[-79.9536675,40.4426306],[-79.9536831,40.4426669],[-79.9537083,40.442726],[-79.9537229,40.4427589],[-79.9536155,40.4427883],[-79.953733,40.4430295],[-79.9546622,40.4427834],[-79.9547633,40.4427572],[-79.9544635,40.4420868]]]}},{"type":"Feature","id":"152567349","properties":{"kind":"building"},"geometry":{"type":"Polygon","coordinates":[[[-79.9484646,40.4468879],[-79.9477699,40.446941],[-79.947761,40.4468336],[-79.947845,40.4468267],[-79.9477995,40.4465103],[-79.9479577,40.446494],[-79.9479926,40.4467981],[-79.9482062,40.4467826],[-79.948174,40.4464866],[-79.948335,40.4464723],[-79.9483832,40.4467826],[-79.9484691,40.4467785],[-79.9484755,40.4468859],[-79.9484646,40.4468879]]]}},{"type":"Feature","id":"154108395","properties":{"kind":"building"},"geometry":{"type":"Polygon","coordinates":[[[-79.9513232,40.445569],[-79.9512268,40.4453559],[-79.9511462,40.44517],[-79.9504762,40.4452215],[-79.9505303,40.4456291],[-79.9513232,40.445569]]]}},{"type":"Feature","id":"154203128","properties":{"kind":"building"},"geometry":{"type":"Polygon","coordinates":[[[-79.9543089,40.4455189],[-79.9537775,40.4458932],[-79.9534806,40.445649],[-79.9540078,40.445274],[-79.9543089,40.4455189]]]}},{"type":"Feature","id":"154245869","properties":{"kind":"building"},"geometry":{"type":"Polygon","coordinates":[[[-79.9552296,40.4434726],[-79.955104,40.443561],[-79.9550411,40.4436053],[-79.9550634,40.4436244],[-79.9550811,40.4436388],[-79.9550151,40.443686],[-79.9549525,40.4437307],[-79.9549346,40.443716],[-79.9549099,40.4436954],[-79.9548788,40.4437167],[-79.9547669,40.4436382],[-79.9546273,40.4437369],[-79.9544168,40.4435763],[-79.9545447,40.4434822],[-79.9544294,40.4434012],[-79.9544787,40.443366],[-79.9544418,40.4433358],[-79.9545268,40.443275],[-79.9545729,40.443242],[-79.9546094,40.4432727],[-79.9546791,40.443223],[-79.9549027,40.4430632],[-79.9550258,40.4430307],[-79.9551516,40.4431304],[-79.9551529,40.4431314],[-79.9551551,40.4431333],[-79.9551571,40.4431353],[-79.9551587,40.4431375],[-79.95516,40.4431399],[-79.9551609,40.4431419],[-79.9551616,40.4431443],[-79.955162,40.4431469],[-79.9551621,40.4431494],[-79.9551618,40.443152],[-79.9551611,40.4431545],[-79.9551601,40.4431569],[-79.9551588,40.4431592],[-79.9551572,40.4431615],[-79.9551552,40.4431635],[-79.9550445,40.4432451],[-79.9550657,40.4432619],[-79.955089,40.4432448],[-79.9551209,40.4432701],[-79.9551491,40.4432924],[-79.9551202,40.4433137],[-79.9551949,40.4433729],[-79.9552037,40.4433665],[-79.9552538,40.4434069],[-79.955201,40.4434473],[-79.9552296,40.4434726]]]}},{"type":"Feature","id":"154257481","properties":{"kind":"building"},"geometry":{"type":"Polygon","coordinates":[[[-79.9508833,40.4435709],[-79.9504393,40.443682],[-79.950445,40.4437009],[-79.9503575,40.4437245],[-79.9503879,40.4437919],[-79.9501031,40.4438662],[-79.9500808,40.4438009],[-79.949991,40.443824],[-79.949908,40.4436548],[-79.9499142,40.4436507],[-79.9498101,40.4433976],[-79.9498157,40.4433961],[-79.9497863,40.4433338],[-79.9496979,40.4433591],[-79.9496926,40.4433496],[-79.949635,40.4432214],[-79.9496295,40.4432035],[-79.949695,40.4431887],[-79.9496249,40.4430402],[-79.9495916,40.4429542],[-79.9496186,40.4429482],[-79.9495906,40.442886],[-79.9494832,40.4429147],[-79.9494142,40.4427696],[-79.9497313,40.4426803],[-79.9497009,40.4426019],[-79.9495618,40.4426397],[-79.9494979,40.4424861],[-79.9496874,40.442435],[-79.9496848,40.4423918],[-79.949675,40.4423893],[-79.9496703,40.4423879],[-79.9496609,40.4423849],[-79.9496515,40.4423777],[-79.9496465,40.4423711],[-79.9496435,40.4423616],[-79.9496435,40.4423522],[-79.9496475,40.4423446],[-79.9496532,40.4423387],[-79.9496619,40.4423341],[-79.9496703,40.4423313],[-79.949682,40.4423303],[-79.9496927,40.4423303],[-79.949698,40.4423315],[-79.9497174,40.4423093],[-79.9497503,40.4422902],[-79.9498161,40.4422746],[-79.9498557,40.4422746],[-79.9498859,40.4422795],[-79.9498953,40.4422762],[-79.9499003,40.4422718],[-79.949907,40.4422693],[-79.949917,40.4422667],[-79.9499291,40.4422662],[-79.9499378,40.4422675],[-79.9499482,40.4422703],[-79.9499549,40.4422757],[-79.949961,40.4422843],[-79.9499727,40.442293],[-79.9499857,40.4423006],[-79.949997,40.4423087],[-79.9500067,40.4423198],[-79.9500253,40.4423504],[-79.9502451,40.4422975],[-79.9503106,40.4424416],[-79.9502796,40.4424479],[-79.9501692,40.4424765],[-79.9502085,40.4425583],[-79.9500436,40.4425957],[-79.9503008,40.4431748],[-79.9506816,40.4430807],[-79.9508833,40.4435709]]]}},{"type":"Feature","id":"154257484","properties":{"kind":"building"},"geometry":{"type":"Polygon","coordinates":[[[-79.9513481,40.4434675],[-79.9512574,40.4434904],[-79.9512889,40.443556],[-79.9510009,40.4436337],[-79.9509806,40.4435675],[-79.9508879,40.4435883],[-79.9508833,40.4435709],[-79.9506816,40.4430807],[-79.9510912,40.4429858],[-79.9511137,40.4430456],[-79.9512314,40.4433059],[-79.951275,40.4432954],[-79.9513481,40.4434675]]]}},{"type":"Feature","id":"154258186","properties":{"kind":"park"},"geometry":{"type":"Polygon","coordinates":[[[-79.9530583,40.4455136],[-79.9522698,40.4460933],[-79.9520364,40.4462546],[-79.9519409,40.4462427],[-79.9518642,40.4460689],[-79.9521544,40.4454973],[-79.9531039,40.4448087],[-79.9532631,40.4449435],[-79.9531549,40.4451115],[-79.9530556,40.4452789],[-79.9530369,40.4453278],[-79.9530583,40.4455136]]]}},{"type":"Feature","id":"154258379","properties":{"kind":"park"},"geometry":{"type":"Polygon","coordinates":[[[-79.9530785,40.4447865],[-79.9524897,40.4452135],[-79.9522436,40.445163],[-79.9522412,40.4451391],[-79.9522282,40.44511],[-79.952194,40.4450723],[-79.952148,40.4450353],[-79.9521062,40.4450048],[-79.9520612,40.4449947],[-79.9520417,40.4449964],[-79.9520261,40.4450011],[-79.9519754,40.4447989],[-79.9525626,40.4443689],[-79.9526962,40.4444787],[-79.9526962,40.4445011],[-79.9526666,40.4445421],[-79.9528687,40.4447006],[-79.9529379,40.4446763],[-79.9530785,40.4447865]]]}},{"type":"Feature","id":"154258438","properties":{"kind":"building"},"geometry":{"type":"Polygon","coordinates":[[[-79.9520285,40.4438851],[-79.9519453,40.4439055],[-79.9519272,40.4438628],[-79.9520104,40.4438424],[-79.9520285,40.4438851]]]}},{"type":"Feature","id":"154258946","properties":{"kind":"park"},"geometry":{"type":"Polygon","coordinates":[[[-79.9521877,40.4451785],[-79.9521771,40.4451868],[-79.95216,40.445193],[-79.9521448,40.445464],[-79.9524633,40.4452331],[-79.9521877,40.4451785]]]}},{"type":"Feature","id":"154258947","properties":{"kind":"park"},"geometry":{"type":"Polygon","coordinates":[[[-79.9519811,40.4454241],[-79.9519496,40.4454006],[-79.9519593,40.4453822],[-79.9519318,40.4453585],[-79.951913,40.4453585],[-79.9518916,40.4453391],[-79.9519653,40.4452891],[-79.9520082,40.4452615],[-79.9520297,40.4452503],[-79.9520284,40.4452442],[-79.9520525,40.4452278],[-79.9520632,40.4452166],[-79.9520686,40.4452054],[-79.9520941,40.4452023],[-79.9521356,40.4451937],[-79.9521287,40.445321],[-79.9519811,40.4454241]]]}},{"type":"Feature","id":"154258948","properties":{"kind":"park"},"geometry":{"type":"Polygon","coordinates":[[[-79.9519533,40.4448135],[-79.9516377,40.4450444],[-79.9519931,40.4450472],[-79.9520053,40.4450313],[-79.9519533,40.4448135]]]}},{"type":"Feature","id":"154258949","properties":{"kind":"park"},"geometry":{"type":"Polygon","coordinates":[[[-79.9523824,40.4442256],[-79.952531,40.4443489],[-79.9515937,40.4450434],[-79.9514312,40.4450433],[-79.951398,40.4450355],[-79.9513704,40.4450165],[-79.9509223,40.4440449],[-79.9509394,40.444001],[-79.9509595,40.4439786],[-79.9518236,40.4437453],[-79.9518519,40.443783],[-79.9518953,40.4438112],[-79.9519178,40.4438634],[-79.9519398,40.4439126],[-79.9520422,40.4438877],[-79.9520198,40.4438385],[-79.9520421,40.44383],[-79.9520867,40.4438541],[-79.9521513,40.4439985],[-79.9523523,40.4439438],[-79.9523623,40.4439531],[-79.9523958,40.4439602],[-79.9524213,40.4440225],[-79.95242,40.4440408],[-79.9524374,40.4440725],[-79.9524133,40.4440929],[-79.9524253,40.4441031],[-79.9523972,40.4441255],[-79.9524481,40.4441694],[-79.9524428,40.4441786],[-79.9523824,40.4442256]]]}},{"type":"Feature","id":"154258950","properties":{"kind":"park"},"geometry":{"type":"Polygon","coordinates":[[[-79.9519784,40.4450717],[-79.9514773,40.4450677],[-79.9514513,40.4450819],[-79.9514325,40.4450986],[-79.9514234,40.4451079],[-79.9514184,40.4451298],[-79.9515985,40.4455096],[-79.9516405,40.445513],[-79.9516609,40.4455208],[-79.9516747,40.4455368],[-79.9516921,40.4455445],[-79.951732,40.4455432],[-79.9517954,40.4455296],[-79.951869,40.4454912],[-79.9519409,40.445446],[-79.9519117,40.4454248],[-79.9518969,40.445434],[-79.951876,40.4454298],[-79.951855,40.4454122],[-79.9518343,40.4453953],[-79.9518076,40.4454202],[-79.951755,40.4454215],[-79.9517038,40.445434],[-79.9516283,40.4453685],[-79.9516394,40.4453432],[-79.9516596,40.4452952],[-79.9516619,40.4452936],[-79.9516646,40.4452917],[-79.9517561,40.4452282],[-79.9517596,40.4452257],[-79.9518175,40.4451847],[-79.9518272,40.4451778],[-79.9519157,40.4451125],[-79.951927,40.4451082],[-79.9519398,40.4451033],[-79.951943,40.4450967],[-79.9519475,40.4450874],[-79.9519481,40.445085],[-79.9519503,40.4450833],[-79.9519784,40.4450717]]]}},{"type":"Feature","id":"154258952","properties":{"kind":"park"},"geometry":{"type":"Polygon","coordinates":[[[-79.9516703,40.4456294],[-79.9518393,40.4460172],[-79.9521199,40.4454866],[-79.9521276,40.4453448],[-79.9519327,40.445483],[-79.9518335,40.4455376],[-79.9518022,40.4455513],[-79.9517436,40.4455697],[-79.9517507,40.4456044],[-79.9516703,40.4456294]]]}},{"type":"Feature","id":"154259125","properties":{"kind":"park"},"geometry":{"type":"Polygon","coordinates":[[[-79.9536777,40.4449072],[-79.9536559,40.4449395],[-79.9536539,40.4449735],[-79.9536575,40.4450071],[-79.9536704,40.445041],[-79.9530947,40.445485],[-79.9530781,40.4453309],[-79.953153,40.4452023],[-79.953235,40.4450698],[-79.9533009,40.4449596],[-79.9534212,40.4448553],[-79.953616,40.4448511],[-79.9536777,40.4449072]]]}},{"type":"Feature","id":"154259221","properties":{"kind":"park"},"geometry":{"type":"Polygon","coordinates":[[[-79.9542223,40.4441508],[-79.9545273,40.4444334],[-79.9539745,40.4448507],[-79.9539238,40.4448188],[-79.9538683,40.4448163],[-79.9538039,40.4448387],[-79.9537771,40.444851],[-79.9534686,40.4445938],[-79.9539219,40.4442712],[-79.954107,40.4441386],[-79.9542223,40.4441508]]]}},{"type":"Feature","id":"154259222","properties":{"kind":"park"},"geometry":{"type":"Polygon","coordinates":[[[-79.9534524,40.4435814],[-79.9534499,40.4435303],[-79.953248,40.4433818],[-79.9526674,40.4435329],[-79.9526801,40.4435874],[-79.9527257,40.4435833],[-79.9527552,40.4435956],[-79.9528061,40.4437017],[-79.9528517,40.4436997],[-79.9528759,40.4437058],[-79.9529456,40.4436772],[-79.9529993,40.4436936],[-79.9530717,40.4437548],[-79.9533292,40.4435813],[-79.9534524,40.4435814]]]}},{"type":"Feature","id":"154259223","properties":{"kind":"park"},"geometry":{"type":"Polygon","coordinates":[[[-79.9535903,40.4448176],[-79.9534606,40.4447101],[-79.9534476,40.4448245],[-79.9535903,40.4448176]]]}},{"type":"Feature","id":"154259224","properties":{"kind":"park"},"geometry":{"type":"Polygon","coordinates":[[[-79.9534554,40.4436571],[-79.9531556,40.4438655],[-79.9530954,40.4438981],[-79.9530261,40.443912],[-79.9529859,40.4439161],[-79.9529364,40.4438669],[-79.9533292,40.4436017],[-79.9534527,40.4436017],[-79.9534554,40.4436571]]]}},{"type":"Feature","id":"154259360","properties":{"kind":"park"},"geometry":{"type":"Polygon","coordinates":[[[-79.9539176,40.4439031],[-79.9537486,40.4437786],[-79.9535744,40.4438951],[-79.9536091,40.4439174],[-79.9536547,40.4439235],[-79.9536842,40.4439419],[-79.9537111,40.4439746],[-79.9537245,40.4440093],[-79.9537325,40.4440297],[-79.9537556,40.4440263],[-79.9539176,40.4439031]]]}},{"type":"Feature","id":"154259361","properties":{"kind":"park"},"geometry":{"type":"Polygon","coordinates":[[[-79.9541509,40.4441093],[-79.9541536,40.444093],[-79.9539471,40.4439358],[-79.953931,40.4439419],[-79.9537781,40.4440521],[-79.9538061,40.4440811],[-79.9541509,40.4441093]]]}},{"type":"Feature","id":"154259362","properties":{"kind":"park"},"geometry":{"type":"Polygon","coordinates":[[[-79.9540481,40.4441362],[-79.9539325,40.4442098],[-79.9538935,40.4442073],[-79.9538076,40.4441379],[-79.9538194,40.4441195],[-79.9540481,40.4441362]]]}},{"type":"Feature","id":"154259363","properties":{"kind":"park"},"geometry":{"type":"Polygon","coordinates":[[[-79.9537137,40.4437419],[-79.9535,40.4435747],[-79.9535153,40.4438541],[-79.9535448,40.4438745],[-79.9535804,40.4438573],[-79.953712,40.4437647],[-79.9537137,40.4437419]]]}},{"type":"Feature","id":"154259513","properties":{"kind":"park"},"geometry":{"type":"Polygon","coordinates":[[[-79.954492,40.4430701],[-79.9544357,40.4431231],[-79.9543847,40.4431191],[-79.9543445,40.4431252],[-79.9542989,40.4431476],[-79.9542989,40.4431844],[-79.9543069,40.4432068],[-79.9542587,40.443217],[-79.9542479,40.4432089],[-79.9542088,40.4432236],[-79.9542211,40.4432415],[-79.9540816,40.4432987],[-79.9540334,40.443313],[-79.9539073,40.4432538],[-79.9538858,40.4432395],[-79.9538858,40.4432232],[-79.9539127,40.4432028],[-79.9544464,40.4430599],[-79.954492,40.4430497],[-79.954492,40.4430701]]]}},{"type":"Feature","id":"154259517","properties":{"kind":"park"},"geometry":{"type":"Polygon","coordinates":[[[-79.9534459,40.4434722],[-79.9533092,40.4433599],[-79.9534325,40.4433252],[-79.9534459,40.4434722]]]}},{"type":"Feature","id":"154265596","properties":{"kind":"park"},"geometry":{"type":"Polygon","coordinates":[[[-79.9525381,40.4435566],[-79.9524335,40.4435824],[-79.9525774,40.4439187],[-79.9526114,40.4439182],[-79.9526112,40.4438931],[-79.9525965,40.4438819],[-79.952563,40.4437992],[-79.9525616,40.443787],[-79.9525495,40.4437717],[-79.9525442,40.4437523],[-79.9525402,40.4437441],[-79.952563,40.443738],[-79.9525329,40.443668],[-79.9525796,40.4436573],[-79.9525381,40.4435566]]]}},{"type":"Feature","id":"154266413","properties":{"kind":"park"},"geometry":{"type":"Polygon","coordinates":[[[-79.9539255,40.4448729],[-79.9538665,40.4449178],[-79.9538156,40.444877],[-79.9538424,40.4448586],[-79.9538772,40.4448566],[-79.9539094,40.4448566],[-79.9539255,40.4448729]]]}},{"type":"Feature","id":"154266414","properties":{"kind":"park"},"geometry":{"type":"Polygon","coordinates":[[[-79.9534588,40.443689],[-79.953349,40.4437641],[-79.9534669,40.4438543],[-79.9534588,40.443689]]]}},{"type":"Feature","id":"154266415","properties":{"kind":"park"},"geometry":{"type":"Polygon","coordinates":[[[-79.9537807,40.4449729],[-79.953727,40.4450178],[-79.9537083,40.4449913],[-79.9537111,40.4449587],[-79.9537355,40.4449364],[-79.9537807,40.4449729]]]}},{"type":"Feature","id":"154268801","properties":{"kind":"park"},"geometry":{"type":"Polygon","coordinates":[[[-79.9543849,40.4432856],[-79.9543815,40.4433256],[-79.9544137,40.4433501],[-79.9544378,40.4433726],[-79.9544056,40.443393],[-79.9543761,40.4434297],[-79.9543922,40.4434563],[-79.95447,40.4435032],[-79.9544539,40.4435318],[-79.9544056,40.4435665],[-79.9543735,40.4435951],[-79.9543091,40.4435502],[-79.9542581,40.4435032],[-79.9542232,40.443442],[-79.9542098,40.4433705],[-79.9542098,40.4433338],[-79.9542393,40.4432766],[-79.9542715,40.4432562],[-79.9543225,40.4432562],[-79.9543849,40.4432856]]]}},{"type":"Feature","id":"154268802","properties":{"kind":"building"},"geometry":{"type":"Polygon","coordinates":[[[-79.9533203,40.4420489],[-79.953247,40.4418839],[-79.9531334,40.4416278],[-79.953984,40.4414091],[-79.9539368,40.4413027],[-79.9545791,40.4411376],[-79.9547099,40.4414323],[-79.9547542,40.4414209],[-79.9547794,40.4414775],[-79.9549257,40.4418066],[-79.9549924,40.4419575],[-79.9550091,40.4419532],[-79.9550513,40.4419871],[-79.9550795,40.4420097],[-79.9551166,40.4420396],[-79.9551782,40.442089],[-79.9551409,40.4421159],[-79.955075,40.4420629],[-79.9550583,40.4420672],[-79.9550662,40.4420849],[-79.9550749,40.4421048],[-79.9550568,40.4421094],[-79.9547359,40.4421915],[-79.9545179,40.4416976],[-79.9544953,40.4416465],[-79.954408,40.4416689],[-79.954437,40.4417345],[-79.9544462,40.4417554],[-79.9542016,40.441818],[-79.9542074,40.4418311],[-79.9541756,40.4418393],[-79.9541956,40.4418847],[-79.9540285,40.4419275],[-79.9540135,40.4418938],[-79.9539826,40.4419017],[-79.9539973,40.4419349],[-79.9538283,40.4419783],[-79.9538147,40.4419475],[-79.9537811,40.4419561],[-79.9537947,40.4419868],[-79.9536089,40.4420345],[-79.9535961,40.4420058],[-79.9535583,40.4420155],[-79.9535472,40.4419905],[-79.9533203,40.4420489]]]}},{"type":"Feature","id":"154278538","properties":{"kind":"park"},"geometry":{"type":"Polygon","coordinates":[[[-79.9547302,40.4429888],[-79.9546551,40.4430072],[-79.9546149,40.4430419],[-79.9546444,40.4430786],[-79.9546497,40.4431174],[-79.95458,40.4432011],[-79.9546846,40.4431236],[-79.9547043,40.4431256],[-79.9547543,40.4431011],[-79.954782,40.4431239],[-79.9548348,40.4430888],[-79.9547302,40.4429888]]]}},{"type":"Feature","id":"154278539","properties":{"kind":"park"},"geometry":{"type":"Polygon","coordinates":[[[-79.9546122,40.4431195],[-79.9545773,40.4431521],[-79.9545505,40.4431787],[-79.954521,40.4431705],[-79.9545183,40.4431378],[-79.9545478,40.4431113],[-79.95458,40.4430827],[-79.9546149,40.4430909],[-79.9546122,40.4431195]]]}},{"type":"Feature","id":"154279108","properties":{"kind":"park"},"geometry":{"type":"Polygon","coordinates":[[[-79.9544576,40.4420155],[-79.9544094,40.44191],[-79.95431,40.4419363],[-79.9543258,40.4419709],[-79.9538028,40.4421093],[-79.9537865,40.4420734],[-79.9537584,40.4420808],[-79.9538072,40.4421877],[-79.9544576,40.4420155]]]}},{"type":"Feature","id":"154279110","properties":{"kind":"park"},"geometry":{"type":"Polygon","coordinates":[[[-79.9537232,40.4420889],[-79.9537737,40.4421999],[-79.9534017,40.442298],[-79.9533876,40.4422671],[-79.9534034,40.4421733],[-79.9537232,40.4420889]]]}},{"type":"Feature","id":"154279114","properties":{"kind":"building"},"geometry":{"type":"Polygon","coordinates":[[[-79.9550568,40.4421094],[-79.9551245,40.4422543],[-79.9551444,40.4422425],[-79.9551658,40.4422323],[-79.9551887,40.4422238],[-79.9552125,40.4422172],[-79.9552372,40.4422124],[-79.9552626,40.4422097],[-79.9552883,40.442209],[-79.9553139,40.4422104],[-79.9553393,40.4422138],[-79.9553642,40.4422193],[-79.9553883,40.4422268],[-79.9554112,40.4422363],[-79.9554327,40.4422476],[-79.9554526,40.4422606],[-79.9554705,40.4422752],[-79.9554863,40.4422912],[-79.9554998,40.4423084],[-79.9555108,40.4423268],[-79.955519,40.4423458],[-79.9555245,40.4423655],[-79.9555272,40.4423855],[-79.9555271,40.4424055],[-79.9555241,40.4424254],[-79.9555183,40.4424449],[-79.9555098,40.4424638],[-79.9554987,40.4424818],[-79.9554852,40.4424987],[-79.9554694,40.4425144],[-79.9554517,40.4425287],[-79.9554321,40.4425414],[-79.955411,40.4425524],[-79.9553999,40.4425573],[-79.9553885,40.4425617],[-79.955365,40.4425691],[-79.9553407,40.4425745],[-79.9553159,40.442578],[-79.9553009,40.4425792],[-79.9551552,40.4425932],[-79.9550253,40.4426005],[-79.9549488,40.4426205],[-79.9549343,40.4425879],[-79.9549045,40.4425957],[-79.9547359,40.4421915],[-79.9550568,40.4421094]]]}},{"type":"Feature","id":"154373331","properties":{"kind":"park"},"geometry":{"type":"Polygon","coordinates":[[[-79.9532655,40.4420274],[-79.9532467,40.4420335],[-79.9531609,40.4419508],[-79.9532226,40.4419355],[-79.9532655,40.4420274]]]}},{"type":"Feature","id":"154373332","properties":{"kind":"park"},"geometry":{"type":"Polygon","coordinates":[[[-79.9532199,40.4420427],[-79.9531636,40.442058],[-79.9531327,40.4419794],[-79.9531461,40.4419733],[-79.9532199,40.4420427]]]}},{"type":"Feature","id":"154373333","properties":{"kind":"park"},"geometry":{"type":"Polygon","coordinates":[[[-79.953183,40.4418406],[-79.9530985,40.4418673],[-79.9528622,40.4416248],[-79.95291,40.4415494],[-79.9529829,40.4414547],[-79.953084,40.4413873],[-79.9531493,40.4413494],[-79.9533013,40.4412988],[-79.9533202,40.4413383],[-79.9530789,40.4414061],[-79.9531189,40.4415097],[-79.9530524,40.4415316],[-79.953183,40.4418406]]]}},{"type":"Feature","id":"154373337","properties":{"kind":"park"},"geometry":{"type":"Polygon","coordinates":[[[-79.9528471,40.441665],[-79.9528229,40.4417059],[-79.9528149,40.4417385],[-79.952828,40.4417651],[-79.9528822,40.4418052],[-79.9530717,40.4418876],[-79.9528471,40.441665]]]}},{"type":"Feature","id":"154377423","properties":{"kind":"building"},"geometry":{"type":"Polygon","coordinates":[[[-79.9537945,40.440907],[-79.953113,40.4410005],[-79.9529387,40.4410245],[-79.9528696,40.4407375],[-79.9534252,40.4406592],[-79.9537228,40.4406172],[-79.9537945,40.440907]]]}},{"type":"Feature","id":"154385398","properties":{"kind":"park"},"geometry":{"type":"Polygon","coordinates":[[[-79.9513641,40.4428994],[-79.9512562,40.4426623],[-79.9513301,40.4426432],[-79.9512906,40.4425512],[-79.9512137,40.4425712],[-79.951118,40.4423609],[-79.9515344,40.4424746],[-79.9515418,40.4424783],[-79.9516944,40.4428136],[-79.9513641,40.4428994]]]}},{"type":"Feature","id":"154385399","properties":{"kind":"park"},"geometry":{"type":"Polygon","coordinates":[[[-79.9517987,40.4422624],[-79.951745,40.4422583],[-79.9516568,40.4422429],[-79.9516056,40.4422277],[-79.9515144,40.4422052],[-79.9515412,40.4421175],[-79.9515707,40.4420583],[-79.9516005,40.4420429],[-79.9516378,40.442044],[-79.9516726,40.4420766],[-79.9517129,40.4421195],[-79.951737,40.4421562],[-79.9517719,40.442195],[-79.951807,40.4422409],[-79.9517987,40.4422624]]]}},{"type":"Feature","id":"154385401","properties":{"kind":"park"},"geometry":{"type":"Polygon","coordinates":[[[-79.9515568,40.4419661],[-79.9516399,40.4420136],[-79.9517051,40.4420735],[-79.9517236,40.4421113],[-79.9517531,40.4421481],[-79.951788,40.4421767],[-79.9518097,40.4422082],[-79.9518282,40.4422359],[-79.9518365,40.4422715],[-79.9518818,40.4422726],[-79.9519301,40.4422746],[-79.9519864,40.4422644],[-79.9520347,40.4422542],[-79.9520967,40.4422307],[-79.952142,40.4422073],[-79.9521769,40.4421787],[-79.9522278,40.4421379],[-79.95226,40.4420889],[-79.9523003,40.4420399],[-79.9523539,40.4419746],[-79.9523834,40.441946],[-79.9524129,40.4419072],[-79.9524263,40.4418827],[-79.9524185,40.4418693],[-79.9523652,40.4418659],[-79.9522871,40.4418591],[-79.9521218,40.441848],[-79.9520296,40.4418387],[-79.9519408,40.4418286],[-79.9518936,40.4418256],[-79.9518599,40.4418048],[-79.9516829,40.4417579],[-79.9515774,40.4417071],[-79.9515141,40.4416996],[-79.9514631,40.4417071],[-79.9514281,40.4417232],[-79.9513957,40.4417561],[-79.9513717,40.4417803],[-79.9513664,40.4418416],[-79.9514012,40.4418987],[-79.9515568,40.4419661]]]}},{"type":"Feature","id":"154385402","properties":{"kind":"park"},"geometry":{"type":"Polygon","coordinates":[[[-79.9518961,40.4432686],[-79.9515765,40.4433509],[-79.9513913,40.4429439],[-79.9517175,40.4428599],[-79.9518961,40.4432686]]]}},{"type":"Feature","id":"154387896","properties":{"kind":"building"},"geometry":{"type":"Polygon","coordinates":[[[-79.9494218,40.4462467],[-79.9490187,40.4462803],[-79.9489798,40.4460094],[-79.9493828,40.4459758],[-79.9494218,40.4462467]]]}},{"type":"Feature","id":"154400662","properties":{"kind":"park"},"geometry":{"type":"Polygon","coordinates":[[[-79.9543644,40.4466699],[-79.954332,40.4466936],[-79.9542969,40.4466659],[-79.9543042,40.4466482],[-79.9543283,40.4466249],[-79.9543607,40.4466249],[-79.9546352,40.4468458],[-79.9546366,40.4468684],[-79.9540261,40.4473076],[-79.9540082,40.4473131],[-79.9539915,40.4473058],[-79.9538938,40.4472281],[-79.9538715,40.4472084],[-79.9538904,40.4471943],[-79.9539301,40.4471682],[-79.9539669,40.447204],[-79.9539929,40.447187],[-79.9540173,40.4472082],[-79.9545602,40.4468203],[-79.9543644,40.4466699]]]}},{"type":"Feature","id":"154400663","properties":{"kind":"park"},"geometry":{"type":"Polygon","coordinates":[[[-79.9530616,40.4459103],[-79.9530677,40.4460056],[-79.9529731,40.4460695],[-79.9529221,40.4460286],[-79.952827,40.4460978],[-79.9527524,40.44603],[-79.9529756,40.4458699],[-79.9530214,40.4459062],[-79.9530616,40.4459103]]]}},{"type":"Feature","id":"154400664","properties":{"kind":"park"},"geometry":{"type":"Polygon","coordinates":[[[-79.953892,40.4471083],[-79.953873,40.4471223],[-79.953904,40.4471483],[-79.9538552,40.447183],[-79.9537782,40.4471289],[-79.9536203,40.447003],[-79.9531646,40.4466171],[-79.9532003,40.446595],[-79.9532413,40.4466206],[-79.9532641,40.4466094],[-79.9532775,40.4466124],[-79.953892,40.4471083]]]}},{"type":"Feature","id":"154400666","properties":{"kind":"park"},"geometry":{"type":"Polygon","coordinates":[[[-79.9527882,40.4461046],[-79.9527247,40.4461567],[-79.9529246,40.4463179],[-79.9528492,40.4463768],[-79.9527077,40.4462599],[-79.9526254,40.4462013],[-79.952607,40.4461828],[-79.9526038,40.4461705],[-79.9526042,40.4461533],[-79.9526083,40.4461348],[-79.9527219,40.4460523],[-79.9527882,40.4461046]]]}},{"type":"Feature","id":"154400667","properties":{"kind":"park"},"geometry":{"type":"Polygon","coordinates":[[[-79.9542606,40.4467471],[-79.9540835,40.4468798],[-79.9540567,40.4468533],[-79.954054,40.4468349],[-79.9540862,40.4468104],[-79.9542069,40.4467247],[-79.9542337,40.4467206],[-79.9542606,40.4467471]]]}},{"type":"Feature","id":"154400668","properties":{"kind":"building"},"geometry":{"type":"Polygon","coordinates":[[[-79.9538712,40.4462553],[-79.953759,40.4461675],[-79.9533702,40.4464552],[-79.9534058,40.4464831],[-79.9535711,40.4466124],[-79.9538132,40.4464332],[-79.9539351,40.446343],[-79.9538464,40.4462736],[-79.9538712,40.4462553]]]}},{"type":"Feature","id":"154400669","properties":{"kind":"building"},"geometry":{"type":"Polygon","coordinates":[[[-79.9532252,40.4460062],[-79.9531447,40.446006],[-79.9530677,40.4460056],[-79.9530581,40.4460139],[-79.9529731,40.4460695],[-79.9529221,40.4460286],[-79.952827,40.4460978],[-79.9527424,40.4461593],[-79.953008,40.4463797],[-79.9531233,40.4464695],[-79.9531581,40.446445],[-79.9532409,40.4463861],[-79.9535337,40.4461797],[-79.9534629,40.44612],[-79.9533614,40.4460379],[-79.9533067,40.4460789],[-79.9532252,40.4460062]]]}},{"type":"Feature","id":"154400670","properties":{"kind":"park"},"geometry":{"type":"Polygon","coordinates":[[[-79.9536142,40.4460388],[-79.9534842,40.4461297],[-79.953535,40.4461746],[-79.9535417,40.4461838],[-79.9532771,40.446372],[-79.9533327,40.4464125],[-79.9537134,40.4461419],[-79.9537188,40.4461327],[-79.9537174,40.4461225],[-79.9536142,40.4460388]]]}},{"type":"Feature","id":"154400671","properties":{"kind":"building"},"geometry":{"type":"Polygon","coordinates":[[[-79.9545509,40.4468231],[-79.9540272,40.4471986],[-79.9538642,40.4470769],[-79.9538753,40.447067],[-79.9538284,40.4470327],[-79.9539693,40.4469403],[-79.9540143,40.4469809],[-79.9543205,40.446756],[-79.9544002,40.4466975],[-79.9545509,40.4468231]]]}},{"type":"Feature","id":"154400672","properties":{"kind":"park"},"geometry":{"type":"Polygon","coordinates":[[[-79.9539977,40.4463267],[-79.9542928,40.4465696],[-79.9542954,40.446592],[-79.9540111,40.4467982],[-79.9539865,40.4467794],[-79.9541104,40.446692],[-79.9539763,40.4465532],[-79.9540004,40.4465308],[-79.9539468,40.4464838],[-79.9539172,40.4465002],[-79.9538287,40.4464328],[-79.9539977,40.4463267]]]}},{"type":"Feature","id":"154400673","properties":{"kind":"park"},"geometry":{"type":"Polygon","coordinates":[[[-79.9533725,40.445844],[-79.9532789,40.4459205],[-79.9532466,40.4459205],[-79.9532467,40.4459654],[-79.9533103,40.4460193],[-79.9532761,40.4460461],[-79.9533081,40.4460738],[-79.9533599,40.4460298],[-79.9534515,40.4460991],[-79.953582,40.4460103],[-79.9533725,40.445844]]]}},{"type":"Feature","id":"154400674","properties":{"kind":"building"},"geometry":{"type":"Polygon","coordinates":[[[-79.9533256,40.4464631],[-79.9532409,40.4463861],[-79.9531581,40.446445],[-79.953303,40.4465553],[-79.9532601,40.4465879],[-79.9538158,40.4470447],[-79.9538284,40.4470327],[-79.9539693,40.4469403],[-79.9539671,40.4469247],[-79.9539154,40.4468775],[-79.9539622,40.4468466],[-79.9539923,40.4468268],[-79.9539641,40.4467915],[-79.9541023,40.446692],[-79.9539655,40.4465512],[-79.9539923,40.4465287],[-79.9539414,40.44649],[-79.9539172,40.4465083],[-79.9538132,40.4464332],[-79.9535711,40.4466124],[-79.9534058,40.4464831],[-79.9533738,40.4465066],[-79.9533256,40.4464631]]]}},{"type":"Feature","id":"154400675","properties":{"kind":"building"},"geometry":{"type":"Polygon","coordinates":[[[-79.9526432,40.4471044],[-79.9525547,40.4471697],[-79.9525778,40.4472204],[-79.9524116,40.4472686],[-79.9523785,40.4471946],[-79.9523436,40.4471164],[-79.9523876,40.4471064],[-79.9529141,40.4467247],[-79.9530321,40.4468165],[-79.9529302,40.4468921],[-79.9530237,40.4469656],[-79.9530938,40.4470207],[-79.9531984,40.4469492],[-79.9533084,40.447039],[-79.9530697,40.4472207],[-79.9530133,40.4471758],[-79.9530375,40.4471595],[-79.9527854,40.4469574],[-79.9527398,40.44699],[-79.9527719,40.4470145],[-79.9526432,40.4471044]]]}},{"type":"Feature","id":"154401162","properties":{"kind":"park"},"geometry":{"type":"Polygon","coordinates":[[[-79.9523618,40.4437568],[-79.9523371,40.4437475],[-79.9522911,40.4437573],[-79.9522338,40.4438288],[-79.9522422,40.4438413],[-79.9522623,40.4438404],[-79.9523171,40.4438254],[-79.9523553,40.4437713],[-79.9523618,40.4437568]]]}},{"type":"Feature","id":"154401163","properties":{"kind":"park"},"geometry":{"type":"Polygon","coordinates":[[[-79.9518627,40.4437343],[-79.9518761,40.4437588],[-79.9519157,40.44379],[-79.9519461,40.4437997],[-79.9519865,40.4438101],[-79.9520512,40.4438136],[-79.952088,40.4437665],[-79.9521524,40.4436914],[-79.9522489,40.443722],[-79.9523482,40.4437016],[-79.9523106,40.4436179],[-79.9518627,40.4437343]]]}},{"type":"Feature","id":"154420417","properties":{"kind":"building"},"geometry":{"type":"Polygon","coordinates":[[[-79.9615531,40.4438958],[-79.9615443,40.4438078],[-79.9615514,40.4437049],[-79.9615993,40.4435884],[-79.9616626,40.4434927],[-79.9617998,40.4433681],[-79.9619374,40.4433007],[-79.9621418,40.4432423],[-79.9622796,40.4432309],[-79.9623349,40.4432264],[-79.9624599,40.4432403],[-79.9625465,40.4432499],[-79.9627338,40.4433303],[-79.9628499,40.4434074],[-79.9629489,40.4435195],[-79.9630052,40.4436138],[-79.9630277,40.4436744],[-79.9630484,40.4437798],[-79.9630377,40.4438522],[-79.963017,40.4439284],[-79.962974,40.4439902],[-79.9629697,40.4440103],[-79.9631873,40.4441299],[-79.9632451,40.4441617],[-79.9631565,40.4442535],[-79.9627679,40.444656],[-79.9626818,40.4447452],[-79.9626698,40.4447576],[-79.9617492,40.4442674],[-79.961693,40.4442364],[-79.9616329,40.4442031],[-79.9615698,40.4441681],[-79.9613081,40.4440232],[-79.9611711,40.4439473],[-79.9612298,40.4439394],[-79.9615531,40.4438958]]]}},{"type":"Feature","id":"154421553","properties":{"kind":"building"},"geometry":{"type":"Polygon","coordinates":[[[-79.9551433,40.4419047],[-79.9551642,40.4418895],[-79.9551357,40.4418665],[-79.9555534,40.4415635],[-79.9556318,40.4416265],[-79.9556488,40.4416142],[-79.9560561,40.4419421],[-79.9556985,40.4422014],[-79.9556005,40.4421225],[-79.9555888,40.4421131],[-79.9555696,40.4420977],[-79.9555505,40.4420823],[-79.9554801,40.4420256],[-79.9553848,40.4420947],[-79.9551433,40.4419047]]]}},{"type":"Feature","id":"154421792","properties":{"kind":"park"},"geometry":{"type":"Polygon","coordinates":[[[-79.9551548,40.4417737],[-79.9550995,40.4417292],[-79.9554333,40.4414884],[-79.9554576,40.4415078],[-79.9554772,40.4414937],[-79.9555083,40.4415187],[-79.9551548,40.4417737]]]}},{"type":"Feature","id":"154421793","properties":{"kind":"park"},"geometry":{"type":"Polygon","coordinates":[[[-79.9551204,40.4417877],[-79.9550021,40.4418762],[-79.9549588,40.4418427],[-79.9550771,40.4417542],[-79.9551204,40.4417877]]]}},{"type":"Feature","id":"154421794","properties":{"kind":"park"},"geometry":{"type":"Polygon","coordinates":[[[-79.9552009,40.4415966],[-79.9551544,40.4415591],[-79.9551325,40.4415433],[-79.9551438,40.4415356],[-79.9551709,40.4415056],[-79.9551882,40.4414717],[-79.9551948,40.4414357],[-79.9551903,40.4413995],[-79.9551826,40.4413824],[-79.9552121,40.4413744],[-79.9552324,40.4413689],[-79.9553294,40.4414209],[-79.9553314,40.4415018],[-79.9552009,40.4415966]]]}},{"type":"Feature","id":"154421795","properties":{"kind":"park"},"geometry":{"type":"Polygon","coordinates":[[[-79.9549847,40.4414544],[-79.9550007,40.4414899],[-79.9550177,40.4414863],[-79.9550332,40.4414798],[-79.9550465,40.4414708],[-79.9550566,40.4414597],[-79.955063,40.4414471],[-79.9550655,40.4414337],[-79.9550639,40.4414202],[-79.9550582,40.4414074],[-79.955048,40.4413952],[-79.9550361,40.4413864],[-79.9550209,40.4413794],[-79.955004,40.4413752],[-79.9549863,40.4413741],[-79.9549687,40.4413761],[-79.9549625,40.4413777],[-79.9549801,40.4414169],[-79.9549858,40.4414183],[-79.9549909,40.4414207],[-79.9549952,40.4414239],[-79.9549984,40.4414277],[-79.9550003,40.4414321],[-79.9550009,40.4414366],[-79.955,40.4414411],[-79.9549979,40.4414454],[-79.9549944,40.4414491],[-79.95499,40.4414522],[-79.9549847,40.4414544]]]}},{"type":"Feature","id":"154421796","properties":{"kind":"building"},"geometry":{"type":"Polygon","coordinates":[[[-79.9563709,40.4411962],[-79.9564263,40.4412394],[-79.9567871,40.4415206],[-79.9567353,40.4415587],[-79.956783,40.4415966],[-79.9564675,40.4418286],[-79.9564193,40.4417903],[-79.9563673,40.4418285],[-79.9562682,40.4417498],[-79.9562438,40.4417677],[-79.9560969,40.441651],[-79.9560686,40.4416718],[-79.9559041,40.4415339],[-79.9559371,40.44151],[-79.9559814,40.441478],[-79.9563028,40.4412455],[-79.9563709,40.4411962]]]}},{"type":"Feature","id":"154422015","properties":{"kind":"building"},"geometry":{"type":"Polygon","coordinates":[[[-79.955612,40.4406251],[-79.9556802,40.4406779],[-79.9556492,40.4407012],[-79.9556876,40.4407309],[-79.9557127,40.4407119],[-79.9557853,40.4407681],[-79.9556914,40.4408389],[-79.955617,40.4407813],[-79.9555083,40.4408633],[-79.9554637,40.4408288],[-79.9553749,40.4408958],[-79.9552778,40.4408207],[-79.9553514,40.4407652],[-79.9553818,40.4407888],[-79.9554226,40.440758],[-79.9553933,40.4407353],[-79.9554656,40.4406807],[-79.9555326,40.4407326],[-79.95555,40.4407195],[-79.9555189,40.4406954],[-79.955612,40.4406251]]]}},{"type":"Feature","id":"154422016","properties":{"kind":"building"},"geometry":{"type":"Polygon","coordinates":[[[-79.9558238,40.4407993],[-79.95589,40.4408523],[-79.9558643,40.4408711],[-79.9559029,40.440902],[-79.9559274,40.4408841],[-79.9560007,40.4409427],[-79.9559081,40.4410103],[-79.9558744,40.4409833],[-79.9558588,40.4409947],[-79.9559228,40.4410458],[-79.9558461,40.4411018],[-79.9558208,40.4410816],[-79.9557832,40.441109],[-79.9558085,40.4411293],[-79.9557301,40.4411865],[-79.9556377,40.4411125],[-79.9557303,40.4410449],[-79.9556834,40.4410074],[-79.9557144,40.4409848],[-79.9557204,40.4409896],[-79.9558008,40.4409309],[-79.9557257,40.4408709],[-79.9558238,40.4407993]]]}},{"type":"Feature","id":"154424122","properties":{"kind":"building"},"geometry":{"type":"Polygon","coordinates":[[[-79.9549656,40.440729],[-79.9550818,40.4407867],[-79.9550267,40.4408515],[-79.9550199,40.4408481],[-79.9550141,40.4408549],[-79.9551429,40.4409188],[-79.955114,40.4409528],[-79.9551257,40.4409586],[-79.955111,40.4409759],[-79.9552003,40.4410203],[-79.9551292,40.4411039],[-79.9550431,40.4410611],[-79.9550674,40.4410325],[-79.9550218,40.4410099],[-79.9550027,40.4410324],[-79.9549165,40.4409896],[-79.9549754,40.4409204],[-79.9549576,40.4409115],[-79.9549263,40.4409483],[-79.9548171,40.4408941],[-79.9548747,40.4408264],[-79.9549116,40.4408447],[-79.9549408,40.4408103],[-79.9549096,40.4407948],[-79.9549656,40.440729]]]}},{"type":"Feature","id":"154424125","properties":{"kind":"building"},"geometry":{"type":"Polygon","coordinates":[[[-79.9554143,40.4409913],[-79.9555463,40.4410608],[-79.9555249,40.4410846],[-79.9555601,40.4411032],[-79.9555043,40.4411651],[-79.9554237,40.4411227],[-79.9554074,40.4411407],[-79.9554453,40.4411606],[-79.9553724,40.4412414],[-79.9552854,40.4411956],[-79.9553097,40.4411687],[-79.9552665,40.441146],[-79.9552464,40.4411682],[-79.9551606,40.4411229],[-79.9552386,40.4410365],[-79.95533,40.4410846],[-79.9554143,40.4409913]]]}},{"type":"Feature","id":"154428328","properties":{"kind":"building"},"geometry":{"type":"Polygon","coordinates":[[[-79.955236,40.443343],[-79.9551987,40.4433134],[-79.9554522,40.4431286],[-79.9554755,40.4431116],[-79.9554957,40.4430968],[-79.9555255,40.4431205],[-79.9555455,40.4431364],[-79.9555873,40.4431696],[-79.9553324,40.4433555],[-79.9552903,40.4433862],[-79.955236,40.443343]]]}},{"type":"Feature","id":"154428330","properties":{"kind":"building"},"geometry":{"type":"Polygon","coordinates":[[[-79.9557995,40.4426849],[-79.9557537,40.4427176],[-79.9557462,40.4427117],[-79.9555753,40.4428364],[-79.9554843,40.4429027],[-79.9554419,40.4428681],[-79.9554335,40.4428612],[-79.9554178,40.4428487],[-79.9554051,40.4428376],[-79.9553677,40.4428644],[-79.9553409,40.4428425],[-79.9553526,40.4428203],[-79.9554111,40.4428051],[-79.9556967,40.4426009],[-79.9557995,40.4426849]]]}},{"type":"Feature","id":"154428331","properties":{"kind":"building"},"geometry":{"type":"Polygon","coordinates":[[[-79.9558759,40.4433977],[-79.9559434,40.4434528],[-79.9556034,40.4436958],[-79.9554592,40.443578],[-79.9555374,40.4435218],[-79.955797,40.4433354],[-79.9558572,40.4433843],[-79.9558759,40.4433977]]]}},{"type":"Feature","id":"154428332","properties":{"kind":"building"},"geometry":{"type":"Polygon","coordinates":[[[-79.9560012,40.4433081],[-79.9560478,40.4433458],[-79.956359,40.4431223],[-79.9563478,40.4431133],[-79.9562762,40.4430555],[-79.956196,40.4431131],[-79.9559477,40.4429128],[-79.9560287,40.4428546],[-79.9559759,40.442812],[-79.9559334,40.4427777],[-79.9558783,40.4428172],[-79.9557659,40.4428979],[-79.9556209,40.443002],[-79.9556524,40.4430273],[-79.9556731,40.4430441],[-79.9557149,40.4430778],[-79.9558538,40.442978],[-79.9560795,40.4431601],[-79.955941,40.4432596],[-79.9559833,40.4432938],[-79.9560012,40.4433081]]]}},{"type":"Feature","id":"154428334","properties":{"kind":"building"},"geometry":{"type":"Polygon","coordinates":[[[-79.9549027,40.4430632],[-79.9548616,40.4430296],[-79.954834,40.4429598],[-79.9552357,40.4428615],[-79.9552368,40.4428613],[-79.9552427,40.44286],[-79.9552487,40.4428593],[-79.9552549,40.4428591],[-79.955261,40.4428593],[-79.955267,40.4428601],[-79.955273,40.4428613],[-79.9552787,40.442863],[-79.9552842,40.4428651],[-79.9552893,40.4428676],[-79.9552941,40.4428706],[-79.9552984,40.4428739],[-79.9553325,40.4429023],[-79.9553001,40.4429254],[-79.9553066,40.4429295],[-79.9553223,40.4429421],[-79.9553307,40.4429482],[-79.955373,40.4429816],[-79.9553419,40.4430043],[-79.955319,40.4430226],[-79.9552666,40.4430611],[-79.9551802,40.4429927],[-79.9550258,40.4430307],[-79.9549027,40.4430632]]]}},{"type":"Feature","id":"154464646","properties":{"kind":"park"},"geometry":{"type":"Polygon","coordinates":[[[-79.9523229,40.4464101],[-79.952304,40.4463958],[-79.9522879,40.4463754],[-79.952296,40.4463591],[-79.952414,40.4462754],[-79.9524435,40.4462652],[-79.9524703,40.4462632],[-79.9525052,40.4462795],[-79.9525401,40.4463142],[-79.9524883,40.4462951],[-79.9523229,40.4464101]]]}},{"type":"Feature","id":"154464647","properties":{"kind":"building"},"geometry":{"type":"Polygon","coordinates":[[[-79.9522987,40.446451],[-79.9521538,40.4465571],[-79.9520778,40.4466127],[-79.9521034,40.4466354],[-79.9520803,40.4466542],[-79.952098,40.4466692],[-79.9522565,40.4468031],[-79.9522731,40.4467905],[-79.9522864,40.4468002],[-79.9523246,40.4467747],[-79.9523445,40.446792],[-79.9524167,40.4467429],[-79.9524676,40.4467102],[-79.9524891,40.4467265],[-79.9525293,40.4466959],[-79.9525079,40.4466735],[-79.9525454,40.446651],[-79.9522987,40.446451]]]}},{"type":"Feature","id":"154464648","properties":{"kind":"park"},"geometry":{"type":"Polygon","coordinates":[[[-79.9521673,40.4468966],[-79.9521604,40.4468844],[-79.9521495,40.4468858],[-79.9520689,40.4466788],[-79.9520744,40.4466544],[-79.9522637,40.4468137],[-79.9522262,40.4468351],[-79.9522428,40.4468517],[-79.9521673,40.4468966]]]}},{"type":"Feature","id":"154464652","properties":{"kind":"park"},"geometry":{"type":"Polygon","coordinates":[[[-79.9523452,40.4464506],[-79.9523282,40.4464673],[-79.9523009,40.4464465],[-79.9520725,40.4466128],[-79.9520573,40.4466224],[-79.9520439,40.4465979],[-79.9520331,40.4465755],[-79.9520412,40.4465571],[-79.9522155,40.4464203],[-79.9522462,40.4463966],[-79.9522708,40.4463989],[-79.9522906,40.4464122],[-79.9523452,40.4464506]]]}},{"type":"Feature","id":"154464658","properties":{"kind":"park"},"geometry":{"type":"Polygon","coordinates":[[[-79.9521718,40.4469077],[-79.9523354,40.4468119],[-79.9523515,40.4468311],[-79.9521898,40.4469459],[-79.9522524,40.4470909],[-79.9522429,40.4470917],[-79.9521626,40.4469129],[-79.9521718,40.4469077]]]}},{"type":"Feature","id":"154474781","properties":{"kind":"building"},"geometry":{"type":"Polygon","coordinates":[[[-79.9544786,40.4406204],[-79.9545792,40.4406726],[-79.9546226,40.4406238],[-79.9546588,40.4406426],[-79.9546513,40.4406511],[-79.9547482,40.4407014],[-79.9548069,40.4406354],[-79.9549177,40.440693],[-79.9548568,40.4407615],[-79.9548212,40.440743],[-79.9547906,40.4407774],[-79.9548234,40.4407944],[-79.9547677,40.4408571],[-79.9546547,40.4407984],[-79.9546831,40.4407664],[-79.9546685,40.4407588],[-79.9546161,40.4408177],[-79.954529,40.4407724],[-79.9545534,40.4407449],[-79.9545103,40.4407225],[-79.9544894,40.440746],[-79.9544056,40.4407025],[-79.9544786,40.4406204]]]}},{"type":"Feature","id":"154474783","properties":{"kind":"building"},"geometry":{"type":"Polygon","coordinates":[[[-79.9550005,40.4401384],[-79.9550664,40.4401916],[-79.9550422,40.4402091],[-79.9550818,40.4402411],[-79.9551094,40.4402211],[-79.9551787,40.4402771],[-79.9550807,40.4403479],[-79.9550503,40.4403233],[-79.9550384,40.440332],[-79.955103,40.4403842],[-79.9550261,40.4404398],[-79.9549955,40.4404151],[-79.9549584,40.4404419],[-79.9549904,40.4404677],[-79.9549116,40.4405246],[-79.9548161,40.4404475],[-79.9549074,40.4403814],[-79.9548611,40.440344],[-79.9549704,40.440265],[-79.9549019,40.4402097],[-79.9550005,40.4401384]]]}},{"type":"Feature","id":"154474787","properties":{"kind":"building"},"geometry":{"type":"Polygon","coordinates":[[[-79.9544875,40.4403176],[-79.9545636,40.4403615],[-79.9545404,40.440385],[-79.9545888,40.4404129],[-79.9546117,40.4403896],[-79.954693,40.4404364],[-79.9546148,40.4405158],[-79.9545318,40.440468],[-79.9544597,40.440541],[-79.9544672,40.4405454],[-79.9544432,40.4405697],[-79.9543964,40.4405428],[-79.9543887,40.4405505],[-79.9543772,40.4405439],[-79.9543109,40.4406112],[-79.9542038,40.4405495],[-79.9542653,40.4404872],[-79.954298,40.440506],[-79.9543293,40.4404743],[-79.9542946,40.4404543],[-79.9543568,40.4403913],[-79.9544342,40.4404358],[-79.9544461,40.4404237],[-79.9544058,40.4404005],[-79.9544875,40.4403176]]]}},{"type":"Feature","id":"154474791","properties":{"kind":"building"},"geometry":{"type":"Polygon","coordinates":[[[-79.9547778,40.4399525],[-79.9548488,40.4400084],[-79.9548152,40.4400334],[-79.9548528,40.4400629],[-79.9548824,40.4400409],[-79.9549521,40.4400958],[-79.9548596,40.4401644],[-79.9547873,40.4401075],[-79.9546755,40.4401904],[-79.9546271,40.4401523],[-79.9545363,40.4402197],[-79.954443,40.4401462],[-79.9545201,40.4400891],[-79.954549,40.4401118],[-79.9545847,40.4400852],[-79.9545601,40.4400659],[-79.9546359,40.4400096],[-79.9547005,40.4400604],[-79.954713,40.4400511],[-79.95468,40.4400251],[-79.9547778,40.4399525]]]}},{"type":"Feature","id":"154476890","properties":{"kind":"building"},"geometry":{"type":"Polygon","coordinates":[[[-79.9543023,40.4401556],[-79.9543318,40.4401883],[-79.9543211,40.4401937],[-79.9543443,40.4402169],[-79.9543123,40.4402374],[-79.9543011,40.4402253],[-79.9542744,40.4402416],[-79.9541388,40.4401292],[-79.9541252,40.4401352],[-79.9540729,40.4400967],[-79.9541038,40.440074],[-79.9540716,40.4400556],[-79.9540448,40.440076],[-79.9539824,40.4400423],[-79.9539889,40.440034],[-79.9538999,40.4399862],[-79.9538938,40.4399925],[-79.9538222,40.4399576],[-79.9538372,40.4399393],[-79.9538199,40.4399307],[-79.953851,40.4398874],[-79.9538621,40.4398921],[-79.9538989,40.43985],[-79.9539214,40.4398617],[-79.9539455,40.4398331],[-79.9540582,40.4398821],[-79.9540367,40.4399086],[-79.9540716,40.4399311],[-79.9541333,40.4398882],[-79.954102,40.439864],[-79.9543025,40.4397168],[-79.9543291,40.4397392],[-79.9543479,40.439729],[-79.9543237,40.4397086],[-79.9543771,40.4396662],[-79.9543949,40.4396781],[-79.9544203,40.4396677],[-79.9545008,40.4397371],[-79.9544808,40.4397514],[-79.9545107,40.4397787],[-79.9544525,40.4398188],[-79.9544448,40.4398128],[-79.9544069,40.4398352],[-79.9544122,40.4398413],[-79.9543559,40.43988],[-79.9543291,40.4398596],[-79.9542889,40.4398882],[-79.9543157,40.4399107],[-79.9542647,40.4399494],[-79.954256,40.439943],[-79.9542141,40.439975],[-79.9541977,40.4399617],[-79.9541789,40.439976],[-79.9542325,40.440025],[-79.9542473,40.4400192],[-79.9542862,40.4400597],[-79.954254,40.4400821],[-79.9542728,40.4400985],[-79.9542513,40.4401148],[-79.9542835,40.4401393],[-79.9542654,40.4401497],[-79.9542828,40.440167],[-79.9543023,40.4401556]]]}},{"type":"Feature","id":"154536949","properties":{"kind":"building"},"geometry":{"type":"Polygon","coordinates":[[[-79.9560967,40.4404349],[-79.9561947,40.440514],[-79.9560561,40.4406144],[-79.9560805,40.440634],[-79.9561336,40.4405956],[-79.9562301,40.4406734],[-79.9561309,40.4407436],[-79.955913,40.4405679],[-79.9560967,40.4404349]]]}},{"type":"Feature","id":"154638700","properties":{"kind":"park"},"geometry":{"type":"Polygon","coordinates":[[[-79.9568279,40.442062],[-79.9568306,40.4420717],[-79.9568185,40.4420798],[-79.9567052,40.442014],[-79.9566964,40.4420017],[-79.9566958,40.4419895],[-79.9567085,40.4419798],[-79.9567186,40.4419849],[-79.956728,40.4419793],[-79.9567394,40.4419834],[-79.956734,40.4419895],[-79.9567448,40.4419977],[-79.9567541,40.4419915],[-79.9567863,40.4420119],[-79.9567756,40.4420216],[-79.956787,40.4420308],[-79.9567984,40.4420227],[-79.9568091,40.4420324],[-79.9568212,40.4420487],[-79.9568118,40.4420574],[-79.9568212,40.442064],[-79.9568279,40.442062]]]}},{"type":"Feature","id":"154638702","properties":{"kind":"park"},"geometry":{"type":"Polygon","coordinates":[[[-79.9575374,40.4422304],[-79.9574193,40.4423243],[-79.9574028,40.4423141],[-79.9573871,40.4423284],[-79.9572745,40.4423253],[-79.9571127,40.4422401],[-79.9571236,40.4422304],[-79.9572122,40.4422499],[-79.9574605,40.442056],[-79.9575481,40.4421293],[-79.9575451,40.442208],[-79.9575266,40.4422212],[-79.9575374,40.4422304]]]}},{"type":"Feature","id":"154638703","properties":{"kind":"park"},"geometry":{"type":"Polygon","coordinates":[[[-79.9575754,40.4421508],[-79.9575717,40.4422284],[-79.9576272,40.4421885],[-79.9575754,40.4421508]]]}},{"type":"Feature","id":"154638705","properties":{"kind":"park"},"geometry":{"type":"Polygon","coordinates":[[[-79.9570015,40.442089],[-79.9569325,40.4421395],[-79.9568909,40.4421191],[-79.9568814,40.442088],[-79.9568968,40.4420748],[-79.9568786,40.4420538],[-79.9568679,40.4420632],[-79.9568614,40.4420405],[-79.9568714,40.4420319],[-79.956873,40.4420244],[-79.956862,40.4420166],[-79.9568512,40.4420294],[-79.9568285,40.4419998],[-79.9568333,40.4419936],[-79.9568199,40.4419834],[-79.9568158,40.4419895],[-79.956791,40.4419665],[-79.9567951,40.4419609],[-79.9567843,40.4419512],[-79.956779,40.4419568],[-79.9567481,40.4419349],[-79.9567575,40.4419277],[-79.9567448,40.4419186],[-79.9567387,40.4419231],[-79.9567199,40.4419043],[-79.9567153,40.4418869],[-79.956728,40.4418681],[-79.9570015,40.442089]]]}},{"type":"Feature","id":"154638706","properties":{"kind":"park"},"geometry":{"type":"Polygon","coordinates":[[[-79.9574087,40.4423494],[-79.9573684,40.4423804],[-79.9573038,40.442347],[-79.9574087,40.4423494]]]}},{"type":"Feature","id":"154638708","properties":{"kind":"park"},"geometry":{"type":"Polygon","coordinates":[[[-79.9534252,40.4406592],[-79.9534074,40.4405851],[-79.953414,40.4405216],[-79.9537166,40.4405218],[-79.9541331,40.4407464],[-79.9541436,40.4407767],[-79.9541446,40.4408051],[-79.9541401,40.440837],[-79.9541067,40.4408672],[-79.9540723,40.4408934],[-79.9540253,40.4409169],[-79.9539823,40.4409341],[-79.9539415,40.440955],[-79.953882,40.4409709],[-79.9538298,40.4409873],[-79.9537636,40.4410028],[-79.9534981,40.4410688],[-79.9532096,40.4411454],[-79.9531619,40.4411547],[-79.9531432,40.4411388],[-79.9531378,40.4411134],[-79.953113,40.4410005],[-79.9537945,40.440907],[-79.9537228,40.4406172],[-79.9534252,40.4406592]]]}},{"type":"Feature","id":"154638709","properties":{"kind":"park"},"geometry":{"type":"Polygon","coordinates":[[[-79.9537198,40.4412355],[-79.9537049,40.4412057],[-79.9536704,40.4411913],[-79.9534615,40.441248],[-79.9534624,40.4412997],[-79.9537198,40.4412355]]]}},{"type":"Feature","id":"154638712","properties":{"kind":"park"},"geometry":{"type":"Polygon","coordinates":[[[-79.9530382,40.4411562],[-79.9530517,40.441152],[-79.9530679,40.441164],[-79.9530735,40.4411706],[-79.953067,40.4411837],[-79.9530554,40.4411946],[-79.9530399,40.4412021],[-79.9530191,40.4412057],[-79.9529965,40.4412034],[-79.9529739,40.4412056],[-79.9529527,40.4412119],[-79.952936,40.4412204],[-79.9529198,40.4412355],[-79.9529102,40.4412512],[-79.9529061,40.4412683],[-79.9529031,40.4412797],[-79.9528962,40.4412869],[-79.9528866,40.4412922],[-79.9528755,40.441295],[-79.9528637,40.4412952],[-79.9528524,40.4412926],[-79.9528417,40.4412869],[-79.9528341,40.4412787],[-79.9528305,40.4412691],[-79.9528314,40.4412591],[-79.9528367,40.44125],[-79.9528459,40.4412426],[-79.952884,40.4412216],[-79.9529189,40.4411877],[-79.9529398,40.4411476],[-79.9529395,40.4411107],[-79.9529423,40.4410955],[-79.9529515,40.4410817],[-79.9529661,40.4410711],[-79.9529846,40.4410647],[-79.9530048,40.4410634],[-79.9530244,40.4410672],[-79.9530413,40.4410757],[-79.9530535,40.441088],[-79.9530598,40.4411026],[-79.9530594,40.4411175],[-79.9530397,40.4411162],[-79.9530334,40.441135],[-79.9530382,40.4411562]]]}},{"type":"Feature","id":"154638714","properties":{"kind":"park"},"geometry":{"type":"Polygon","coordinates":[[[-79.9538799,40.4411623],[-79.9538746,40.4411506],[-79.9539548,40.4411272],[-79.9541547,40.4410568],[-79.9542262,40.4410168],[-79.9542751,40.4409829],[-79.9543147,40.4409515],[-79.9543575,40.4409253],[-79.9544003,40.4409172],[-79.9544429,40.4409233],[-79.9545024,40.4409453],[-79.9545668,40.4409841],[-79.954658,40.4410372],[-79.9548232,40.4411342],[-79.9548563,40.4412374],[-79.9547575,40.4412619],[-79.9547033,40.4411424],[-79.9547229,40.4411371],[-79.9547152,40.4411213],[-79.9546608,40.4411354],[-79.954633,40.4410718],[-79.9545738,40.4410862],[-79.9545369,40.4410171],[-79.9539514,40.4411834],[-79.9539356,40.4411479],[-79.9538799,40.4411623]]]}},{"type":"Feature","id":"154664983","properties":{"kind":"building"},"geometry":{"type":"Polygon","coordinates":[[[-79.9583493,40.4444545],[-79.9581911,40.4445708],[-79.9582072,40.4445861],[-79.9580654,40.4446874],[-79.9582197,40.4448069],[-79.9583627,40.4447038],[-79.9583692,40.4447108],[-79.9584456,40.4446552],[-79.9585263,40.4445966],[-79.9585196,40.4445885],[-79.9586493,40.4445001],[-79.9584958,40.4443819],[-79.958369,40.4444707],[-79.9583493,40.4444545]]]}},{"type":"Feature","id":"154664986","properties":{"kind":"building"},"geometry":{"type":"Polygon","coordinates":[[[-79.9570323,40.4442532],[-79.9570348,40.4442593],[-79.9569014,40.4443484],[-79.9568514,40.444383],[-79.9567495,40.4444611],[-79.9565258,40.4442861],[-79.9566332,40.4442065],[-79.9565622,40.444151],[-79.9565908,40.4441298],[-79.956615,40.4441129],[-79.9565736,40.4440785],[-79.9567633,40.4439465],[-79.9568022,40.4439809],[-79.9568288,40.44396],[-79.9569021,40.4440128],[-79.9568731,40.4440345],[-79.9569011,40.4440545],[-79.9569317,40.4440313],[-79.9569845,40.444074],[-79.9569289,40.4441191],[-79.9569474,40.4441351],[-79.9570134,40.4440878],[-79.9571238,40.4441782],[-79.9570323,40.4442532]]]}},{"type":"Feature","id":"154664987","properties":{"kind":"building"},"geometry":{"type":"Polygon","coordinates":[[[-79.9580099,40.444426],[-79.9576243,40.4447024],[-79.957487,40.4445892],[-79.9577759,40.4443783],[-79.9577703,40.4443744],[-79.9576326,40.4444741],[-79.9576066,40.4444512],[-79.9575878,40.4444548],[-79.957538,40.4444139],[-79.9575475,40.4444042],[-79.9575123,40.4443762],[-79.957745,40.4442145],[-79.9580099,40.444426]]]}},{"type":"Feature","id":"154664990","properties":{"kind":"building"},"geometry":{"type":"Polygon","coordinates":[[[-79.9574794,40.4447988],[-79.9572791,40.4449514],[-79.9569904,40.4447129],[-79.9571798,40.4445697],[-79.9572576,40.4446309],[-79.9572827,40.4446137],[-79.9573515,40.4446616],[-79.9573485,40.4446692],[-79.9574294,40.4447262],[-79.9574073,40.4447482],[-79.9574794,40.4447988]]]}},{"type":"Feature","id":"154664992","properties":{"kind":"building"},"geometry":{"type":"Polygon","coordinates":[[[-79.9573874,40.4443586],[-79.9573484,40.4443242],[-79.9573155,40.444349],[-79.9573595,40.4443822],[-79.9572754,40.4444479],[-79.9572399,40.4444199],[-79.9570715,40.4445358],[-79.9571065,40.444566],[-79.9570153,40.4446363],[-79.9568313,40.4444823],[-79.9569264,40.4444129],[-79.9569525,40.4444361],[-79.957106,40.4443278],[-79.957075,40.4442975],[-79.9571745,40.4442278],[-79.9571844,40.4442337],[-79.9572111,40.4442133],[-79.9572029,40.4442061],[-79.9574856,40.4439999],[-79.9576729,40.4441523],[-79.9573874,40.4443586]]]}},{"type":"Feature","id":"154666270","properties":{"kind":"building"},"geometry":{"type":"Polygon","coordinates":[[[-79.9566847,40.4439774],[-79.9563615,40.4441973],[-79.9561316,40.4440194],[-79.9559431,40.4438734],[-79.955955,40.4438658],[-79.955916,40.4438358],[-79.9559447,40.4438152],[-79.9559326,40.4438042],[-79.9562162,40.443595],[-79.956356,40.4437091],[-79.9562106,40.4438092],[-79.9562049,40.443851],[-79.9562277,40.4438717],[-79.9562397,40.4438652],[-79.9562931,40.4439053],[-79.9563379,40.4439454],[-79.9563293,40.4439516],[-79.9563543,40.4439732],[-79.9564096,40.443974],[-79.956546,40.4438616],[-79.9566847,40.4439774]]]}},{"type":"Feature","id":"154905396","properties":{"kind":"building"},"geometry":{"type":"Polygon","coordinates":[[[-79.9529461,40.447421],[-79.9528563,40.4472216],[-79.9524392,40.4473303],[-79.9524876,40.4474376],[-79.952529,40.4475298],[-79.9529461,40.447421]]]}},{"type":"Feature","id":"154945597","properties":{"kind":"building"},"geometry":{"type":"Polygon","coordinates":[[[-79.9566046,40.4434629],[-79.9566164,40.4434729],[-79.9565685,40.443486],[-79.9565372,40.4435017],[-79.9564922,40.4435665],[-79.9564798,40.4435569],[-79.9564289,40.4435951],[-79.9566034,40.4437299],[-79.9565893,40.4437405],[-79.9565895,40.4437581],[-79.9566165,40.4437792],[-79.9566407,40.4437786],[-79.9566813,40.4438101],[-79.9566969,40.4437984],[-79.9567504,40.4438399],[-79.9567674,40.4438272],[-79.9568052,40.4438309],[-79.95685,40.4438255],[-79.9568888,40.4438106],[-79.9569271,40.4437783],[-79.9569453,40.4437444],[-79.9569453,40.4436993],[-79.9569658,40.4436847],[-79.9569284,40.4436542],[-79.9569475,40.4436407],[-79.9569242,40.4436216],[-79.9569384,40.4436115],[-79.9569367,40.4435992],[-79.9569136,40.443577],[-79.9568941,40.4435757],[-79.9568605,40.4435473],[-79.9568299,40.4435682],[-79.9566603,40.4434248],[-79.9566046,40.4434629]]]}},{"type":"Feature","id":"154945603","properties":{"kind":"building"},"geometry":{"type":"Polygon","coordinates":[[[-79.9592409,40.4433689],[-79.9588666,40.4431619],[-79.9589094,40.4431171],[-79.9590675,40.4429516],[-79.9591012,40.4429163],[-79.9594755,40.4431233],[-79.9592409,40.4433689]]]}},{"type":"Feature","id":"154945605","properties":{"kind":"building"},"geometry":{"type":"Polygon","coordinates":[[[-79.9597301,40.4418668],[-79.9597016,40.4418594],[-79.9596138,40.4418119],[-79.9597855,40.4416079],[-79.9597538,40.4415919],[-79.9598027,40.4415356],[-79.9603821,40.4418274],[-79.9604277,40.4418504],[-79.9604984,40.441886],[-79.9604475,40.4419445],[-79.9604079,40.4419246],[-79.9602333,40.4421253],[-79.9601129,40.4420647],[-79.9602565,40.4418995],[-79.9601235,40.4418325],[-79.9600841,40.4418779],[-79.9599674,40.4418191],[-79.9600113,40.4417686],[-79.9598726,40.4416988],[-79.9597301,40.4418668]]]}},{"type":"Feature","id":"154945606","properties":{"kind":"building"},"geometry":{"type":"Polygon","coordinates":[[[-79.957937,40.442692],[-79.9581502,40.4424688],[-79.9589157,40.4428923],[-79.9589311,40.4428761],[-79.9590675,40.4429516],[-79.9589094,40.4431171],[-79.9588662,40.4430932],[-79.958736,40.4430212],[-79.9587865,40.4429684],[-79.9582731,40.4426844],[-79.9581521,40.442811],[-79.957937,40.442692]]]}},{"type":"Feature","id":"154945608","properties":{"kind":"building"},"geometry":{"type":"Polygon","coordinates":[[[-79.9569263,40.445096],[-79.9565287,40.445383],[-79.9564708,40.4454248],[-79.9563294,40.4453071],[-79.9562006,40.4452],[-79.9560607,40.4450837],[-79.9559725,40.4451476],[-79.9558626,40.4450631],[-79.9560182,40.4449518],[-79.9560675,40.4449165],[-79.956077,40.4449248],[-79.9560686,40.4449349],[-79.9560673,40.4449466],[-79.9560749,40.444957],[-79.9560854,40.4449624],[-79.956096,40.4449634],[-79.9561152,40.4449594],[-79.9562298,40.4448799],[-79.9563438,40.4447993],[-79.9563515,40.4447902],[-79.956353,40.4447774],[-79.9563435,40.4447641],[-79.9563293,40.4447583],[-79.9563105,40.4447586],[-79.9562948,40.444769],[-79.9562847,40.4447612],[-79.9563384,40.4447227],[-79.9564906,40.4446139],[-79.956595,40.444699],[-79.9565098,40.4447604],[-79.9569263,40.445096]]]}},{"type":"Feature","id":"154945609","properties":{"kind":"building"},"geometry":{"type":"Polygon","coordinates":[[[-79.9582663,40.44343],[-79.9582851,40.4434484],[-79.9578039,40.4437867],[-79.9577229,40.4437285],[-79.9577358,40.4437173],[-79.9576918,40.4436914],[-79.9575566,40.4437802],[-79.957489,40.4437284],[-79.957518,40.4437106],[-79.9573281,40.4435547],[-79.957305,40.443569],[-79.9572423,40.4435126],[-79.9573651,40.443421],[-79.9574488,40.4434827],[-79.9574718,40.4434664],[-79.9578228,40.4432171],[-79.9579203,40.4431479],[-79.9577293,40.4429986],[-79.957894,40.4428783],[-79.9584305,40.4433145],[-79.9582663,40.44343]]]}},{"type":"Feature","id":"156000474","properties":{"kind":"building"},"geometry":{"type":"Polygon","coordinates":[[[-79.9583179,40.4447475],[-79.9583957,40.4448149],[-79.9583674,40.4448419],[-79.9582173,40.4449455],[-79.9583125,40.4450302],[-79.958121,40.4451514],[-79.958039,40.4450813],[-79.9577412,40.4453058],[-79.9577037,40.4452813],[-79.9577171,40.4452752],[-79.9576782,40.4452456],[-79.957925,40.4450711],[-79.9578217,40.4449894],[-79.9578566,40.44497],[-79.957866,40.4449792],[-79.9580631,40.4448343],[-79.9580859,40.4448496],[-79.958161,40.4447986],[-79.9581959,40.4448271],[-79.9583179,40.4447475]]]}},{"type":"Feature","id":"156000475","properties":{"kind":"building"},"geometry":{"type":"Polygon","coordinates":[[[-79.9579129,40.4450721],[-79.9576635,40.4452456],[-79.9576983,40.4452742],[-79.9575615,40.4453721],[-79.957524,40.4453395],[-79.9575106,40.4453477],[-79.9573818,40.4452395],[-79.9574033,40.4452333],[-79.957355,40.4452007],[-79.9574864,40.4451007],[-79.9575052,40.445119],[-79.95776,40.4449414],[-79.9579129,40.4450721]]]}},{"type":"Feature","id":"156000476","properties":{"kind":"building"},"geometry":{"type":"Polygon","coordinates":[[[-79.9574904,40.4453497],[-79.9575159,40.4454283],[-79.9574663,40.4454569],[-79.9574113,40.4454252],[-79.9571337,40.4456222],[-79.9571216,40.4456161],[-79.9571149,40.4456253],[-79.9570908,40.4456079],[-79.9570707,40.4456222],[-79.9570502,40.4456055],[-79.9569755,40.4455446],[-79.9570036,40.4455273],[-79.9569795,40.445513],[-79.9572799,40.4452925],[-79.9573027,40.4453099],[-79.9573268,40.4452936],[-79.9573161,40.4452844],[-79.9573326,40.4452719],[-79.9573496,40.4452589],[-79.957363,40.4452691],[-79.9573778,40.4452589],[-79.9574904,40.4453497]]]}},{"type":"Feature","id":"167498538","properties":{"kind":"building"},"geometry":{"type":"Polygon","coordinates":[[[-79.9494187,40.4480344],[-79.9490956,40.4481306],[-79.9490342,40.4480111],[-79.9483417,40.4482172],[-79.9483527,40.4482386],[-79.9480327,40.4483339],[-79.9479175,40.448044],[-79.9481667,40.4479698],[-79.948161,40.4479588],[-79.9484172,40.4478825],[-79.9484491,40.4479445],[-79.94893,40.4478014],[-79.9489006,40.4477442],[-79.9492205,40.4476489],[-79.949247,40.4477004],[-79.9492244,40.4477071],[-79.9492327,40.4477233],[-79.9491252,40.4477553],[-79.9492542,40.4480062],[-79.9493617,40.4479742],[-79.9493701,40.4479904],[-79.9493926,40.4479837],[-79.9494187,40.4480344]]]}},{"type":"Feature","id":"167499007","properties":{"kind":"building"},"geometry":{"type":"Polygon","coordinates":[[[-79.9487229,40.4475478],[-79.9485702,40.4475587],[-79.9485547,40.4474335],[-79.9481312,40.4474639],[-79.9481646,40.4477333],[-79.9477945,40.4478409],[-79.9476487,40.4475292],[-79.9476262,40.4473483],[-79.9477507,40.4473393],[-79.9477547,40.4473714],[-79.9479593,40.4473567],[-79.9479376,40.4471819],[-79.9480948,40.4471707],[-79.9481165,40.4473454],[-79.9485398,40.447315],[-79.9485182,40.447141],[-79.9486739,40.4471298],[-79.9486955,40.4473039],[-79.9488967,40.4472894],[-79.9488929,40.4472588],[-79.9490213,40.4472496],[-79.949044,40.4474327],[-79.9489174,40.4474418],[-79.9489132,40.4474078],[-79.9487073,40.4474226],[-79.9487229,40.4475478]]]}},{"type":"Feature","id":"171460760","properties":{"kind":"building"},"geometry":{"type":"Polygon","coordinates":[[[-79.9521239,40.4491657],[-79.9521079,40.4491344],[-79.9520926,40.4491386],[-79.9520606,40.4490787],[-79.95205,40.4490588],[-79.9520306,40.4490224],[-79.9522071,40.4489127],[-79.9523228,40.4491094],[-79.9522984,40.4491163],[-79.9521239,40.4491657]]]}},{"type":"Feature","id":"171843174","properties":{"kind":"building"},"geometry":{"type":"Polygon","coordinates":[[[-79.9481474,40.4448183],[-79.9480906,40.4448187],[-79.9480739,40.4445677],[-79.9481372,40.4445617],[-79.9481491,40.4448009],[-79.9481474,40.4448183]]]}},{"type":"Feature","id":"172658859","properties":{"kind":"building"},"geometry":{"type":"Polygon","coordinates":[[[-79.9487212,40.446244],[-79.9485518,40.4462565],[-79.9485437,40.4461929],[-79.9487131,40.4461804],[-79.9487212,40.446244]]]}},{"type":"Feature","id":"172658860","properties":{"kind":"building"},"geometry":{"type":"Polygon","coordinates":[[[-79.948252,40.4448043],[-79.9481491,40.4448009],[-79.9481372,40.4445617],[-79.9482248,40.444558],[-79.948252,40.4448043]]]}},{"type":"Feature","id":"172661098","properties":{"kind":"building"},"geometry":{"type":"Polygon","coordinates":[[[-79.9482248,40.444558],[-79.9484262,40.4445618],[-79.948429,40.4447289],[-79.948437,40.4447933],[-79.948252,40.4448043],[-79.9482248,40.444558]]]}},{"type":"Feature","id":"172661493","properties":{"kind":"building"},"geometry":{"type":"Polygon","coordinates":[[[-79.948429,40.4447289],[-79.948437,40.4447933],[-79.9486132,40.4447878],[-79.9486043,40.4446485],[-79.9484448,40.4446513],[-79.9484437,40.4447258],[-79.948429,40.4447289]]]}},{"type":"Feature","id":"172662340","properties":{"kind":"building"},"geometry":{"type":"Polygon","coordinates":[[[-79.9482494,40.4448812],[-79.9481902,40.4448849],[-79.9481962,40.4449507],[-79.9486301,40.4449214],[-79.9486202,40.4448562],[-79.9482494,40.4448812]]]}},{"type":"Feature","id":"172662341","properties":{"kind":"building"},"geometry":{"type":"Polygon","coordinates":[[[-79.9486132,40.4447878],[-79.9486202,40.4448562],[-79.9482494,40.4448812],[-79.9482413,40.4448135],[-79.948437,40.4447933],[-79.9486132,40.4447878]]]}},{"type":"Feature","id":"172944549","properties":{"kind":"building"},"geometry":{"type":"Polygon","coordinates":[[[-79.9487746,40.4461679],[-79.9485407,40.4461834],[-79.9485332,40.4461178],[-79.948767,40.4461023],[-79.9487746,40.4461679]]]}},{"type":"Feature","id":"172944551","properties":{"kind":"building"},"geometry":{"type":"Polygon","coordinates":[[[-79.9477598,40.4469052],[-79.9476236,40.4469145],[-79.947584,40.4465792],[-79.9477202,40.4465699],[-79.9477598,40.4469052]]]}},{"type":"Feature","id":"172948430","properties":{"kind":"building"},"geometry":{"type":"Polygon","coordinates":[[[-79.949265,40.4483535],[-79.949149,40.4483945],[-79.9491515,40.4483986],[-79.9490673,40.4484283],[-79.9490648,40.4484242],[-79.9489477,40.4484657],[-79.9489423,40.4484569],[-79.9489052,40.4484701],[-79.9488503,40.4483802],[-79.9488875,40.448367],[-79.9488485,40.4483032],[-79.9489656,40.4482618],[-79.9489624,40.4482565],[-79.9490466,40.4482268],[-79.9490498,40.448232],[-79.9491658,40.448191],[-79.949265,40.4483535]]]}},{"type":"Feature","id":"173057615","properties":{"kind":"building"},"geometry":{"type":"Polygon","coordinates":[[[-79.9487705,40.446096],[-79.9485184,40.4461131],[-79.9485123,40.4460609],[-79.9485754,40.4460566],[-79.9487644,40.4460437],[-79.9487705,40.446096]]]}},{"type":"Feature","id":"173057616","properties":{"kind":"building"},"geometry":{"type":"Polygon","coordinates":[[[-79.9485754,40.4460566],[-79.948569,40.4460016],[-79.9487579,40.4459888],[-79.9487644,40.4460437],[-79.9485754,40.4460566]]]}},{"type":"Feature","id":"173057617","properties":{"kind":"building"},"geometry":{"type":"Polygon","coordinates":[[[-79.948569,40.4460016],[-79.9485628,40.4459497],[-79.9487518,40.4459368],[-79.9487579,40.4459888],[-79.948569,40.4460016]]]}},{"type":"Feature","id":"173057618","properties":{"kind":"building"},"geometry":{"type":"Polygon","coordinates":[[[-79.9485566,40.4458969],[-79.9485628,40.4459497],[-79.9487518,40.4459368],[-79.9487456,40.4458841],[-79.9485566,40.4458969]]]}},{"type":"Feature","id":"173057992","properties":{"kind":"building"},"geometry":{"type":"Polygon","coordinates":[[[-79.9487858,40.446248],[-79.9484463,40.4462731],[-79.948455,40.4463419],[-79.9487946,40.4463168],[-79.9487858,40.446248]]]}},{"type":"Feature","id":"173058901","properties":{"kind":"building"},"geometry":{"type":"Polygon","coordinates":[[[-79.9486025,40.4452297],[-79.9484361,40.4452406],[-79.9484357,40.4452371],[-79.9483814,40.4452406],[-79.9483726,40.4451631],[-79.9483918,40.4451618],[-79.94839,40.4451454],[-79.9483708,40.4451467],[-79.9483808,40.4450805],[-79.9486104,40.4450628],[-79.9486025,40.4452297]]]}},{"type":"Feature","id":"173059417","properties":{"kind":"building"},"geometry":{"type":"Polygon","coordinates":[[[-79.9483858,40.4463161],[-79.9482875,40.4463226],[-79.9482725,40.4461904],[-79.9483887,40.4461827],[-79.9483936,40.446226],[-79.9483757,40.4462272],[-79.9483858,40.4463161]]]}},{"type":"Feature","id":"173059419","properties":{"kind":"building"},"geometry":{"type":"Polygon","coordinates":[[[-79.9482964,40.4452346],[-79.9481546,40.4452438],[-79.9481436,40.4451452],[-79.9481585,40.4451442],[-79.9481536,40.4451011],[-79.9482652,40.4450938],[-79.94827,40.445137],[-79.9482853,40.445136],[-79.9482964,40.4452346]]]}},{"type":"Feature","id":"207292980","properties":{"kind":"park"},"geometry":{"type":"Polygon","coordinates":[[[-79.9564402,40.4444986],[-79.9563927,40.4445327],[-79.9564111,40.4445479],[-79.9562114,40.4446934],[-79.9561743,40.4446671],[-79.9561597,40.4446617],[-79.9561354,40.4446599],[-79.9561061,40.4446677],[-79.9560677,40.4446937],[-79.9554752,40.4442178],[-79.9554901,40.4442074],[-79.9554734,40.4441929],[-79.9554645,40.4441833],[-79.955462,40.4441701],[-79.9554672,40.4441583],[-79.9554784,40.4441479],[-79.955461,40.4441299],[-79.9556699,40.4439784],[-79.9557114,40.4440124],[-79.9557799,40.4439654],[-79.9560557,40.4441881],[-79.9560283,40.4442178],[-79.9560135,40.44425],[-79.9560729,40.4442606],[-79.9561346,40.444271],[-79.9561465,40.4442614],[-79.9564402,40.4444986]]]}},{"type":"Feature","id":"207292981","properties":{"kind":"park"},"geometry":{"type":"Polygon","coordinates":[[[-79.9557855,40.4450015],[-79.9557727,40.4449915],[-79.9557269,40.4450241],[-79.9556009,40.444921],[-79.9556479,40.4448858],[-79.9554778,40.4447482],[-79.9554286,40.4447829],[-79.9550597,40.4444854],[-79.9551265,40.4444377],[-79.9550843,40.4444032],[-79.9552956,40.4442499],[-79.9553165,40.4442664],[-79.9553244,40.4442607],[-79.955334,40.4442566],[-79.9553441,40.4442548],[-79.9553553,40.4442556],[-79.9553728,40.4442637],[-79.9553908,40.4442787],[-79.9554065,40.4442672],[-79.955999,40.4447455],[-79.9559568,40.4447759],[-79.9559495,40.4447882],[-79.9559474,40.4448027],[-79.9559489,40.4448148],[-79.9559577,40.4448291],[-79.9559897,40.4448541],[-79.9557855,40.4450015]]]}},{"type":"Feature","id":"207294536","properties":{"kind":"building"},"geometry":{"type":"Polygon","coordinates":[[[-79.9582925,40.4462801],[-79.9581048,40.4462393],[-79.9584588,40.4453901],[-79.9586412,40.4454309],[-79.9582925,40.4462801]]]}},{"type":"Feature","id":"207294546","properties":{"kind":"building"},"geometry":{"type":"Polygon","coordinates":[[[-79.958396,40.4449692],[-79.9583197,40.4449085],[-79.9583883,40.4448585],[-79.9583674,40.4448419],[-79.9584312,40.4447954],[-79.9583461,40.4447277],[-79.9583692,40.4447108],[-79.9584456,40.4446552],[-79.9585272,40.4447201],[-79.9588169,40.4445093],[-79.9589477,40.4446134],[-79.9584929,40.4449444],[-79.9584629,40.4449205],[-79.958396,40.4449692]]]}},{"type":"Feature","id":"220387395","properties":{"kind":"building"},"geometry":{"type":"Polygon","coordinates":[[[-79.9544637,40.4452269],[-79.9549753,40.4448494],[-79.9547214,40.4446503],[-79.954206,40.4450279],[-79.9544637,40.4452269]]]}},{"type":"Feature","id":"220625021","properties":{"kind":"park"},"geometry":{"type":"Polygon","coordinates":[[[-79.9429571,40.4420949],[-79.9429893,40.4421025],[-79.9431126,40.4421351],[-79.943754,40.4422649],[-79.9437949,40.4422741],[-79.9438403,40.4421491],[-79.9439144,40.4419312],[-79.9440157,40.441649],[-79.9440991,40.4414166],[-79.943328,40.4412582],[-79.9432654,40.4414307],[-79.9433101,40.4414415],[-79.9431409,40.4419002],[-79.9430992,40.4418931],[-79.9430702,40.4419774],[-79.943004,40.4419644],[-79.9429571,40.4420949]]]}},{"type":"Feature","id":"220625023","properties":{"kind":"park"},"geometry":{"type":"Polygon","coordinates":[[[-79.9467252,40.4427163],[-79.9467802,40.4425563],[-79.9463098,40.4424583],[-79.9463355,40.4423868],[-79.9462926,40.4423783],[-79.9463285,40.442283],[-79.9463608,40.4421886],[-79.9464031,40.4421957],[-79.9464257,40.4421317],[-79.9463738,40.4421201],[-79.9461595,40.4421122],[-79.9461944,40.4420201],[-79.9461682,40.4420151],[-79.9461635,40.4420258],[-79.9461094,40.442015],[-79.9459765,40.4419842],[-79.9460349,40.4418215],[-79.9457777,40.4417689],[-79.9457911,40.4417348],[-79.9457236,40.4417238],[-79.9456653,40.4418872],[-79.9455259,40.4418587],[-79.9454766,40.4418468],[-79.9455304,40.4417046],[-79.9455028,40.4416949],[-79.9455005,40.4417059],[-79.945271,40.4416567],[-79.945221,40.4417934],[-79.9450864,40.4417655],[-79.9450334,40.4417544],[-79.9450883,40.4416132],[-79.9448315,40.4415656],[-79.944781,40.4417033],[-79.9446431,40.4416727],[-79.944591,40.4416611],[-79.9446422,40.4415177],[-79.9443592,40.4414519],[-79.944339,40.4415124],[-79.9441308,40.4414709],[-79.9440867,40.4414536],[-79.9440157,40.441649],[-79.9439144,40.4419312],[-79.9438403,40.4421491],[-79.9439602,40.442174],[-79.9441668,40.4422174],[-79.9441647,40.4422287],[-79.9443892,40.4422755],[-79.9444394,40.4422852],[-79.9444839,40.442162],[-79.9451229,40.4422947],[-79.9451036,40.4423509],[-79.9452043,40.4423728],[-79.9452202,40.4423257],[-79.9452234,40.4423263],[-79.9452522,40.4423321],[-79.9458044,40.4424159],[-79.9458726,40.4424289],[-79.945877,40.4424165],[-79.9459553,40.4424346],[-79.9460341,40.4424528],[-79.9460205,40.4424913],[-79.9460435,40.4424968],[-79.9459999,40.4426031],[-79.9465607,40.4427288],[-79.9465806,40.4427372],[-79.9467045,40.442816],[-79.9467396,40.4427193],[-79.9467252,40.4427163]]]}},{"type":"Feature","id":"240900027","properties":{"kind":"building"},"geometry":{"type":"Polygon","coordinates":[[[-79.9571068,40.4413579],[-79.9568821,40.4411791],[-79.9567494,40.4412757],[-79.9569741,40.4414545],[-79.9571068,40.4413579]]]}},{"type":"Feature","id":"240900028","properties":{"kind":"building"},"geometry":{"type":"Polygon","coordinates":[[[-79.9567494,40.4412757],[-79.9568821,40.4411791],[-79.9569068,40.4411611],[-79.956799,40.4410753],[-79.956732,40.441022],[-79.9566133,40.4411084],[-79.9565746,40.4411366],[-79.9567494,40.4412757]]]}},{"type":"Feature","id":"240900029","properties":{"kind":"building"},"geometry":{"type":"Polygon","coordinates":[[[-79.9571068,40.4413579],[-79.9572382,40.4412622],[-79.9570135,40.4410834],[-79.9569068,40.4411611],[-79.9568821,40.4411791],[-79.9571068,40.4413579]]]}},{"type":"Feature","id":"240900030","properties":{"kind":"building"},"geometry":{"type":"Polygon","coordinates":[[[-79.9574998,40.4410718],[-79.9572751,40.440893],[-79.957198,40.4409491],[-79.9570723,40.4410406],[-79.957297,40.4412194],[-79.9574226,40.441128],[-79.9574998,40.4410718]]]}},{"type":"Feature","id":"240900031","properties":{"kind":"building"},"geometry":{"type":"Polygon","coordinates":[[[-79.9572382,40.4412622],[-79.957297,40.4412194],[-79.9570723,40.4410406],[-79.9570135,40.4410834],[-79.9572382,40.4412622]]]}},{"type":"Feature","id":"240900032","properties":{"kind":"building"},"geometry":{"type":"Polygon","coordinates":[[[-79.9572751,40.440893],[-79.9572037,40.4408362],[-79.9569422,40.4410267],[-79.9570135,40.4410834],[-79.9570723,40.4410406],[-79.957198,40.4409491],[-79.9572751,40.440893]]]}},{"type":"Feature","id":"240900033","properties":{"kind":"building"},"geometry":{"type":"Polygon","coordinates":[[[-79.9572037,40.4408362],[-79.9571057,40.4407582],[-79.9568441,40.4409486],[-79.9569422,40.4410267],[-79.9572037,40.4408362]]]}},{"type":"Feature","id":"240900034","properties":{"kind":"building"},"geometry":{"type":"Polygon","coordinates":[[[-79.9571057,40.4407582],[-79.9570022,40.4406758],[-79.9567406,40.4408663],[-79.9568441,40.4409486],[-79.9571057,40.4407582]]]}},{"type":"Feature","id":"240900035","properties":{"kind":"building"},"geometry":{"type":"Polygon","coordinates":[[[-79.9570022,40.4406758],[-79.9568747,40.4405744],[-79.9566132,40.4407649],[-79.9567406,40.4408663],[-79.9570022,40.4406758]]]}},{"type":"Feature","id":"240900036","properties":{"kind":"building"},"geometry":{"type":"Polygon","coordinates":[[[-79.953229,40.4428505],[-79.9530709,40.4428915],[-79.9530498,40.4428443],[-79.9530343,40.4428483],[-79.9530094,40.4427929],[-79.952959,40.442806],[-79.9529125,40.4427022],[-79.952938,40.4426956],[-79.9529194,40.442654],[-79.9529489,40.4426463],[-79.952937,40.4426197],[-79.9531061,40.4425758],[-79.953229,40.4428505]]]}},{"type":"Feature","id":"240900037","properties":{"kind":"building"},"geometry":{"type":"Polygon","coordinates":[[[-79.9582794,40.4417234],[-79.9578772,40.4413959],[-79.9574831,40.4416722],[-79.9575796,40.4417496],[-79.9575535,40.4417685],[-79.9578605,40.4420218],[-79.9582794,40.4417234]]]}},{"type":"Feature","id":"240900038","properties":{"kind":"building"},"geometry":{"type":"Polygon","coordinates":[[[-79.9577662,40.4421101],[-79.9574464,40.4418458],[-79.9575535,40.4417685],[-79.9578605,40.4420218],[-79.957875,40.4420338],[-79.9577662,40.4421101]]]}},{"type":"Feature","id":"240900039","properties":{"kind":"building"},"geometry":{"type":"Polygon","coordinates":[[[-79.9572474,40.4414852],[-79.9571179,40.4415824],[-79.9574464,40.4418458],[-79.9575535,40.4417685],[-79.9575796,40.4417496],[-79.9574831,40.4416722],[-79.9574498,40.4416435],[-79.9572474,40.4414852]]]}},{"type":"Feature","id":"240900040","properties":{"kind":"building"},"geometry":{"type":"Polygon","coordinates":[[[-79.9578416,40.4413602],[-79.9576432,40.4411928],[-79.9575214,40.4412826],[-79.9577207,40.4414431],[-79.9578416,40.4413602]]]}},{"type":"Feature","id":"240900041","properties":{"kind":"building"},"geometry":{"type":"Polygon","coordinates":[[[-79.957537,40.4415789],[-79.9573346,40.4414206],[-79.9572474,40.4414852],[-79.9574498,40.4416435],[-79.957537,40.4415789]]]}},{"type":"Feature","id":"240900042","properties":{"kind":"building"},"geometry":{"type":"Polygon","coordinates":[[[-79.9577237,40.4414456],[-79.9577207,40.4414431],[-79.9575214,40.4412826],[-79.9573346,40.4414206],[-79.957537,40.4415789],[-79.957536,40.4415805],[-79.9575689,40.4415568],[-79.957525,40.4415214],[-79.9575755,40.4414851],[-79.9576035,40.4415077],[-79.9576325,40.4414868],[-79.9575862,40.4414495],[-79.9576208,40.4414246],[-79.9576831,40.4414748],[-79.9577237,40.4414456]]]}},{"type":"Feature","id":"240900043","properties":{"kind":"building"},"geometry":{"type":"Polygon","coordinates":[[[-79.9579216,40.4407638],[-79.957887,40.4407887],[-79.9577572,40.440882],[-79.9577365,40.4408972],[-79.9576093,40.440989],[-79.9574027,40.440823],[-79.957461,40.440781],[-79.9575219,40.440737],[-79.9575044,40.440723],[-79.9575223,40.44071],[-79.9575066,40.4406974],[-79.957567,40.4406539],[-79.9576121,40.4406901],[-79.9578123,40.4405455],[-79.9577678,40.4405098],[-79.9578431,40.4404554],[-79.9578499,40.4404608],[-79.957938,40.4403972],[-79.9579484,40.4403899],[-79.9579675,40.4404053],[-79.9579876,40.4403908],[-79.958201,40.4405623],[-79.9580708,40.4406562],[-79.9580498,40.4406713],[-79.9579216,40.4407638]]]}},{"type":"Feature","id":"240900048","properties":{"kind":"building"},"geometry":{"type":"Polygon","coordinates":[[[-79.9580804,40.4397207],[-79.9584023,40.4399469],[-79.9584236,40.4399803],[-79.9585506,40.4400877],[-79.9584638,40.4400896],[-79.958383,40.4401453],[-79.9583834,40.4401946],[-79.9583729,40.4401907],[-79.9583503,40.4401664],[-79.958203,40.4400578],[-79.9581728,40.4400846],[-79.9579951,40.4402234],[-79.9578922,40.4401455],[-79.9577937,40.4400668],[-79.9577101,40.4399852],[-79.9580804,40.4397207]]]}},{"type":"Feature","id":"240900050","properties":{"kind":"building"},"geometry":{"type":"Polygon","coordinates":[[[-79.9569846,40.441681],[-79.9568622,40.441771],[-79.9571385,40.4419886],[-79.9572608,40.4418987],[-79.9569846,40.441681]]]}},{"type":"Feature","id":"240900051","properties":{"kind":"building"},"geometry":{"type":"Polygon","coordinates":[[[-79.9568622,40.441771],[-79.956728,40.4418681],[-79.9570363,40.4421149],[-79.9571721,40.4420151],[-79.9571385,40.4419886],[-79.9568622,40.441771]]]}},{"type":"Feature","id":"240900053","properties":{"kind":"building"},"geometry":{"type":"Polygon","coordinates":[[[-79.9585976,40.4405112],[-79.9589095,40.4407637],[-79.9587856,40.440853],[-79.9584737,40.4406005],[-79.9585976,40.4405112]]]}},{"type":"Feature","id":"240900054","properties":{"kind":"building"},"geometry":{"type":"Polygon","coordinates":[[[-79.9582629,40.4412208],[-79.9580709,40.4413612],[-79.9577876,40.4411367],[-79.9579796,40.4409963],[-79.9581349,40.4411194],[-79.9582629,40.4412208]]]}},{"type":"Feature","id":"240900055","properties":{"kind":"building"},"geometry":{"type":"Polygon","coordinates":[[[-79.9584498,40.4410841],[-79.9582629,40.4412208],[-79.9581349,40.4411194],[-79.9579796,40.4409963],[-79.9581666,40.4408597],[-79.9584498,40.4410841]]]}},{"type":"Feature","id":"240900056","properties":{"kind":"park"},"geometry":{"type":"Polygon","coordinates":[[[-79.9621215,40.4397515],[-79.961779,40.4394774],[-79.9612784,40.4398396],[-79.9611983,40.4400006],[-79.9612646,40.4399535],[-79.9613127,40.4399927],[-79.9612635,40.4400277],[-79.9614998,40.4402203],[-79.9616165,40.4401374],[-79.9615641,40.4400946],[-79.9615829,40.4400813],[-79.9615184,40.4400287],[-79.9615282,40.4399709],[-79.9618432,40.4397429],[-79.961981,40.4398531],[-79.9621215,40.4397515]]]}},{"type":"Feature","id":"240900057","properties":{"kind":"building"},"geometry":{"type":"Polygon","coordinates":[[[-79.9618886,40.4413548],[-79.962148,40.4410564],[-79.9622119,40.4410879],[-79.9622724,40.4411201],[-79.963121,40.441572],[-79.9628607,40.4418575],[-79.9624436,40.4416418],[-79.9621678,40.4414992],[-79.9618886,40.4413548]]]}},{"type":"Feature","id":"272917029","properties":{"kind":"building"},"geometry":{"type":"Polygon","coordinates":[[[-79.948824,40.4446774],[-79.9488294,40.4447708],[-79.9490259,40.4447683],[-79.9489762,40.4446751],[-79.948824,40.4446774]]]}},{"type":"Feature","id":"302715370","properties":{"kind":"building"},"geometry":{"type":"Polygon","coordinates":[[[-79.948863,40.4424663],[-79.9490179,40.4421679],[-79.9488664,40.4421263],[-79.9488992,40.4420506],[-79.9490493,40.4420982],[-79.9491405,40.4419187],[-79.9491496,40.4418994],[-79.9491565,40.4418865],[-79.9493782,40.4419444],[-79.9491922,40.4423209],[-79.9491576,40.4423128],[-79.9490851,40.4424402],[-79.9490464,40.4425151],[-79.948863,40.4424663]]]}},{"type":"Feature","id":"305687963","properties":{"kind":"building"},"geometry":{"type":"Polygon","coordinates":[[[-79.9464526,40.4384389],[-79.9465121,40.4383976],[-79.9465165,40.4384013],[-79.9465693,40.4383646],[-79.9465644,40.4383605],[-79.9466235,40.4383195],[-79.9465838,40.4382863],[-79.9465884,40.4382758],[-79.9465876,40.4382636],[-79.9465789,40.4382523],[-79.9465661,40.438245],[-79.9465487,40.4382438],[-79.9465354,40.4382475],[-79.9465264,40.4382528],[-79.9465203,40.4382607],[-79.9465178,40.4382685],[-79.9464741,40.4382766],[-79.9464142,40.4383184],[-79.9463986,40.4383527],[-79.9463907,40.4383527],[-79.9463782,40.438356],[-79.946369,40.4383625],[-79.9463624,40.4383724],[-79.9463606,40.4383832],[-79.9463634,40.4383905],[-79.9463713,40.4383992],[-79.9463837,40.4384055],[-79.9463972,40.438408],[-79.9464129,40.4384058],[-79.9464526,40.4384389]]]}},{"type":"Feature","id":"313512143","properties":{"kind":"building"},"geometry":{"type":"Polygon","coordinates":[[[-79.9534857,40.4476655],[-79.9530638,40.4473047],[-79.9533309,40.4471078],[-79.9534149,40.4470459],[-79.9538396,40.4473984],[-79.9534857,40.4476655]]]}},{"type":"Feature","id":"313645797","properties":{"kind":"building"},"geometry":{"type":"Polygon","coordinates":[[[-79.962148,40.4410564],[-79.9618886,40.4413548],[-79.9618676,40.441344],[-79.9618556,40.4413379],[-79.9618394,40.4413297],[-79.9618117,40.4413156],[-79.9617724,40.4412951],[-79.9613679,40.4410841],[-79.9613943,40.441065],[-79.9611387,40.4408596],[-79.9612489,40.4407296],[-79.9612019,40.4406928],[-79.9611784,40.4407105],[-79.9611231,40.4406673],[-79.9609603,40.440789],[-79.9609868,40.4408098],[-79.9609386,40.4408619],[-79.9605869,40.4406723],[-79.9607465,40.4405565],[-79.9606892,40.4405103],[-79.9606635,40.4405288],[-79.9606972,40.4405557],[-79.9605835,40.4406381],[-79.9605539,40.4406143],[-79.9605356,40.4406275],[-79.9604399,40.4405508],[-79.9604651,40.4405324],[-79.9604483,40.4405189],[-79.9605504,40.440444],[-79.9605633,40.4404545],[-79.9608102,40.440278],[-79.9609108,40.4403687],[-79.9611407,40.44022],[-79.9610243,40.440111],[-79.9611983,40.4400006],[-79.9612646,40.4399535],[-79.9613127,40.4399927],[-79.9612635,40.4400277],[-79.9614998,40.4402203],[-79.9616165,40.4401374],[-79.9615641,40.4400946],[-79.9615829,40.4400813],[-79.9618197,40.439906],[-79.9619291,40.4399955],[-79.9620348,40.4399206],[-79.9626916,40.440457],[-79.9625731,40.4405417],[-79.9627004,40.4406381],[-79.9625025,40.4407907],[-79.9623715,40.4406926],[-79.9622561,40.4407826],[-79.962218,40.4407542],[-79.9623438,40.4406561],[-79.9623206,40.4406385],[-79.9621525,40.4407697],[-79.9621338,40.4407556],[-79.9618983,40.4409394],[-79.962148,40.4410564]]]}},{"type":"Feature","id":"313645798","properties":{"kind":"building"},"geometry":{"type":"Polygon","coordinates":[[[-79.960566,40.4416525],[-79.9601583,40.4414429],[-79.9602027,40.4413929],[-79.9601677,40.4413749],[-79.9605717,40.4409196],[-79.9606175,40.4409431],[-79.9606515,40.4409049],[-79.9611738,40.4411734],[-79.9611049,40.441251],[-79.9606914,40.4417169],[-79.9606368,40.4416889],[-79.960566,40.4416525]]]}},{"type":"Feature","id":"320582065","properties":{"kind":"building"},"geometry":{"type":"Polygon","coordinates":[[[-79.9456856,40.4431439],[-79.9456293,40.443132],[-79.9457282,40.4428648],[-79.945734,40.4428661],[-79.9457504,40.4428218],[-79.9457808,40.4428284],[-79.9457777,40.4428368],[-79.9457949,40.4428405],[-79.9456856,40.4431439]]]}},{"type":"Feature","id":"321975712","properties":{"kind":"building"},"geometry":{"type":"Polygon","coordinates":[[[-79.9529106,40.4426829],[-79.9528416,40.4427261],[-79.9527717,40.4426615],[-79.952817,40.4426332],[-79.9528391,40.4426537],[-79.9528629,40.4426388],[-79.9529106,40.4426829]]]}},{"type":"Feature","id":"324870282","properties":{"kind":"building"},"geometry":{"type":"Polygon","coordinates":[[[-79.9491009,40.4448514],[-79.9488313,40.444869],[-79.9488294,40.4447708],[-79.9490259,40.4447683],[-79.9490715,40.4447578],[-79.9491009,40.4448514]]]}},{"type":"Feature","id":"324870284","properties":{"kind":"building"},"geometry":{"type":"Polygon","coordinates":[[[-79.9488313,40.444869],[-79.9488453,40.4449996],[-79.949193,40.4449776],[-79.949178,40.4448464],[-79.9491009,40.4448514],[-79.9488313,40.444869]]]}},{"type":"Feature","id":"324870286","properties":{"kind":"building"},"geometry":{"type":"Polygon","coordinates":[[[-79.9488453,40.4449996],[-79.948856,40.4451022],[-79.9492041,40.4450795],[-79.949193,40.4449776],[-79.9488453,40.4449996]]]}},{"type":"Feature","id":"329218882","properties":{"kind":"building"},"geometry":{"type":"Polygon","coordinates":[[[-79.949494,40.4426934],[-79.9493953,40.4427192],[-79.9493378,40.4425878],[-79.94944,40.4425599],[-79.949494,40.4426934]]]}},{"type":"Feature","id":"330174431","properties":{"kind":"building"},"geometry":{"type":"Polygon","coordinates":[[[-79.9490526,40.4490209],[-79.9489721,40.4488576],[-79.9483552,40.4490413],[-79.948441,40.4492005],[-79.9490526,40.4490209]]]}},{"type":"Feature","id":"334643996","properties":{"kind":"building"},"geometry":{"type":"Polygon","coordinates":[[[-79.9612544,40.4392055],[-79.9615364,40.4394222],[-79.9614093,40.439518],[-79.9611378,40.4393094],[-79.9611793,40.4392781],[-79.9611687,40.43927],[-79.9612544,40.4392055]]]}},{"type":"Feature","id":"334650645","properties":{"kind":"building"},"geometry":{"type":"Polygon","coordinates":[[[-79.9602684,40.4403292],[-79.9599587,40.4400776],[-79.9602376,40.4398787],[-79.9603866,40.4399998],[-79.9605473,40.4401303],[-79.9602684,40.4403292]]]}},{"type":"Feature","id":"340371016","properties":{"kind":"building"},"geometry":{"type":"Polygon","coordinates":[[[-79.9602297,40.4436222],[-79.9600116,40.4437826],[-79.9600651,40.4438247],[-79.9600501,40.4438357],[-79.9600779,40.4438576],[-79.9600179,40.4439017],[-79.9599865,40.4438769],[-79.9599638,40.4438936],[-79.959911,40.443852],[-79.9596884,40.4440156],[-79.9595175,40.443881],[-79.9595332,40.4438694],[-79.9594945,40.4438389],[-79.9594546,40.4438683],[-79.9593624,40.4437957],[-79.9593707,40.4437896],[-79.9593348,40.4437614],[-79.9593665,40.4437381],[-79.9593584,40.4437316],[-79.9594384,40.4436728],[-79.9594512,40.4436829],[-79.9595603,40.4436027],[-79.9595688,40.4436094],[-79.9596118,40.4435778],[-79.9595932,40.4435631],[-79.9596515,40.4435203],[-79.959667,40.4435324],[-79.959714,40.4434978],[-79.9596999,40.4434867],[-79.9598827,40.4433523],[-79.9599233,40.4433224],[-79.9599678,40.4433575],[-79.9599767,40.4433645],[-79.9600937,40.4434567],[-79.9600554,40.4434848],[-79.9602297,40.4436222]]]}},{"type":"Feature","id":"343503082","properties":{"kind":"building"},"geometry":{"type":"Polygon","coordinates":[[[-79.9622311,40.4453132],[-79.9622321,40.4453728],[-79.9621294,40.4453705],[-79.9621294,40.4453828],[-79.9617229,40.4453813],[-79.9617229,40.4453975],[-79.9615877,40.4453975],[-79.9615877,40.4453782],[-79.9615633,40.4453681],[-79.9615572,40.4453766],[-79.9615075,40.4453479],[-79.961481,40.4453326],[-79.9615064,40.4452993],[-79.961234,40.44514],[-79.9612411,40.4451276],[-79.9611608,40.4450835],[-79.9612127,40.4450371],[-79.9612249,40.445044],[-79.9612513,40.4450162],[-79.9612818,40.4450293],[-79.9613092,40.4450023],[-79.9613661,40.4450371],[-79.9613702,40.4450317],[-79.9616162,40.4451709],[-79.9615989,40.4451918],[-79.9616944,40.4452405],[-79.9616944,40.445232],[-79.9620918,40.4452328],[-79.9620939,40.4452413],[-79.9622036,40.4452413],[-79.9621996,40.4453093],[-79.9622311,40.4453132]]]}},{"type":"Feature","id":"346090847","properties":{"kind":"park"},"geometry":{"type":"Polygon","coordinates":[[[-79.9491405,40.4371763],[-79.9491245,40.4372047],[-79.9490637,40.4372516],[-79.9490124,40.4372727],[-79.9489235,40.4372918],[-79.9488763,40.4372904],[-79.9488254,40.4372817],[-79.9487066,40.43724],[-79.9485877,40.4372065],[-79.9484593,40.4371782],[-79.9483518,40.4371643],[-79.9482765,40.4371518],[-79.948211,40.437144],[-79.9480952,40.4371457],[-79.9480257,40.4371475],[-79.9480236,40.437181],[-79.9481151,40.4371988],[-79.9482527,40.4372199],[-79.948338,40.4372286],[-79.9484361,40.4372291],[-79.9485397,40.4372275],[-79.9485876,40.4372318],[-79.9486811,40.43725],[-79.9487612,40.4372838],[-79.9488332,40.437318],[-79.9488996,40.4373262],[-79.9489906,40.4373495],[-79.949052,40.4373482],[-79.949121,40.4373445],[-79.9491841,40.4373309],[-79.9492621,40.4373063],[-79.9493318,40.437273],[-79.9493667,40.4372116],[-79.9494079,40.4371804],[-79.9494909,40.4371176],[-79.9494892,40.436898],[-79.9494758,40.4367138],[-79.9494575,40.4365601],[-79.9494402,40.4364825],[-79.9493981,40.436416],[-79.9493705,40.4364089],[-79.9493348,40.436409],[-79.9493064,40.4364277],[-79.9492739,40.4364322],[-79.9492649,40.4364122],[-79.9492478,40.4363861],[-79.9491652,40.4363704],[-79.9490631,40.4363924],[-79.9490503,40.4364115],[-79.9491112,40.4364497],[-79.9491408,40.4365313],[-79.949168,40.4365942],[-79.9491725,40.4366414],[-79.9491596,40.4366968],[-79.9491445,40.4367932],[-79.9491323,40.4368702],[-79.9491295,40.4369483],[-79.94914,40.4369962],[-79.9491495,40.4370345],[-79.9491644,40.4370978],[-79.9491405,40.4371763]]]}},{"type":"Feature","id":"359652181","properties":{"kind":"park"},"geometry":{"type":"Polygon","coordinates":[[[-79.9521138,40.441166],[-79.9523254,40.4411337],[-79.9524362,40.4411982],[-79.9524508,40.4412948],[-79.9525208,40.4412998],[-79.9526397,40.4411845],[-79.9526479,40.4410767],[-79.9524031,40.4410464],[-79.9521912,40.4410811],[-79.9521108,40.441109],[-79.9521138,40.441166]]]}},{"type":"Feature","id":"392348779","properties":{"kind":"building"},"geometry":{"type":"Polygon","coordinates":[[[-79.9483767,40.4382117],[-79.9483668,40.4382072],[-79.9483808,40.4381892],[-79.9483869,40.4381815],[-79.9484014,40.4381881],[-79.9484387,40.4381412],[-79.9484916,40.4380749],[-79.9485151,40.4380857],[-79.9489939,40.4383059],[-79.9489111,40.4384101],[-79.9489295,40.4384186],[-79.9489053,40.438449],[-79.9488058,40.4384033],[-79.9488361,40.4383651],[-79.9486647,40.4382863],[-79.9486255,40.4383357],[-79.9486248,40.438369],[-79.9484208,40.4383665],[-79.9483845,40.4383661],[-79.9483848,40.4383507],[-79.9483864,40.438276],[-79.9483753,40.4382759],[-79.948376,40.438247],[-79.9483767,40.4382117]]]}},{"type":"Feature","id":"392348780","properties":{"kind":"building"},"geometry":{"type":"Polygon","coordinates":[[[-79.9482501,40.4379116],[-79.9483348,40.4377914],[-79.947957,40.4376154],[-79.9478658,40.4377245],[-79.9476786,40.4376452],[-79.9475988,40.4377468],[-79.94783,40.4378546],[-79.9479082,40.4377555],[-79.9482501,40.4379116]]]}},{"type":"Feature","id":"392348786","properties":{"kind":"building"},"geometry":{"type":"Polygon","coordinates":[[[-79.9475939,40.4380946],[-79.9474767,40.4381764],[-79.9475255,40.4382248],[-79.9475386,40.4382124],[-79.9475646,40.4382332],[-79.947607,40.4382669],[-79.9476346,40.438278],[-79.947664,40.4382793],[-79.9476933,40.4382669],[-79.9477112,40.4382446],[-79.9477177,40.4382124],[-79.947703,40.4381876],[-79.9476477,40.438143],[-79.9476607,40.4381343],[-79.9475939,40.4380946]]]}},{"type":"Feature","id":"479754009","properties":{"kind":"park"},"geometry":{"type":"Polygon","coordinates":[[[-79.9572154,40.4432884],[-79.956995,40.4430987],[-79.9569332,40.4430501],[-79.9573222,40.4427633],[-79.957682,40.4430101],[-79.9572154,40.4432884]]]}},{"type":"Feature","id":"479827461","properties":{"kind":"park"},"geometry":{"type":"Polygon","coordinates":[[[-79.9454387,40.4487084],[-79.9450793,40.4485166],[-79.9452375,40.448388],[-79.9455916,40.448588],[-79.9454387,40.4487084]]]}},{"type":"Feature","id":"479827502","properties":{"kind":"park"},"geometry":{"type":"Polygon","coordinates":[[[-79.9478044,40.4484758],[-79.9476488,40.4481573],[-79.9471365,40.4486166],[-79.9471633,40.4486635],[-79.9478044,40.4484758]]]}},{"type":"Feature","id":"479827925","properties":{"kind":"park"},"geometry":{"type":"Polygon","coordinates":[[[-79.9515709,40.4435835],[-79.9513047,40.4436493],[-79.9512889,40.443556],[-79.951263,40.4435115],[-79.9515443,40.4434395],[-79.9516019,40.4435592],[-79.9515709,40.4435835]]]}},{"type":"Feature","id":"479828232","properties":{"kind":"park"},"geometry":{"type":"Polygon","coordinates":[[[-79.946097,40.4488095],[-79.9459819,40.4489176],[-79.9463248,40.449129],[-79.94644,40.4490207],[-79.946097,40.4488095]]]}},{"type":"Feature","id":"505861382","properties":{"kind":"building"},"geometry":{"type":"Polygon","coordinates":[[[-79.9587861,40.4431772],[-79.9581424,40.4428212],[-79.9581521,40.442811],[-79.9582731,40.4426844],[-79.9587865,40.4429684],[-79.958736,40.4430212],[-79.9588662,40.4430932],[-79.9587861,40.4431772]]]}},{"type":"Feature","id":"525760562","properties":{"kind":"building"},"geometry":{"type":"Polygon","coordinates":[[[-79.9542083,40.4379762],[-79.9542608,40.4380157],[-79.9542997,40.4379858],[-79.9542851,40.4379748],[-79.9542997,40.4379636],[-79.9543266,40.4379838],[-79.9542698,40.4380275],[-79.9541258,40.4381384],[-79.9541031,40.4381559],[-79.9540519,40.4381174],[-79.9541189,40.4380658],[-79.9541098,40.438059],[-79.9541358,40.438039],[-79.9541313,40.4380355],[-79.9542083,40.4379762]]]}},{"type":"Feature","id":"533711275","properties":{"kind":"building"},"geometry":{"type":"Polygon","coordinates":[[[-79.9534304,40.4378573],[-79.9534686,40.4378822],[-79.9533318,40.4380204],[-79.9533018,40.4380026],[-79.9533416,40.4379644],[-79.9533296,40.4379562],[-79.9534304,40.4378573]]]}},{"type":"Feature","id":"533711276","properties":{"kind":"building"},"geometry":{"type":"Polygon","coordinates":[[[-79.9536374,40.4379892],[-79.953691,40.438032],[-79.9536766,40.4380425],[-79.9536824,40.4380472],[-79.9535994,40.4381074],[-79.9535965,40.4381051],[-79.9535615,40.4380771],[-79.9535417,40.4380613],[-79.9535849,40.4380299],[-79.9535781,40.4380244],[-79.9536197,40.4379942],[-79.9536249,40.4379983],[-79.9536374,40.4379892]]]}},{"type":"Feature","id":"533711278","properties":{"kind":"building"},"geometry":{"type":"Polygon","coordinates":[[[-79.9529818,40.4378806],[-79.9530212,40.4379036],[-79.9529188,40.4380019],[-79.9529218,40.4380143],[-79.9528208,40.4381112],[-79.9527718,40.438082],[-79.9529818,40.4378806]]]}},{"type":"Feature","id":"533711279","properties":{"kind":"building"},"geometry":{"type":"Polygon","coordinates":[[[-79.9522845,40.4380102],[-79.952339,40.4380416],[-79.9523558,40.4380408],[-79.9523796,40.4380538],[-79.9523811,40.4380674],[-79.9524224,40.4380913],[-79.9524005,40.4381134],[-79.9524092,40.4381184],[-79.9524031,40.4381246],[-79.9524191,40.4381338],[-79.9523809,40.4381723],[-79.9521883,40.4380612],[-79.9522502,40.4379991],[-79.952279,40.4380157],[-79.9522845,40.4380102]]]}},{"type":"Feature","id":"533711280","properties":{"kind":"building"},"geometry":{"type":"Polygon","coordinates":[[[-79.9524927,40.4381403],[-79.9525236,40.4381588],[-79.9524775,40.4382033],[-79.9524466,40.4381848],[-79.9524927,40.4381403]]]}},{"type":"Feature","id":"533711281","properties":{"kind":"building"},"geometry":{"type":"Polygon","coordinates":[[[-79.9520567,40.4384955],[-79.9522102,40.4385855],[-79.9520771,40.438717],[-79.9520213,40.4386842],[-79.9520131,40.4386923],[-79.9520981,40.4387421],[-79.952053,40.4387866],[-79.9519252,40.4387117],[-79.951922,40.4387068],[-79.9519212,40.438699],[-79.951938,40.4386824],[-79.9518938,40.4386565],[-79.9520567,40.4384955]]]}},{"type":"Feature","id":"533711298","properties":{"kind":"building"},"geometry":{"type":"Polygon","coordinates":[[[-79.9528553,40.4369145],[-79.9529024,40.4369527],[-79.9528063,40.4370218],[-79.9527592,40.4369835],[-79.9528553,40.4369145]]]}},{"type":"Feature","id":"533711300","properties":{"kind":"building"},"geometry":{"type":"Polygon","coordinates":[[[-79.9521899,40.4382498],[-79.9521933,40.4382711],[-79.9522513,40.4383046],[-79.9522208,40.4383351],[-79.9520771,40.4382511],[-79.9520546,40.4382381],[-79.9520967,40.4381959],[-79.9521899,40.4382498]]]}},{"type":"Feature","id":"533711301","properties":{"kind":"building"},"geometry":{"type":"Polygon","coordinates":[[[-79.952506,40.4372296],[-79.9525591,40.4372723],[-79.9525428,40.4372841],[-79.952566,40.4373028],[-79.9525816,40.4372916],[-79.9526114,40.4373155],[-79.9525359,40.4373699],[-79.9524481,40.4372993],[-79.9524657,40.4372866],[-79.9524474,40.4372719],[-79.952506,40.4372296]]]}},{"type":"Feature","id":"533711302","properties":{"kind":"building"},"geometry":{"type":"Polygon","coordinates":[[[-79.954465,40.4372069],[-79.9544827,40.4372212],[-79.9544897,40.4372163],[-79.9545334,40.4372516],[-79.9545277,40.4372557],[-79.9545665,40.4372871],[-79.9545599,40.4372918],[-79.954576,40.4373049],[-79.9545342,40.4373348],[-79.9545196,40.437323],[-79.9544842,40.4373483],[-79.954438,40.4373111],[-79.9544254,40.4373201],[-79.9543855,40.4372879],[-79.9544201,40.4372632],[-79.9544042,40.4372504],[-79.954465,40.4372069]]]}},{"type":"Feature","id":"533711303","properties":{"kind":"building"},"geometry":{"type":"Polygon","coordinates":[[[-79.9540737,40.4376688],[-79.954184,40.4377354],[-79.9540846,40.4378309],[-79.9539742,40.4377644],[-79.9540737,40.4376688]]]}},{"type":"Feature","id":"533711304","properties":{"kind":"building"},"geometry":{"type":"Polygon","coordinates":[[[-79.9506556,40.4370644],[-79.9507331,40.4370825],[-79.9506717,40.4372346],[-79.9505942,40.4372165],[-79.9506556,40.4370644]]]}},{"type":"Feature","id":"533711308","properties":{"kind":"building"},"geometry":{"type":"Polygon","coordinates":[[[-79.9539133,40.4368421],[-79.9539557,40.436868],[-79.953906,40.4369146],[-79.9539142,40.4369192],[-79.9538294,40.4370054],[-79.9537849,40.4369705],[-79.9538874,40.4368667],[-79.9539133,40.4368421]]]}},{"type":"Feature","id":"533711311","properties":{"kind":"building"},"geometry":{"type":"Polygon","coordinates":[[[-79.9530543,40.4370276],[-79.9531084,40.4370716],[-79.9529698,40.4371712],[-79.9529156,40.4371272],[-79.9530543,40.4370276]]]}},{"type":"Feature","id":"533711313","properties":{"kind":"building"},"geometry":{"type":"Polygon","coordinates":[[[-79.9532675,40.4372802],[-79.9533599,40.4373341],[-79.953266,40.4374276],[-79.953253,40.4374168],[-79.9532316,40.4374381],[-79.9531659,40.437381],[-79.9532675,40.4372802]]]}},{"type":"Feature","id":"533711314","properties":{"kind":"building"},"geometry":{"type":"Polygon","coordinates":[[[-79.953837,40.4371713],[-79.9539532,40.4372654],[-79.9537831,40.437429],[-79.953669,40.4373412],[-79.953837,40.4371713]]]}},{"type":"Feature","id":"533711315","properties":{"kind":"building"},"geometry":{"type":"Polygon","coordinates":[[[-79.9545029,40.4368267],[-79.9545584,40.4368735],[-79.9544089,40.4370278],[-79.9543571,40.4369989],[-79.9543651,40.4369913],[-79.9543509,40.4369827],[-79.9544761,40.4368542],[-79.9545029,40.4368267]]]}},{"type":"Feature","id":"533711316","properties":{"kind":"building"},"geometry":{"type":"Polygon","coordinates":[[[-79.9508622,40.4371089],[-79.9509364,40.4371271],[-79.9508703,40.4372827],[-79.9507961,40.4372645],[-79.9508622,40.4371089]]]}},{"type":"Feature","id":"533711317","properties":{"kind":"building"},"geometry":{"type":"Polygon","coordinates":[[[-79.954515,40.437141],[-79.9546542,40.4372518],[-79.9546057,40.4372871],[-79.9545092,40.4372102],[-79.9545263,40.4371978],[-79.9544842,40.4371643],[-79.954487,40.4371622],[-79.9544728,40.4371509],[-79.9544891,40.437139],[-79.9545027,40.4371499],[-79.954515,40.437141]]]}},{"type":"Feature","id":"533711319","properties":{"kind":"building"},"geometry":{"type":"Polygon","coordinates":[[[-79.953208,40.4371579],[-79.9532938,40.4372103],[-79.9532697,40.4372331],[-79.9532726,40.4372475],[-79.9532342,40.437285],[-79.9532128,40.4372858],[-79.9532007,40.4372974],[-79.9532146,40.4373058],[-79.9531515,40.4373662],[-79.9531193,40.4373467],[-79.9531145,40.4373512],[-79.9530796,40.43733],[-79.9530854,40.4373245],[-79.9530533,40.4373049],[-79.953208,40.4371579]]]}},{"type":"Feature","id":"533711324","properties":{"kind":"building"},"geometry":{"type":"Polygon","coordinates":[[[-79.9513143,40.4375234],[-79.9515156,40.437572],[-79.9514773,40.4376646],[-79.9514095,40.4376482],[-79.9513893,40.4376973],[-79.951418,40.4377042],[-79.9513809,40.437794],[-79.9514204,40.4378035],[-79.9514003,40.437852],[-79.9513302,40.4378351],[-79.9512904,40.4379314],[-79.9511588,40.4378996],[-79.9513143,40.4375234]]]}},{"type":"Feature","id":"533711326","properties":{"kind":"building"},"geometry":{"type":"Polygon","coordinates":[[[-79.952429,40.4376056],[-79.9525489,40.4376777],[-79.9525423,40.4376841],[-79.9525929,40.4377145],[-79.9525746,40.4377322],[-79.9525895,40.4377411],[-79.9525679,40.4377618],[-79.9523825,40.4376504],[-79.952429,40.4376056]]]}},{"type":"Feature","id":"533711330","properties":{"kind":"building"},"geometry":{"type":"Polygon","coordinates":[[[-79.9532268,40.4377194],[-79.9532336,40.4377249],[-79.9532501,40.4377131],[-79.9532983,40.437752],[-79.9531368,40.4378679],[-79.9530961,40.437835],[-79.9531367,40.4378059],[-79.9531224,40.4377944],[-79.9532268,40.4377194]]]}},{"type":"Feature","id":"533711331","properties":{"kind":"building"},"geometry":{"type":"Polygon","coordinates":[[[-79.9529944,40.4375063],[-79.9530481,40.437542],[-79.9528921,40.4376594],[-79.9528482,40.4376258],[-79.9528866,40.437597],[-79.9529002,40.4375955],[-79.9528883,40.4375863],[-79.9529944,40.4375063]]]}},{"type":"Feature","id":"533711332","properties":{"kind":"building"},"geometry":{"type":"Polygon","coordinates":[[[-79.9535309,40.4374809],[-79.9536238,40.4375388],[-79.953503,40.4376547],[-79.9534193,40.4375903],[-79.9535309,40.4374809]]]}},{"type":"Feature","id":"533711335","properties":{"kind":"building"},"geometry":{"type":"Polygon","coordinates":[[[-79.9509514,40.4373464],[-79.9510574,40.4373709],[-79.95104,40.4374147],[-79.950934,40.4373902],[-79.9509514,40.4373464]]]}},{"type":"Feature","id":"533711338","properties":{"kind":"building"},"geometry":{"type":"Polygon","coordinates":[[[-79.9533992,40.4369881],[-79.9535104,40.4370536],[-79.9535023,40.4370619],[-79.9535489,40.4370893],[-79.9535216,40.4371162],[-79.9534477,40.4370732],[-79.9533631,40.4370232],[-79.9533992,40.4369881]]]}},{"type":"Feature","id":"533711339","properties":{"kind":"building"},"geometry":{"type":"Polygon","coordinates":[[[-79.9511483,40.4371744],[-79.9512209,40.4371929],[-79.9511513,40.4373512],[-79.9510787,40.4373327],[-79.9511483,40.4371744]]]}},{"type":"Feature","id":"533711341","properties":{"kind":"building"},"geometry":{"type":"Polygon","coordinates":[[[-79.952293,40.4368782],[-79.9523578,40.4368937],[-79.9523106,40.4370086],[-79.9522459,40.4369931],[-79.952293,40.4368782]]]}},{"type":"Feature","id":"533711342","properties":{"kind":"building"},"geometry":{"type":"Polygon","coordinates":[[[-79.9540986,40.4375739],[-79.9542247,40.4376741],[-79.9542169,40.4376798],[-79.9542183,40.4376891],[-79.9541745,40.437721],[-79.9540417,40.4376154],[-79.9540986,40.4375739]]]}},{"type":"Feature","id":"533711343","properties":{"kind":"building"},"geometry":{"type":"Polygon","coordinates":[[[-79.9527438,40.4372576],[-79.9527952,40.4372992],[-79.9526228,40.4374226],[-79.9526102,40.4374124],[-79.9525861,40.4374296],[-79.9525612,40.4374095],[-79.9525866,40.4373913],[-79.9525656,40.4373743],[-79.9526017,40.4373484],[-79.9526088,40.4373541],[-79.9527438,40.4372576]]]}},{"type":"Feature","id":"533711344","properties":{"kind":"building"},"geometry":{"type":"Polygon","coordinates":[[[-79.9542753,40.4370579],[-79.9543338,40.4370991],[-79.9542849,40.4371392],[-79.9542264,40.437098],[-79.9542753,40.4370579]]]}},{"type":"Feature","id":"533711345","properties":{"kind":"building"},"geometry":{"type":"Polygon","coordinates":[[[-79.9542357,40.4371412],[-79.9542666,40.4371657],[-79.9541597,40.4372646],[-79.9541139,40.4372287],[-79.9542357,40.4371412]]]}},{"type":"Feature","id":"533711347","properties":{"kind":"building"},"geometry":{"type":"Polygon","coordinates":[[[-79.9543802,40.4371433],[-79.9544438,40.4371881],[-79.9543381,40.4372751],[-79.9542744,40.4372303],[-79.9543802,40.4371433]]]}},{"type":"Feature","id":"533711348","properties":{"kind":"building"},"geometry":{"type":"Polygon","coordinates":[[[-79.9537569,40.4376552],[-79.9538103,40.4376928],[-79.9536983,40.4378058],[-79.9536823,40.4377942],[-79.9536923,40.4377861],[-79.9536811,40.4377781],[-79.9536588,40.4377942],[-79.9536057,40.437751],[-79.9536922,40.4376897],[-79.9536989,40.4376953],[-79.9537569,40.4376552]]]}},{"type":"Feature","id":"533711349","properties":{"kind":"building"},"geometry":{"type":"Polygon","coordinates":[[[-79.9510719,40.4374776],[-79.9510498,40.4375313],[-79.9508714,40.4374889],[-79.9508739,40.4374829],[-79.9508166,40.4374692],[-79.9508362,40.4374215],[-79.9510719,40.4374776]]]}},{"type":"Feature","id":"533711351","properties":{"kind":"building"},"geometry":{"type":"Polygon","coordinates":[[[-79.9510787,40.4373327],[-79.9511513,40.4373512],[-79.9511332,40.4373918],[-79.951061,40.4373729],[-79.9510787,40.4373327]]]}},{"type":"Feature","id":"533711352","properties":{"kind":"building"},"geometry":{"type":"Polygon","coordinates":[[[-79.9524562,40.4375206],[-79.9524778,40.4375323],[-79.9525363,40.437488],[-79.9525962,40.4375255],[-79.9525465,40.4375753],[-79.9526418,40.4376331],[-79.9526251,40.437649],[-79.9526487,40.4376633],[-79.9526272,40.4376837],[-79.9525169,40.4376168],[-79.9525094,40.437624],[-79.9524106,40.4375641],[-79.9524562,40.4375206]]]}},{"type":"Feature","id":"533711354","properties":{"kind":"building"},"geometry":{"type":"Polygon","coordinates":[[[-79.9518087,40.4376598],[-79.9520089,40.437711],[-79.951995,40.437743],[-79.9520229,40.4377501],[-79.952001,40.4378001],[-79.9519696,40.4377921],[-79.9519589,40.4378165],[-79.9517758,40.4377697],[-79.9517889,40.4377398],[-79.9517752,40.4377363],[-79.9518087,40.4376598]]]}},{"type":"Feature","id":"533711357","properties":{"kind":"building"},"geometry":{"type":"Polygon","coordinates":[[[-79.952944,40.4384961],[-79.9529561,40.4385031],[-79.9529999,40.4384594],[-79.9530238,40.4384572],[-79.9530471,40.4384695],[-79.9530466,40.4384862],[-79.9530657,40.4384993],[-79.9530878,40.4384985],[-79.9531106,40.4385117],[-79.9531115,40.4385263],[-79.9530651,40.4385726],[-79.953077,40.4385795],[-79.9529575,40.4386986],[-79.9529182,40.4386758],[-79.9529111,40.438683],[-79.9528639,40.4386555],[-79.9528717,40.4386478],[-79.9528325,40.438625],[-79.9529016,40.4385562],[-79.9528903,40.4385497],[-79.952944,40.4384961]]]}},{"type":"Feature","id":"533711359","properties":{"kind":"building"},"geometry":{"type":"Polygon","coordinates":[[[-79.950971,40.4371381],[-79.9511137,40.4371718],[-79.951051,40.4373254],[-79.9509083,40.4372916],[-79.950971,40.4371381]]]}},{"type":"Feature","id":"533711363","properties":{"kind":"building"},"geometry":{"type":"Polygon","coordinates":[[[-79.9537508,40.4374826],[-79.9538238,40.4375355],[-79.9537855,40.4375661],[-79.9537905,40.4375697],[-79.953783,40.4375757],[-79.9538126,40.4375972],[-79.9537201,40.4376711],[-79.9537168,40.4376688],[-79.9537036,40.4376793],[-79.9536728,40.437657],[-79.9536674,40.4376613],[-79.9536317,40.4376354],[-79.9536376,40.4376307],[-79.9536065,40.4376081],[-79.9536186,40.4375985],[-79.9536118,40.4375936],[-79.9537508,40.4374826]]]}},{"type":"Feature","id":"533711365","properties":{"kind":"building"},"geometry":{"type":"Polygon","coordinates":[[[-79.9533631,40.4370232],[-79.9534477,40.4370732],[-79.9534312,40.4370894],[-79.9535346,40.4371506],[-79.9534707,40.4372131],[-79.953275,40.4370972],[-79.9533027,40.4370701],[-79.953297,40.4370667],[-79.9533269,40.4370374],[-79.9533334,40.4370413],[-79.9533561,40.437019],[-79.9533631,40.4370232]]]}},{"type":"Feature","id":"533711366","properties":{"kind":"building"},"geometry":{"type":"Polygon","coordinates":[[[-79.9533733,40.4371742],[-79.9535007,40.4372497],[-79.95344,40.4373091],[-79.9533125,40.4372337],[-79.9533733,40.4371742]]]}},{"type":"Feature","id":"533711368","properties":{"kind":"building"},"geometry":{"type":"Polygon","coordinates":[[[-79.9536972,40.437078],[-79.9537508,40.4371093],[-79.9537342,40.4371257],[-79.9536269,40.4372322],[-79.9535733,40.4372009],[-79.9536972,40.437078]]]}},{"type":"Feature","id":"533711370","properties":{"kind":"building"},"geometry":{"type":"Polygon","coordinates":[[[-79.954603,40.4369101],[-79.9548544,40.4371081],[-79.9547914,40.4371728],[-79.9547855,40.437168],[-79.9547552,40.4371434],[-79.9545422,40.4369706],[-79.954603,40.4369101]]]}},{"type":"Feature","id":"533711371","properties":{"kind":"building"},"geometry":{"type":"Polygon","coordinates":[[[-79.9529886,40.4369826],[-79.9530439,40.4370276],[-79.9529163,40.4371194],[-79.9528609,40.4370744],[-79.9529886,40.4369826]]]}},{"type":"Feature","id":"533711373","properties":{"kind":"building"},"geometry":{"type":"Polygon","coordinates":[[[-79.9523396,40.437732],[-79.9525167,40.4378348],[-79.9524703,40.4378811],[-79.9522933,40.4377783],[-79.9523396,40.437732]]]}},{"type":"Feature","id":"533711374","properties":{"kind":"building"},"geometry":{"type":"Polygon","coordinates":[[[-79.9517016,40.4376336],[-79.9517664,40.4376495],[-79.9517476,40.4376943],[-79.9516827,40.4376784],[-79.9517016,40.4376336]]]}},{"type":"Feature","id":"533711375","properties":{"kind":"building"},"geometry":{"type":"Polygon","coordinates":[[[-79.9537342,40.4371257],[-79.9537406,40.4371296],[-79.9537553,40.4371152],[-79.9538182,40.4371526],[-79.9538053,40.4371652],[-79.9538097,40.4371677],[-79.9537245,40.4372508],[-79.9537033,40.4372382],[-79.9536596,40.4372808],[-79.9536083,40.4372504],[-79.9536269,40.4372322],[-79.9537342,40.4371257]]]}},{"type":"Feature","id":"533711376","properties":{"kind":"building"},"geometry":{"type":"Polygon","coordinates":[[[-79.9513929,40.4372453],[-79.9514671,40.4372627],[-79.9514028,40.4374208],[-79.951347,40.4374076],[-79.9513678,40.4373564],[-79.9513494,40.437352],[-79.9513929,40.4372453]]]}},{"type":"Feature","id":"533711377","properties":{"kind":"building"},"geometry":{"type":"Polygon","coordinates":[[[-79.9530323,40.4377894],[-79.953093,40.4378344],[-79.9530422,40.4378742],[-79.9529814,40.4378292],[-79.9530323,40.4377894]]]}},{"type":"Feature","id":"533711391","properties":{"kind":"building"},"geometry":{"type":"Polygon","coordinates":[[[-79.9534356,40.438209],[-79.9535915,40.4382993],[-79.9535354,40.4383554],[-79.953466,40.4383152],[-79.9534589,40.4383224],[-79.9533986,40.4382874],[-79.9534155,40.4382706],[-79.9533893,40.4382554],[-79.9534356,40.438209]]]}},{"type":"Feature","id":"533711394","properties":{"kind":"building"},"geometry":{"type":"Polygon","coordinates":[[[-79.9525462,40.437094],[-79.9527221,40.4372357],[-79.9526209,40.4373085],[-79.9524811,40.437196],[-79.9525155,40.4371003],[-79.9525462,40.437094]]]}},{"type":"Feature","id":"533711397","properties":{"kind":"building"},"geometry":{"type":"Polygon","coordinates":[[[-79.9529322,40.4369368],[-79.952985,40.4369798],[-79.9528638,40.4370669],[-79.952811,40.437024],[-79.9529322,40.4369368]]]}},{"type":"Feature","id":"533711401","properties":{"kind":"building"},"geometry":{"type":"Polygon","coordinates":[[[-79.9517636,40.4377902],[-79.9519471,40.4378354],[-79.9519355,40.4378629],[-79.9519696,40.4378713],[-79.9519498,40.437918],[-79.9519251,40.4379119],[-79.9519114,40.4379441],[-79.9517186,40.4378965],[-79.9517636,40.4377902]]]}},{"type":"Feature","id":"533711402","properties":{"kind":"building"},"geometry":{"type":"Polygon","coordinates":[[[-79.9513233,40.4374278],[-79.951395,40.4374455],[-79.9513732,40.4374965],[-79.9513015,40.4374787],[-79.9513233,40.4374278]]]}},{"type":"Feature","id":"533711403","properties":{"kind":"building"},"geometry":{"type":"Polygon","coordinates":[[[-79.9527023,40.4376749],[-79.9527581,40.4377071],[-79.952675,40.4377911],[-79.9526192,40.437759],[-79.9527023,40.4376749]]]}},{"type":"Feature","id":"533711404","properties":{"kind":"building"},"geometry":{"type":"Polygon","coordinates":[[[-79.9549653,40.4370061],[-79.9549092,40.4369612],[-79.9550424,40.436863],[-79.9550843,40.4368886],[-79.9549653,40.4370061]]]}},{"type":"Feature","id":"533711405","properties":{"kind":"building"},"geometry":{"type":"Polygon","coordinates":[[[-79.9539048,40.4377078],[-79.9539491,40.4377332],[-79.9539208,40.4377617],[-79.9539327,40.4377685],[-79.9538349,40.4378668],[-79.9537788,40.4378345],[-79.9539048,40.4377078]]]}},{"type":"Feature","id":"533711406","properties":{"kind":"building"},"geometry":{"type":"Polygon","coordinates":[[[-79.9546481,40.4370722],[-79.9547454,40.4371505],[-79.9547117,40.4371748],[-79.9546906,40.43719],[-79.9545661,40.4370899],[-79.9546104,40.437058],[-79.9546375,40.4370798],[-79.9546481,40.4370722]]]}},{"type":"Feature","id":"533711407","properties":{"kind":"building"},"geometry":{"type":"Polygon","coordinates":[[[-79.9507611,40.4370897],[-79.9508329,40.4371078],[-79.9507672,40.4372592],[-79.9506953,40.4372412],[-79.9507611,40.4370897]]]}},{"type":"Feature","id":"533711408","properties":{"kind":"building"},"geometry":{"type":"Polygon","coordinates":[[[-79.9516101,40.4374674],[-79.9515576,40.4374551],[-79.9515771,40.437407],[-79.9515543,40.4374017],[-79.9515969,40.4372965],[-79.9516722,40.4373141],[-79.9516101,40.4374674]]]}},{"type":"Feature","id":"533711409","properties":{"kind":"building"},"geometry":{"type":"Polygon","coordinates":[[[-79.953979,40.4377777],[-79.9540587,40.4378245],[-79.9540247,40.437858],[-79.9540311,40.4378618],[-79.9540296,40.437879],[-79.9540164,40.4378916],[-79.9539972,40.4378961],[-79.9539899,40.4378918],[-79.9539726,40.437909],[-79.9539535,40.4378977],[-79.9538884,40.4379619],[-79.9538282,40.4379265],[-79.953979,40.4377777]]]}},{"type":"Feature","id":"533711411","properties":{"kind":"building"},"geometry":{"type":"Polygon","coordinates":[[[-79.9504611,40.4383392],[-79.9504807,40.4383732],[-79.9504905,40.4383699],[-79.9505,40.4383865],[-79.9503613,40.4384325],[-79.950331,40.4383798],[-79.950418,40.4383509],[-79.9504086,40.4383345],[-79.9504375,40.4383249],[-79.9504482,40.4383435],[-79.9504611,40.4383392]]]}},{"type":"Feature","id":"533711416","properties":{"kind":"building"},"geometry":{"type":"Polygon","coordinates":[[[-79.9506606,40.4389668],[-79.9506862,40.4390116],[-79.9505441,40.4390586],[-79.9505157,40.4390089],[-79.9506277,40.4389718],[-79.9506305,40.4389767],[-79.9506606,40.4389668]]]}},{"type":"Feature","id":"533711418","properties":{"kind":"building"},"geometry":{"type":"Polygon","coordinates":[[[-79.9511485,40.4391699],[-79.9511721,40.4392098],[-79.951075,40.4392431],[-79.9510424,40.4391881],[-79.9510952,40.4391699],[-79.9511042,40.4391851],[-79.9511485,40.4391699]]]}},{"type":"Feature","id":"533711420","properties":{"kind":"building"},"geometry":{"type":"Polygon","coordinates":[[[-79.9519594,40.439184],[-79.9520478,40.4392356],[-79.951918,40.4393643],[-79.9518296,40.4393128],[-79.9519594,40.439184]]]}},{"type":"Feature","id":"533711421","properties":{"kind":"building"},"geometry":{"type":"Polygon","coordinates":[[[-79.9508348,40.4392689],[-79.9508583,40.4393102],[-79.9507184,40.4393566],[-79.9506949,40.4393153],[-79.9508348,40.4392689]]]}},{"type":"Feature","id":"533711422","properties":{"kind":"building"},"geometry":{"type":"Polygon","coordinates":[[[-79.952452,40.4384692],[-79.9526046,40.4385595],[-79.9525414,40.4386214],[-79.9525122,40.4386041],[-79.9522822,40.438829],[-79.9522996,40.4388393],[-79.9522409,40.4388968],[-79.9521994,40.4388722],[-79.9521673,40.4389036],[-79.9520955,40.4388611],[-79.9521267,40.4388306],[-79.9521046,40.4388176],[-79.9521576,40.4387657],[-79.9521518,40.4387638],[-79.952319,40.4386001],[-79.9522853,40.4385801],[-79.9524074,40.4384607],[-79.9524406,40.4384803],[-79.952452,40.4384692]]]}},{"type":"Feature","id":"533711423","properties":{"kind":"building"},"geometry":{"type":"Polygon","coordinates":[[[-79.9509697,40.4389218],[-79.9510018,40.4389753],[-79.950764,40.4390578],[-79.950742,40.4390209],[-79.9508694,40.4389768],[-79.9508594,40.43896],[-79.9509697,40.4389218]]]}},{"type":"Feature","id":"533711424","properties":{"kind":"building"},"geometry":{"type":"Polygon","coordinates":[[[-79.9509184,40.4388582],[-79.9509409,40.4388991],[-79.9507591,40.4389571],[-79.9507366,40.4389162],[-79.9509184,40.4388582]]]}},{"type":"Feature","id":"533711425","properties":{"kind":"building"},"geometry":{"type":"Polygon","coordinates":[[[-79.9521864,40.4393332],[-79.9522347,40.4393599],[-79.9522471,40.4393469],[-79.9522745,40.4393621],[-79.95226,40.4393773],[-79.9522621,40.4393784],[-79.9521642,40.4394809],[-79.9520863,40.4394378],[-79.9521864,40.4393332]]]}},{"type":"Feature","id":"533711426","properties":{"kind":"building"},"geometry":{"type":"Polygon","coordinates":[[[-79.950742,40.4391471],[-79.9507694,40.439197],[-79.9506337,40.4392401],[-79.9506063,40.4391902],[-79.950742,40.4391471]]]}},{"type":"Feature","id":"533711427","properties":{"kind":"building"},"geometry":{"type":"Polygon","coordinates":[[[-79.9512786,40.4391841],[-79.9513086,40.4392367],[-79.951292,40.4392422],[-79.9512571,40.4392537],[-79.9512393,40.4392596],[-79.9512272,40.4392385],[-79.9512093,40.439207],[-79.9512786,40.4391841]]]}},{"type":"Feature","id":"533711428","properties":{"kind":"building"},"geometry":{"type":"Polygon","coordinates":[[[-79.9533848,40.4377951],[-79.9534433,40.4378414],[-79.9533513,40.4379088],[-79.9533365,40.4379078],[-79.9533091,40.4379258],[-79.9533092,40.4379395],[-79.9532429,40.4379881],[-79.9532055,40.4379585],[-79.9532243,40.4379447],[-79.9532033,40.437928],[-79.9533848,40.4377951]]]}},{"type":"Feature","id":"533711429","properties":{"kind":"building"},"geometry":{"type":"Polygon","coordinates":[[[-79.9522772,40.4394147],[-79.9523209,40.4394395],[-79.9522431,40.4395189],[-79.9522302,40.4395115],[-79.9522138,40.4395283],[-79.9521539,40.4394942],[-79.9522575,40.4393886],[-79.952272,40.4393969],[-79.952283,40.4393856],[-79.9522976,40.4393939],[-79.9522772,40.4394147]]]}},{"type":"Feature","id":"533711430","properties":{"kind":"building"},"geometry":{"type":"Polygon","coordinates":[[[-79.9517352,40.4379254],[-79.9519054,40.4379669],[-79.9518886,40.4380071],[-79.951909,40.4380121],[-79.9518965,40.4380418],[-79.9518769,40.4380371],[-79.9518596,40.4380784],[-79.9516869,40.4380362],[-79.9516953,40.4380162],[-79.9516309,40.4380005],[-79.9516601,40.437931],[-79.9517261,40.4379471],[-79.9517352,40.4379254]]]}},{"type":"Feature","id":"533711431","properties":{"kind":"building"},"geometry":{"type":"Polygon","coordinates":[[[-79.9526953,40.4386797],[-79.9528062,40.4387451],[-79.9527836,40.4387673],[-79.9528069,40.438781],[-79.9528278,40.4387606],[-79.9529128,40.4388108],[-79.9529937,40.4387316],[-79.9530638,40.4387731],[-79.9529775,40.4388576],[-79.9530076,40.4388754],[-79.9529353,40.4389464],[-79.9529091,40.4389309],[-79.9528609,40.4389782],[-79.9528484,40.4389709],[-79.9527968,40.4390217],[-79.9528123,40.4390308],[-79.952616,40.4392242],[-79.9526352,40.4392355],[-79.9525728,40.439297],[-79.9524882,40.4392473],[-79.9524765,40.4392588],[-79.9524537,40.4392454],[-79.9524642,40.4392351],[-79.9524159,40.4392068],[-79.9524352,40.4391877],[-79.9524084,40.439172],[-79.9523953,40.439185],[-79.9523196,40.4391406],[-79.9523831,40.439078],[-79.9524575,40.4391216],[-79.9525854,40.4389954],[-79.9525556,40.4389778],[-79.9526193,40.438915],[-79.952643,40.438929],[-79.9527463,40.4388273],[-79.9527181,40.4388107],[-79.9526933,40.4388351],[-79.952585,40.4387712],[-79.9526327,40.4387244],[-79.9526433,40.4387307],[-79.9526953,40.4386797]]]}},{"type":"Feature","id":"533711432","properties":{"kind":"building"},"geometry":{"type":"Polygon","coordinates":[[[-79.951292,40.4392422],[-79.9513086,40.4392367],[-79.9513291,40.4392304],[-79.951418,40.4392513],[-79.9513591,40.4393004],[-79.9513289,40.4393099],[-79.951292,40.4392422]]]}},{"type":"Feature","id":"533711433","properties":{"kind":"building"},"geometry":{"type":"Polygon","coordinates":[[[-79.9517567,40.4389991],[-79.9518529,40.4390535],[-79.9518705,40.4390635],[-79.951828,40.4391072],[-79.9517332,40.4390537],[-79.9517141,40.4390429],[-79.9517567,40.4389991]]]}},{"type":"Feature","id":"533711434","properties":{"kind":"building"},"geometry":{"type":"Polygon","coordinates":[[[-79.9502448,40.438255],[-79.9502826,40.4383168],[-79.9501541,40.4383624],[-79.9501225,40.4383109],[-79.9502303,40.4382727],[-79.9502239,40.4382624],[-79.9502448,40.438255]]]}},{"type":"Feature","id":"533711435","properties":{"kind":"building"},"geometry":{"type":"Polygon","coordinates":[[[-79.953494,40.4381489],[-79.9536331,40.4382348],[-79.9536189,40.438248],[-79.9536219,40.4382585],[-79.9536035,40.4382783],[-79.9535851,40.4382795],[-79.9534936,40.438223],[-79.9535059,40.4382114],[-79.9534586,40.4381821],[-79.953494,40.4381489]]]}},{"type":"Feature","id":"533711436","properties":{"kind":"building"},"geometry":{"type":"Polygon","coordinates":[[[-79.9532307,40.4382694],[-79.9531966,40.4383024],[-79.9531112,40.4382514],[-79.9531145,40.4382482],[-79.9530996,40.4382394],[-79.9531305,40.4382095],[-79.9532307,40.4382694]]]}},{"type":"Feature","id":"533711437","properties":{"kind":"building"},"geometry":{"type":"Polygon","coordinates":[[[-79.9517608,40.437457],[-79.9518096,40.4373437],[-79.9518845,40.4373624],[-79.9518357,40.4374757],[-79.9517608,40.437457]]]}},{"type":"Feature","id":"533711438","properties":{"kind":"building"},"geometry":{"type":"Polygon","coordinates":[[[-79.9537602,40.4374594],[-79.9537082,40.4374999],[-79.9535832,40.4374069],[-79.9536352,40.4373664],[-79.9537602,40.4374594]]]}},{"type":"Feature","id":"533711439","properties":{"kind":"building"},"geometry":{"type":"Polygon","coordinates":[[[-79.9542662,40.4374391],[-79.9542949,40.4374624],[-79.9542987,40.4374597],[-79.9543405,40.4374937],[-79.9543365,40.4374965],[-79.9543521,40.4375093],[-79.9543468,40.437513],[-79.9543527,40.4375179],[-79.9542051,40.4376226],[-79.9542015,40.4376196],[-79.9541966,40.4376231],[-79.9541799,40.4376096],[-79.9541751,40.437613],[-79.9541308,40.437577],[-79.9541347,40.4375742],[-79.9541076,40.4375523],[-79.9542662,40.4374391]]]}},{"type":"Feature","id":"533711440","properties":{"kind":"building"},"geometry":{"type":"Polygon","coordinates":[[[-79.9520183,40.4375876],[-79.9520916,40.4376055],[-79.9520671,40.4376638],[-79.9519937,40.4376459],[-79.9520183,40.4375876]]]}},{"type":"Feature","id":"533711441","properties":{"kind":"building"},"geometry":{"type":"Polygon","coordinates":[[[-79.9521198,40.4375133],[-79.9521084,40.4375106],[-79.9520743,40.4375922],[-79.9520119,40.4375771],[-79.9520805,40.4374125],[-79.9521544,40.4374303],[-79.9521198,40.4375133]]]}},{"type":"Feature","id":"533711442","properties":{"kind":"building"},"geometry":{"type":"Polygon","coordinates":[[[-79.9534894,40.437446],[-79.9535418,40.4373945],[-79.9535766,40.437415],[-79.9534331,40.437556],[-79.9533879,40.4375294],[-79.9534791,40.4374399],[-79.9534894,40.437446]]]}},{"type":"Feature","id":"533711443","properties":{"kind":"building"},"geometry":{"type":"Polygon","coordinates":[[[-79.9542559,40.4374059],[-79.9543127,40.4373652],[-79.9544463,40.4374732],[-79.9543895,40.4375139],[-79.9542559,40.4374059]]]}},{"type":"Feature","id":"533711444","properties":{"kind":"building"},"geometry":{"type":"Polygon","coordinates":[[[-79.9520134,40.4374877],[-79.9519997,40.4374842],[-79.9519635,40.4375669],[-79.9519063,40.4375523],[-79.9519787,40.437387],[-79.9520496,40.437405],[-79.9520134,40.4374877]]]}},{"type":"Feature","id":"533711445","properties":{"kind":"building"},"geometry":{"type":"Polygon","coordinates":[[[-79.9533547,40.4374987],[-79.9532888,40.4374596],[-79.9533897,40.4373612],[-79.9534553,40.4374002],[-79.9533547,40.4374987]]]}},{"type":"Feature","id":"533711446","properties":{"kind":"building"},"geometry":{"type":"Polygon","coordinates":[[[-79.9526496,40.4374356],[-79.952792,40.4373341],[-79.9529723,40.4374806],[-79.9528299,40.4375821],[-79.9526496,40.4374356]]]}},{"type":"Feature","id":"533711448","properties":{"kind":"building"},"geometry":{"type":"Polygon","coordinates":[[[-79.951512,40.4374608],[-79.951605,40.4374847],[-79.9515818,40.4375373],[-79.9514887,40.4375134],[-79.951512,40.4374608]]]}},{"type":"Feature","id":"533711449","properties":{"kind":"building"},"geometry":{"type":"Polygon","coordinates":[[[-79.9542977,40.4373359],[-79.9543541,40.4372957],[-79.9545157,40.4374274],[-79.9544663,40.4374626],[-79.9543807,40.4373928],[-79.9543737,40.4373978],[-79.9542977,40.4373359]]]}},{"type":"Feature","id":"533711450","properties":{"kind":"building"},"geometry":{"type":"Polygon","coordinates":[[[-79.9516835,40.4374343],[-79.9516549,40.4374272],[-79.9517007,40.437321],[-79.9517788,40.4373405],[-79.9517124,40.4374946],[-79.9516629,40.4374822],[-79.9516835,40.4374343]]]}},{"type":"Feature","id":"533711451","properties":{"kind":"building"},"geometry":{"type":"Polygon","coordinates":[[[-79.9525574,40.4374493],[-79.9524894,40.4375169],[-79.952371,40.4374478],[-79.9524391,40.4373802],[-79.9525574,40.4374493]]]}},{"type":"Feature","id":"533711452","properties":{"kind":"building"},"geometry":{"type":"Polygon","coordinates":[[[-79.9509102,40.4390899],[-79.9509355,40.4391348],[-79.9508384,40.4391665],[-79.9508364,40.4391629],[-79.9508132,40.4391705],[-79.950792,40.439133],[-79.9508166,40.439125],[-79.9508144,40.4391212],[-79.9509102,40.4390899]]]}},{"type":"Feature","id":"533711457","properties":{"kind":"building"},"geometry":{"type":"Polygon","coordinates":[[[-79.9506978,40.4390913],[-79.9507278,40.4391474],[-79.950615,40.4391823],[-79.950585,40.4391262],[-79.9506978,40.4390913]]]}},{"type":"Feature","id":"533711458","properties":{"kind":"building"},"geometry":{"type":"Polygon","coordinates":[[[-79.9520771,40.4382511],[-79.9522208,40.4383351],[-79.9522636,40.4383601],[-79.9522552,40.4383684],[-79.9523066,40.4383985],[-79.9522491,40.4384555],[-79.9521964,40.4384247],[-79.952183,40.438438],[-79.9522458,40.4384748],[-79.9521831,40.4385369],[-79.9519674,40.4384108],[-79.95201,40.4383686],[-79.9519904,40.4383571],[-79.9520168,40.4383309],[-79.9520029,40.4383228],[-79.9520486,40.4382776],[-79.9520464,40.438267],[-79.9520618,40.4382514],[-79.9520771,40.4382511]]]}},{"type":"Feature","id":"533711463","properties":{"kind":"building"},"geometry":{"type":"Polygon","coordinates":[[[-79.9503743,40.4382053],[-79.9504132,40.4382718],[-79.950296,40.4383115],[-79.9502689,40.4382652],[-79.950323,40.4382468],[-79.9503112,40.4382267],[-79.9503743,40.4382053]]]}},{"type":"Feature","id":"533711464","properties":{"kind":"building"},"geometry":{"type":"Polygon","coordinates":[[[-79.9516437,40.4383666],[-79.9517324,40.4383884],[-79.9516725,40.4385308],[-79.9515839,40.4385091],[-79.9516437,40.4383666]]]}},{"type":"Feature","id":"533711472","properties":{"kind":"building"},"geometry":{"type":"Polygon","coordinates":[[[-79.9537071,40.4380512],[-79.9537925,40.4381195],[-79.9536371,40.4382262],[-79.9534704,40.4381285],[-79.9534868,40.4381123],[-79.9535117,40.4380882],[-79.9535289,40.4381024],[-79.9535615,40.4380771],[-79.9535965,40.4381051],[-79.9535724,40.4381222],[-79.9535897,40.4381363],[-79.9537071,40.4380512]]]}},{"type":"Feature","id":"533711473","properties":{"kind":"building"},"geometry":{"type":"Polygon","coordinates":[[[-79.9523093,40.439493],[-79.9523821,40.4395346],[-79.9523258,40.4395912],[-79.9522534,40.4395498],[-79.9523093,40.439493]]]}},{"type":"Feature","id":"534164154","properties":{"kind":"building"},"geometry":{"type":"Polygon","coordinates":[[[-79.9481394,40.4391677],[-79.948139,40.4391578],[-79.948175,40.439129],[-79.9481949,40.4391269],[-79.948215,40.4391421],[-79.9482326,40.4391554],[-79.9482326,40.4391702],[-79.9481931,40.4391963],[-79.9481729,40.4391968],[-79.9481394,40.4391677]]]}},{"type":"Feature","id":"535398191","properties":{"kind":"building"},"geometry":{"type":"Polygon","coordinates":[[[-79.96166,40.4382998],[-79.9619601,40.4385398],[-79.9618422,40.4386259],[-79.9615421,40.4383859],[-79.96166,40.4382998]]]}},{"type":"Feature","id":"535398452","properties":{"kind":"building"},"geometry":{"type":"Polygon","coordinates":[[[-79.9606222,40.4376668],[-79.9606733,40.4377065],[-79.9605908,40.4377684],[-79.9605397,40.4377287],[-79.9606222,40.4376668]]]}},{"type":"Feature","id":"535398458","properties":{"kind":"building"},"geometry":{"type":"Polygon","coordinates":[[[-79.9609564,40.4374881],[-79.9610357,40.4375493],[-79.9609432,40.4376187],[-79.9608639,40.4375576],[-79.9609564,40.4374881]]]}},{"type":"Feature","id":"535398469","properties":{"kind":"building"},"geometry":{"type":"Polygon","coordinates":[[[-79.9618441,40.4381541],[-79.9621471,40.438398],[-79.9619735,40.4385239],[-79.9616705,40.43828],[-79.9618441,40.4381541]]]}},{"type":"Feature","id":"535398472","properties":{"kind":"building"},"geometry":{"type":"Polygon","coordinates":[[[-79.961624,40.4377812],[-79.9616784,40.4378214],[-79.9615946,40.4378877],[-79.9615401,40.4378475],[-79.961624,40.4377812]]]}},{"type":"Feature","id":"535398521","properties":{"kind":"building"},"geometry":{"type":"Polygon","coordinates":[[[-79.9613341,40.4381624],[-79.9613749,40.4381944],[-79.9613877,40.4382044],[-79.9612981,40.4382706],[-79.961284,40.4382596],[-79.9612444,40.4382285],[-79.9613341,40.4381624]]]}},{"type":"Feature","id":"535398524","properties":{"kind":"building"},"geometry":{"type":"Polygon","coordinates":[[[-79.9620634,40.4379873],[-79.962375,40.4382414],[-79.9623442,40.4382633],[-79.9623538,40.4382711],[-79.962188,40.4383888],[-79.9620656,40.4382889],[-79.9621194,40.4382507],[-79.9620717,40.4382119],[-79.9620161,40.4382514],[-79.9618651,40.4381282],[-79.9620634,40.4379873]]]}},{"type":"Feature","id":"535446752","properties":{"kind":"building"},"geometry":{"type":"Polygon","coordinates":[[[-79.9604602,40.4417717],[-79.960566,40.4416525],[-79.9606368,40.4416889],[-79.9605305,40.4418073],[-79.9604602,40.4417717]]]}},{"type":"Feature","id":"535446754","properties":{"kind":"building"},"geometry":{"type":"Polygon","coordinates":[[[-79.9622056,40.4392944],[-79.9621633,40.4393258],[-79.9622425,40.439388],[-79.962147,40.4394589],[-79.9621135,40.4394326],[-79.962031,40.439494],[-79.9619368,40.4394199],[-79.9621055,40.4392945],[-79.96212,40.4393059],[-79.9621712,40.4392678],[-79.9622056,40.4392944]]]}},{"type":"Feature","id":"535446756","properties":{"kind":"building"},"geometry":{"type":"Polygon","coordinates":[[[-79.9618552,40.4423018],[-79.9618254,40.4422851],[-79.9617946,40.4422679],[-79.961284,40.4419986],[-79.9612613,40.4419867],[-79.9612359,40.4419747],[-79.961477,40.4417194],[-79.9611209,40.4415404],[-79.9612959,40.4413502],[-79.9613615,40.4412789],[-79.9616929,40.4414509],[-79.9617197,40.4414646],[-79.9617488,40.4414794],[-79.9625484,40.4418944],[-79.962426,40.442026],[-79.9624123,40.4420186],[-79.9623791,40.4420597],[-79.9623974,40.4420679],[-79.9623949,40.4420792],[-79.9623916,40.4420904],[-79.9623877,40.4421015],[-79.9623831,40.4421124],[-79.9623778,40.4421232],[-79.9623718,40.4421337],[-79.9623652,40.442144],[-79.9623579,40.442154],[-79.96235,40.4421638],[-79.9623415,40.4421733],[-79.9623324,40.4421824],[-79.9623235,40.4421914],[-79.9623139,40.4422],[-79.9623037,40.4422081],[-79.962293,40.4422158],[-79.9622817,40.4422231],[-79.9622699,40.4422299],[-79.9622576,40.4422361],[-79.962245,40.4422419],[-79.9622319,40.4422471],[-79.9622319,40.4422498],[-79.9622099,40.4422416],[-79.9621812,40.4422724],[-79.9622068,40.4422862],[-79.9620809,40.4424206],[-79.9618552,40.4423018]]]}},{"type":"Feature","id":"535446758","properties":{"kind":"building"},"geometry":{"type":"Polygon","coordinates":[[[-79.9613312,40.4427657],[-79.9615194,40.4425667],[-79.9613545,40.4424776],[-79.9614985,40.4423231],[-79.9616542,40.4424078],[-79.9616719,40.4423901],[-79.9617035,40.4424059],[-79.9617331,40.4424195],[-79.9619619,40.4425414],[-79.9609703,40.4435275],[-79.9607046,40.4433956],[-79.9613312,40.4427657]]]}},{"type":"Feature","id":"535446759","properties":{"kind":"building"},"geometry":{"type":"Polygon","coordinates":[[[-79.9593582,40.4416585],[-79.9593061,40.4416958],[-79.9593404,40.4417237],[-79.9592379,40.4417968],[-79.9590135,40.4416148],[-79.9594586,40.441297],[-79.9596781,40.4414751],[-79.95957,40.4415523],[-79.9595405,40.4415284],[-79.9593582,40.4416585]]]}},{"type":"Feature","id":"535446760","properties":{"kind":"building"},"geometry":{"type":"Polygon","coordinates":[[[-79.9605305,40.4418073],[-79.9604902,40.4418522],[-79.9604457,40.4418309],[-79.9604277,40.4418504],[-79.9603821,40.4418274],[-79.9603971,40.4418115],[-79.9602559,40.4417424],[-79.9603063,40.441692],[-79.9604602,40.4417717],[-79.9605305,40.4418073]]]}},{"type":"Feature","id":"535446979","properties":{"kind":"building"},"geometry":{"type":"Polygon","coordinates":[[[-79.9601237,40.4407486],[-79.9602022,40.4407994],[-79.9602832,40.4407462],[-79.9603134,40.4407697],[-79.9603393,40.440741],[-79.9605167,40.4408381],[-79.9605003,40.4408552],[-79.9605416,40.4408741],[-79.9605132,40.4409037],[-79.9605259,40.440914],[-79.9603726,40.4410884],[-79.9599931,40.4413662],[-79.9598922,40.4413159],[-79.9599142,40.4413055],[-79.9596574,40.4411761],[-79.9596732,40.441158],[-79.9596387,40.4411376],[-79.9597433,40.4410184],[-79.9601237,40.4407486]]]}},{"type":"Feature","id":"535864396","properties":{"kind":"building"},"geometry":{"type":"Polygon","coordinates":[[[-79.9595883,40.4472156],[-79.9596709,40.4472359],[-79.9595336,40.447502],[-79.9594684,40.447486],[-79.9594458,40.4475391],[-79.9594133,40.4475311],[-79.9594041,40.4475527],[-79.9592511,40.447515],[-79.9593446,40.4472949],[-79.9592042,40.4472604],[-79.9592656,40.4471158],[-79.9593044,40.4471253],[-79.9593145,40.4471015],[-79.9594789,40.447142],[-79.9594891,40.4471179],[-79.9595062,40.4471221],[-79.9595402,40.447042],[-79.9596204,40.4470617],[-79.9596656,40.4469553],[-79.9595854,40.4469356],[-79.9596206,40.4468527],[-79.9598466,40.4469083],[-79.959812,40.4469897],[-79.959772,40.4469798],[-79.9597259,40.4470882],[-79.959766,40.4470981],[-79.9597313,40.4471798],[-79.9596156,40.4471513],[-79.9595883,40.4472156]]]}},{"type":"Feature","id":"535864397","properties":{"kind":"building"},"geometry":{"type":"Polygon","coordinates":[[[-79.96032,40.4455335],[-79.9601691,40.4456422],[-79.9601591,40.4456342],[-79.9601338,40.4456524],[-79.9601826,40.4456917],[-79.960042,40.445793],[-79.9600282,40.4457819],[-79.9600082,40.4457963],[-79.9599539,40.4457527],[-79.959974,40.4457383],[-79.9599253,40.4456991],[-79.9600659,40.4455978],[-79.9600744,40.4456047],[-79.9600997,40.4455864],[-79.9600491,40.4455458],[-79.9602,40.4454371],[-79.960251,40.4454781],[-79.9602697,40.4454646],[-79.9603294,40.4455126],[-79.9603107,40.4455261],[-79.96032,40.4455335]]]}},{"type":"Feature","id":"535864398","properties":{"kind":"building"},"geometry":{"type":"Polygon","coordinates":[[[-79.9603785,40.4454756],[-79.9603569,40.4454912],[-79.9602991,40.4454447],[-79.9603207,40.4454291],[-79.9602704,40.4453886],[-79.9604185,40.4452819],[-79.9604667,40.4453207],[-79.9604845,40.4453079],[-79.9604773,40.4453022],[-79.9606275,40.445194],[-79.9606843,40.4452396],[-79.9607024,40.4452267],[-79.9607565,40.4452702],[-79.9607385,40.4452832],[-79.9607465,40.4452896],[-79.9605963,40.4453978],[-79.9605463,40.4453576],[-79.9605286,40.4453705],[-79.9605359,40.4453764],[-79.9603878,40.445483],[-79.9603785,40.4454756]]]}},{"type":"Feature","id":"535864399","properties":{"kind":"building"},"geometry":{"type":"Polygon","coordinates":[[[-79.9610321,40.445406],[-79.9608719,40.4453064],[-79.9609462,40.4452371],[-79.9611065,40.4453366],[-79.9610321,40.445406]]]}},{"type":"Feature","id":"535864409","properties":{"kind":"building"},"geometry":{"type":"Polygon","coordinates":[[[-79.9613429,40.4482351],[-79.9614444,40.4482548],[-79.961412,40.4483525],[-79.9613105,40.4483329],[-79.9613429,40.4482351]]]}},{"type":"Feature","id":"535864411","properties":{"kind":"building"},"geometry":{"type":"Polygon","coordinates":[[[-79.961067,40.4481993],[-79.9612091,40.4482257],[-79.9611863,40.4482975],[-79.9611414,40.4482892],[-79.9611329,40.4483162],[-79.9610715,40.4483048],[-79.9610801,40.4482777],[-79.9610442,40.4482711],[-79.961067,40.4481993]]]}},{"type":"Feature","id":"535864412","properties":{"kind":"building"},"geometry":{"type":"Polygon","coordinates":[[[-79.9612428,40.4482171],[-79.9613188,40.4482318],[-79.9612852,40.4483332],[-79.9612092,40.4483185],[-79.9612428,40.4482171]]]}},{"type":"Feature","id":"535864413","properties":{"kind":"building"},"geometry":{"type":"Polygon","coordinates":[[[-79.9615918,40.4482775],[-79.9616711,40.4482929],[-79.9616362,40.4483985],[-79.9615568,40.4483831],[-79.9615918,40.4482775]]]}},{"type":"Feature","id":"535864414","properties":{"kind":"building"},"geometry":{"type":"Polygon","coordinates":[[[-79.9614665,40.4482612],[-79.9615664,40.4482805],[-79.9615328,40.448382],[-79.9614329,40.4483627],[-79.9614665,40.4482612]]]}},{"type":"Feature","id":"535864464","properties":{"kind":"building"},"geometry":{"type":"Polygon","coordinates":[[[-79.959803,40.4475095],[-79.9599905,40.4475393],[-79.9599803,40.4475766],[-79.9599898,40.4475781],[-79.9599772,40.4476244],[-79.9599134,40.4476143],[-79.9599102,40.4476259],[-79.9597564,40.4476014],[-79.9597615,40.4475828],[-79.9597821,40.4475861],[-79.959803,40.4475095]]]}},{"type":"Feature","id":"535864474","properties":{"kind":"building"},"geometry":{"type":"Polygon","coordinates":[[[-79.9601742,40.4475599],[-79.9602487,40.4475712],[-79.9602251,40.4476624],[-79.9601506,40.4476512],[-79.9601742,40.4475599]]]}},{"type":"Feature","id":"535864484","properties":{"kind":"building"},"geometry":{"type":"Polygon","coordinates":[[[-79.9600831,40.4475943],[-79.9601439,40.4476041],[-79.9601236,40.4476777],[-79.9600628,40.4476679],[-79.9600831,40.4475943]]]}},{"type":"Feature","id":"535864485","properties":{"kind":"building"},"geometry":{"type":"Polygon","coordinates":[[[-79.9602098,40.4479987],[-79.9602821,40.4480127],[-79.9602428,40.4481313],[-79.9601705,40.4481173],[-79.9602098,40.4479987]]]}},{"type":"Feature","id":"535864489","properties":{"kind":"building"},"geometry":{"type":"Polygon","coordinates":[[[-79.9598678,40.4479763],[-79.9600067,40.4480023],[-79.9599809,40.4480828],[-79.9599114,40.4480698],[-79.959842,40.4480568],[-79.9598678,40.4479763]]]}},{"type":"Feature","id":"535864492","properties":{"kind":"building"},"geometry":{"type":"Polygon","coordinates":[[[-79.9595214,40.4479308],[-79.9596476,40.4479531],[-79.9596217,40.4480386],[-79.9595515,40.4480262],[-79.9595542,40.4480172],[-79.9594982,40.4480073],[-79.9595214,40.4479308]]]}},{"type":"Feature","id":"535864494","properties":{"kind":"building"},"geometry":{"type":"Polygon","coordinates":[[[-79.9603778,40.4479555],[-79.9604473,40.4479689],[-79.9604348,40.4480067],[-79.9603653,40.4479932],[-79.9603778,40.4479555]]]}},{"type":"Feature","id":"535864495","properties":{"kind":"building"},"geometry":{"type":"Polygon","coordinates":[[[-79.9602241,40.4479189],[-79.960333,40.4479399],[-79.9603197,40.4479799],[-79.9602108,40.4479588],[-79.9602241,40.4479189]]]}},{"type":"Feature","id":"535864498","properties":{"kind":"building"},"geometry":{"type":"Polygon","coordinates":[[[-79.9612748,40.447905],[-79.9613768,40.4479213],[-79.9613615,40.4479773],[-79.9612595,40.4479611],[-79.9612748,40.447905]]]}},{"type":"Feature","id":"535864500","properties":{"kind":"building"},"geometry":{"type":"Polygon","coordinates":[[[-79.9600359,40.4479907],[-79.9601725,40.4480171],[-79.9601408,40.4481129],[-79.9600041,40.4480865],[-79.9600359,40.4479907]]]}},{"type":"Feature","id":"535864501","properties":{"kind":"building"},"geometry":{"type":"Polygon","coordinates":[[[-79.9603067,40.4480589],[-79.9605954,40.4481103],[-79.960574,40.4481805],[-79.960534,40.4481734],[-79.9605254,40.4482015],[-79.9604624,40.4481902],[-79.9604708,40.4481627],[-79.9603858,40.4481476],[-79.9603782,40.4481724],[-79.9603198,40.448162],[-79.9603282,40.4481343],[-79.960286,40.4481267],[-79.9603067,40.4480589]]]}},{"type":"Feature","id":"535864502","properties":{"kind":"building"},"geometry":{"type":"Polygon","coordinates":[[[-79.9619451,40.4478713],[-79.9620315,40.4478851],[-79.9620143,40.4479477],[-79.961928,40.447934],[-79.9619451,40.4478713]]]}},{"type":"Feature","id":"535864503","properties":{"kind":"building"},"geometry":{"type":"Polygon","coordinates":[[[-79.9604551,40.4478369],[-79.9605196,40.4478472],[-79.9605081,40.4478894],[-79.9604435,40.4478791],[-79.9604551,40.4478369]]]}},{"type":"Feature","id":"535864510","properties":{"kind":"building"},"geometry":{"type":"Polygon","coordinates":[[[-79.9604943,40.4473712],[-79.9604742,40.4474206],[-79.960319,40.4473841],[-79.9603589,40.4472859],[-79.9603848,40.447292],[-79.960429,40.4471829],[-79.9603773,40.4471708],[-79.9603905,40.447138],[-79.9604423,40.4471501],[-79.9604959,40.4470177],[-79.9606653,40.4470574],[-79.96078,40.4467741],[-79.9608251,40.4467847],[-79.9608799,40.4466492],[-79.9604876,40.4465572],[-79.9605536,40.4463942],[-79.9609054,40.4464768],[-79.9609472,40.4463737],[-79.9619953,40.4466196],[-79.9620672,40.4464421],[-79.9623613,40.4465111],[-79.9622459,40.4467961],[-79.9628397,40.4469354],[-79.9628041,40.4470234],[-79.9627706,40.4470155],[-79.9627465,40.4470751],[-79.9626087,40.4470427],[-79.9625781,40.4471182],[-79.9626717,40.4471402],[-79.9625812,40.4473636],[-79.9624882,40.4473418],[-79.9624215,40.4475066],[-79.9616976,40.4473368],[-79.9616447,40.4474677],[-79.9614734,40.4474275],[-79.9615644,40.4472029],[-79.9613597,40.4471548],[-79.9612709,40.4473739],[-79.9610531,40.4473228],[-79.9609867,40.4474867],[-79.9604943,40.4473712]]]}},{"type":"Feature","id":"535864513","properties":{"kind":"building"},"geometry":{"type":"Polygon","coordinates":[[[-79.9616642,40.4478204],[-79.9617474,40.4478336],[-79.9617195,40.4479358],[-79.9616363,40.4479226],[-79.9616642,40.4478204]]]}},{"type":"Feature","id":"535864518","properties":{"kind":"building"},"geometry":{"type":"Polygon","coordinates":[[[-79.9610308,40.4477016],[-79.961092,40.4477114],[-79.9610668,40.4478038],[-79.9610056,40.4477941],[-79.9610308,40.4477016]]]}},{"type":"Feature","id":"535864520","properties":{"kind":"building"},"geometry":{"type":"Polygon","coordinates":[[[-79.9613323,40.4477602],[-79.961635,40.4478074],[-79.961615,40.4478819],[-79.9615542,40.4478724],[-79.9613124,40.4478347],[-79.9613323,40.4477602]]]}},{"type":"Feature","id":"535864521","properties":{"kind":"building"},"geometry":{"type":"Polygon","coordinates":[[[-79.9618057,40.4478483],[-79.9618835,40.4478607],[-79.9618676,40.4479191],[-79.9617898,40.4479067],[-79.9618057,40.4478483]]]}},{"type":"Feature","id":"535864530","properties":{"kind":"building"},"geometry":{"type":"Polygon","coordinates":[[[-79.9608567,40.4476754],[-79.9609327,40.4476875],[-79.9609095,40.4477725],[-79.9608335,40.4477604],[-79.9608567,40.4476754]]]}},{"type":"Feature","id":"535864531","properties":{"kind":"building"},"geometry":{"type":"Polygon","coordinates":[[[-79.9611008,40.447716],[-79.9611961,40.447731],[-79.9612922,40.4477462],[-79.9612668,40.4478402],[-79.9610754,40.4478101],[-79.9611008,40.447716]]]}},{"type":"Feature","id":"535864534","properties":{"kind":"building"},"geometry":{"type":"Polygon","coordinates":[[[-79.9601925,40.447795],[-79.9602255,40.4478003],[-79.9602151,40.4478382],[-79.9601822,40.447833],[-79.9601925,40.447795]]]}},{"type":"Feature","id":"535864536","properties":{"kind":"building"},"geometry":{"type":"Polygon","coordinates":[[[-79.9597299,40.447631],[-79.9598458,40.4476495],[-79.9598198,40.4477446],[-79.9597039,40.4477261],[-79.9597299,40.447631]]]}},{"type":"Feature","id":"535864537","properties":{"kind":"building"},"geometry":{"type":"Polygon","coordinates":[[[-79.9605099,40.4476194],[-79.9605882,40.4476315],[-79.9605566,40.447751],[-79.9604782,40.4477389],[-79.9605099,40.4476194]]]}},{"type":"Feature","id":"535864538","properties":{"kind":"building"},"geometry":{"type":"Polygon","coordinates":[[[-79.9619938,40.4474537],[-79.9624381,40.44756],[-79.9624252,40.4475915],[-79.9624669,40.4476014],[-79.9624137,40.4477313],[-79.9619935,40.4476308],[-79.9619683,40.4476923],[-79.9619024,40.4476765],[-79.9619938,40.4474537]]]}},{"type":"Feature","id":"535864539","properties":{"kind":"building"},"geometry":{"type":"Polygon","coordinates":[[[-79.9606108,40.4476348],[-79.9606718,40.4476445],[-79.9606489,40.4477286],[-79.9605878,40.4477189],[-79.9606108,40.4476348]]]}},{"type":"Feature","id":"535864540","properties":{"kind":"building"},"geometry":{"type":"Polygon","coordinates":[[[-79.9619494,40.4483529],[-79.9620243,40.4483674],[-79.9619925,40.4484635],[-79.9619176,40.448449],[-79.9619494,40.4483529]]]}},{"type":"Feature","id":"535864541","properties":{"kind":"building"},"geometry":{"type":"Polygon","coordinates":[[[-79.9602596,40.4475771],[-79.9603078,40.4475852],[-79.9603022,40.4476048],[-79.9603175,40.4476074],[-79.9602983,40.4476738],[-79.9602844,40.4476714],[-79.9602738,40.447708],[-79.9602242,40.4476996],[-79.9602596,40.4475771]]]}},{"type":"Feature","id":"535864542","properties":{"kind":"building"},"geometry":{"type":"Polygon","coordinates":[[[-79.9617003,40.4483082],[-79.961797,40.4483269],[-79.9617647,40.4484242],[-79.9616681,40.4484055],[-79.9617003,40.4483082]]]}},{"type":"Feature","id":"535864544","properties":{"kind":"building"},"geometry":{"type":"Polygon","coordinates":[[[-79.9607765,40.4476635],[-79.9608335,40.4476726],[-79.9608104,40.4477571],[-79.9607534,40.447748],[-79.9607765,40.4476635]]]}},{"type":"Feature","id":"535864545","properties":{"kind":"building"},"geometry":{"type":"Polygon","coordinates":[[[-79.9606845,40.4476457],[-79.96076,40.4476577],[-79.9607356,40.4477472],[-79.9606601,40.4477352],[-79.9606845,40.4476457]]]}},{"type":"Feature","id":"535864548","properties":{"kind":"building"},"geometry":{"type":"Polygon","coordinates":[[[-79.9603599,40.4475952],[-79.9604197,40.4476048],[-79.9603832,40.4477384],[-79.9603234,40.4477289],[-79.9603599,40.4475952]]]}},{"type":"Feature","id":"535864549","properties":{"kind":"building"},"geometry":{"type":"Polygon","coordinates":[[[-79.9606131,40.4481149],[-79.9610501,40.4481935],[-79.9610277,40.4482661],[-79.9609875,40.4482589],[-79.9609787,40.4482873],[-79.9609214,40.448277],[-79.9609299,40.4482496],[-79.9608342,40.4482324],[-79.9608268,40.4482563],[-79.9607665,40.4482455],[-79.9607743,40.4482199],[-79.9607013,40.4482068],[-79.9606929,40.448234],[-79.9606208,40.448221],[-79.9606297,40.448192],[-79.9605914,40.4481851],[-79.9606131,40.4481149]]]}},{"type":"Feature","id":"535864551","properties":{"kind":"building"},"geometry":{"type":"Polygon","coordinates":[[[-79.9604388,40.4476055],[-79.9605051,40.4476161],[-79.9604802,40.4477073],[-79.9604139,40.4476967],[-79.9604388,40.4476055]]]}},{"type":"Feature","id":"535864552","properties":{"kind":"building"},"geometry":{"type":"Polygon","coordinates":[[[-79.961829,40.4483127],[-79.9619166,40.4483297],[-79.9618761,40.448452],[-79.9617885,40.4484351],[-79.961829,40.4483127]]]}},{"type":"Feature","id":"535864555","properties":{"kind":"building"},"geometry":{"type":"Polygon","coordinates":[[[-79.9615349,40.445671],[-79.9616977,40.4457663],[-79.9616889,40.4457751],[-79.961708,40.4457862],[-79.9617474,40.4457469],[-79.9619151,40.445845],[-79.9618698,40.4458902],[-79.9618871,40.4459003],[-79.9618315,40.4459557],[-79.961811,40.4459437],[-79.9617994,40.4459552],[-79.9616175,40.4458488],[-79.9615959,40.4458703],[-79.9614314,40.4457741],[-79.961442,40.4457636],[-79.9614167,40.4457489],[-79.9614635,40.4457023],[-79.9614887,40.4457171],[-79.9615349,40.445671]]]}},{"type":"Feature","id":"535864556","properties":{"kind":"building"},"geometry":{"type":"Polygon","coordinates":[[[-79.9605536,40.4463942],[-79.9609054,40.4464768],[-79.9609472,40.4463737],[-79.9611868,40.445782],[-79.9611615,40.445776],[-79.9611831,40.4457229],[-79.9607042,40.4456106],[-79.9606827,40.4456637],[-79.9606083,40.4456462],[-79.9605827,40.4457094],[-79.9605147,40.4456935],[-79.9604514,40.4458498],[-79.9604316,40.4458986],[-79.9602835,40.4462641],[-79.9603016,40.4462684],[-79.9602769,40.4463294],[-79.9603805,40.4463537],[-79.9604475,40.4463694],[-79.9605536,40.4463942]]]}},{"type":"Feature","id":"535864557","properties":{"kind":"building"},"geometry":{"type":"Polygon","coordinates":[[[-79.9612467,40.4475676],[-79.9610275,40.4475161],[-79.9610844,40.4473757],[-79.9613037,40.4474272],[-79.9612467,40.4475676]]]}},{"type":"Feature","id":"535897008","properties":{"kind":"building"},"geometry":{"type":"Polygon","coordinates":[[[-79.9553324,40.4433555],[-79.9553852,40.4433983],[-79.9554521,40.4434526],[-79.9555374,40.4435218],[-79.9554592,40.443578],[-79.9552832,40.4434343],[-79.9552296,40.4434726],[-79.955201,40.4434473],[-79.9552538,40.4434069],[-79.9552037,40.4433665],[-79.955236,40.443343],[-79.9552903,40.4433862],[-79.9553324,40.4433555]]]}},{"type":"Feature","id":"535897011","properties":{"kind":"building"},"geometry":{"type":"Polygon","coordinates":[[[-79.9553223,40.4429421],[-79.9553066,40.4429295],[-79.9554178,40.4428487],[-79.9554335,40.4428612],[-79.9553223,40.4429421]]]}},{"type":"Feature","id":"535897012","properties":{"kind":"building"},"geometry":{"type":"Polygon","coordinates":[[[-79.955319,40.4430226],[-79.9553419,40.4430043],[-79.9554755,40.4431116],[-79.9554522,40.4431286],[-79.955319,40.4430226]]]}},{"type":"Feature","id":"535897015","properties":{"kind":"building"},"geometry":{"type":"Polygon","coordinates":[[[-79.9555255,40.4431205],[-79.9556524,40.4430273],[-79.9556731,40.4430441],[-79.9556228,40.4430805],[-79.955606,40.4430926],[-79.9555455,40.4431364],[-79.9555255,40.4431205]]]}},{"type":"Feature","id":"535897017","properties":{"kind":"building"},"geometry":{"type":"Polygon","coordinates":[[[-79.9558572,40.4433843],[-79.955922,40.4433378],[-79.9559833,40.4432938],[-79.9560012,40.4433081],[-79.9558759,40.4433977],[-79.9558572,40.4433843]]]}},{"type":"Feature","id":"535897019","properties":{"kind":"building"},"geometry":{"type":"Polygon","coordinates":[[[-79.9581666,40.4408597],[-79.9582432,40.4408037],[-79.9583522,40.440724],[-79.9585785,40.4409034],[-79.9586354,40.4409485],[-79.9585457,40.4410141],[-79.9584498,40.4410841],[-79.9581666,40.4408597]]]}},{"type":"Feature","id":"535897022","properties":{"kind":"building"},"geometry":{"type":"Polygon","coordinates":[[[-79.956799,40.4410753],[-79.9568417,40.4410442],[-79.9567801,40.4409952],[-79.9568441,40.4409486],[-79.9569422,40.4410267],[-79.9570135,40.4410834],[-79.9569068,40.4411611],[-79.956799,40.4410753]]]}},{"type":"Feature","id":"535897023","properties":{"kind":"building"},"geometry":{"type":"Polygon","coordinates":[[[-79.9556336,40.4424211],[-79.9558829,40.4426255],[-79.9558567,40.442644],[-79.9558316,40.4426617],[-79.9555823,40.4424574],[-79.9556053,40.4424412],[-79.9556336,40.4424211]]]}},{"type":"Feature","id":"535897027","properties":{"kind":"building"},"geometry":{"type":"Polygon","coordinates":[[[-79.9559334,40.4427777],[-79.9558783,40.4428172],[-79.9558467,40.442792],[-79.9558292,40.442778],[-79.9558234,40.4427734],[-79.9557963,40.4427517],[-79.9557775,40.4427366],[-79.9557706,40.4427311],[-79.9557537,40.4427176],[-79.9557995,40.4426849],[-79.9558316,40.4426617],[-79.9558567,40.442644],[-79.9558829,40.4426255],[-79.9559058,40.4426089],[-79.9559656,40.4426577],[-79.9559871,40.4426423],[-79.9560104,40.4426257],[-79.9558521,40.4424964],[-79.9560203,40.4423762],[-79.956147,40.4422841],[-79.956405,40.4424949],[-79.9564541,40.442535],[-79.956503,40.4425749],[-79.9566156,40.4424944],[-79.9566779,40.4424499],[-79.9568922,40.4422967],[-79.9570982,40.4424649],[-79.9571794,40.4425312],[-79.9571969,40.4425455],[-79.9569213,40.4427425],[-79.9569074,40.4427312],[-79.9567966,40.4428104],[-79.9565779,40.4429667],[-79.9565662,40.4429571],[-79.9564865,40.4430141],[-79.9564222,40.4430594],[-79.9563478,40.4431133],[-79.9562762,40.4430555],[-79.9560749,40.4428921],[-79.9560287,40.4428546],[-79.9559759,40.442812],[-79.9559334,40.4427777]]]}},{"type":"Feature","id":"535897030","properties":{"kind":"building"},"geometry":{"type":"Polygon","coordinates":[[[-79.9606001,40.4388422],[-79.9604528,40.4387211],[-79.960719,40.4385294],[-79.9608708,40.4386421],[-79.9606001,40.4388422]]]}},{"type":"Feature","id":"535897033","properties":{"kind":"building"},"geometry":{"type":"Polygon","coordinates":[[[-79.9541314,40.4385799],[-79.9540891,40.4385466],[-79.9541819,40.4384785],[-79.9542242,40.4385119],[-79.9541314,40.4385799]]]}},{"type":"Feature","id":"535897035","properties":{"kind":"building"},"geometry":{"type":"Polygon","coordinates":[[[-79.9580535,40.4378303],[-79.9581821,40.4379348],[-79.9581065,40.4379886],[-79.9580935,40.4379781],[-79.9580727,40.4379928],[-79.9580825,40.4380008],[-79.9580097,40.4380527],[-79.9579074,40.4379695],[-79.95797,40.4379249],[-79.957987,40.4379386],[-79.9580319,40.4379066],[-79.9580092,40.4378882],[-79.9580262,40.4378761],[-79.9580089,40.437862],[-79.9580535,40.4378303]]]}},{"type":"Feature","id":"535897041","properties":{"kind":"building"},"geometry":{"type":"Polygon","coordinates":[[[-79.9603893,40.4379167],[-79.9604813,40.43799],[-79.960392,40.4380548],[-79.9603001,40.4379815],[-79.9603893,40.4379167]]]}},{"type":"Feature","id":"535897044","properties":{"kind":"building"},"geometry":{"type":"Polygon","coordinates":[[[-79.9573205,40.4383542],[-79.957449,40.4384578],[-79.9574162,40.4384814],[-79.9574216,40.4384858],[-79.9573127,40.4385642],[-79.9573074,40.4385599],[-79.9572719,40.4385854],[-79.9572371,40.4385574],[-79.9572253,40.4385658],[-79.9572573,40.4385916],[-79.95722,40.4386184],[-79.9572257,40.438623],[-79.957123,40.4386968],[-79.9571192,40.4386937],[-79.9570821,40.4387203],[-79.9569525,40.4386155],[-79.9570241,40.4385643],[-79.9570564,40.4385905],[-79.9570908,40.4385659],[-79.9570586,40.4385397],[-79.9571251,40.4384922],[-79.9571289,40.4384953],[-79.9571544,40.438477],[-79.9571515,40.4384747],[-79.9572141,40.4384297],[-79.9572462,40.4384555],[-79.9572819,40.4384299],[-79.9572504,40.4384045],[-79.9573205,40.4383542]]]}},{"type":"Feature","id":"535897049","properties":{"kind":"building"},"geometry":{"type":"Polygon","coordinates":[[[-79.9548801,40.437939],[-79.9549303,40.4379803],[-79.954796,40.4380749],[-79.9547847,40.4380829],[-79.9547502,40.4380545],[-79.9547868,40.4380287],[-79.9547711,40.4380158],[-79.9548801,40.437939]]]}},{"type":"Feature","id":"535897053","properties":{"kind":"building"},"geometry":{"type":"Polygon","coordinates":[[[-79.9565933,40.4377908],[-79.9566138,40.4377918],[-79.9566285,40.4378043],[-79.9566269,40.4378178],[-79.9566325,40.4378221],[-79.9566647,40.4377983],[-79.9567039,40.4378298],[-79.9566716,40.4378536],[-79.956677,40.4378578],[-79.9566944,40.4378558],[-79.9567083,40.4378671],[-79.9567075,40.4378822],[-79.956634,40.4379355],[-79.9566187,40.4379232],[-79.9564581,40.4380394],[-79.9564407,40.438036],[-79.9564207,40.4380209],[-79.9564209,40.4380097],[-79.956412,40.4380025],[-79.956397,40.438],[-79.9563771,40.4379849],[-79.9563734,40.4379716],[-79.9565323,40.4378565],[-79.9565182,40.4378452],[-79.9565933,40.4377908]]]}},{"type":"Feature","id":"535897056","properties":{"kind":"building"},"geometry":{"type":"Polygon","coordinates":[[[-79.9577137,40.4379273],[-79.957785,40.4379852],[-79.9576313,40.4380948],[-79.95756,40.438037],[-79.9577137,40.4379273]]]}},{"type":"Feature","id":"535897057","properties":{"kind":"building"},"geometry":{"type":"Polygon","coordinates":[[[-79.9608606,40.4382691],[-79.9611042,40.4384676],[-79.9609513,40.4385771],[-79.9607077,40.4383786],[-79.9608606,40.4382691]]]}},{"type":"Feature","id":"535897059","properties":{"kind":"building"},"geometry":{"type":"Polygon","coordinates":[[[-79.9549378,40.438556],[-79.9549774,40.4385881],[-79.9549352,40.4386182],[-79.9549478,40.4386285],[-79.9548335,40.43871],[-79.9547813,40.4386677],[-79.9549378,40.438556]]]}},{"type":"Feature","id":"535897061","properties":{"kind":"building"},"geometry":{"type":"Polygon","coordinates":[[[-79.9543765,40.4386051],[-79.9544151,40.4386354],[-79.9543195,40.4387061],[-79.9543105,40.4386989],[-79.9542705,40.4387285],[-79.9542356,40.4387012],[-79.9543574,40.4386112],[-79.9543627,40.4386153],[-79.9543765,40.4386051]]]}},{"type":"Feature","id":"535897063","properties":{"kind":"building"},"geometry":{"type":"Polygon","coordinates":[[[-79.9559013,40.4379541],[-79.9559494,40.4379927],[-79.9558398,40.4380718],[-79.9557996,40.4381009],[-79.9557515,40.4380624],[-79.9557789,40.4380426],[-79.9557942,40.4380432],[-79.9558238,40.4380227],[-79.9558264,40.4380081],[-79.9559013,40.4379541]]]}},{"type":"Feature","id":"535897065","properties":{"kind":"building"},"geometry":{"type":"Polygon","coordinates":[[[-79.9567029,40.4386047],[-79.956735,40.4386303],[-79.956634,40.4387038],[-79.9566019,40.4386783],[-79.9567029,40.4386047]]]}},{"type":"Feature","id":"535897067","properties":{"kind":"building"},"geometry":{"type":"Polygon","coordinates":[[[-79.9546508,40.4380223],[-79.9546992,40.4380596],[-79.9546413,40.438103],[-79.9545929,40.4380657],[-79.9546508,40.4380223]]]}},{"type":"Feature","id":"535897069","properties":{"kind":"building"},"geometry":{"type":"Polygon","coordinates":[[[-79.9568893,40.4379784],[-79.9567326,40.438088],[-79.9567232,40.4380802],[-79.9567105,40.4380891],[-79.9566906,40.4380725],[-79.956701,40.4380653],[-79.9566963,40.4380614],[-79.9567425,40.4380291],[-79.9567299,40.4380191],[-79.9568415,40.4379401],[-79.9568893,40.4379784]]]}},{"type":"Feature","id":"535897073","properties":{"kind":"building"},"geometry":{"type":"Polygon","coordinates":[[[-79.9592032,40.437908],[-79.9592341,40.4379331],[-79.9592432,40.4379266],[-79.9592663,40.4379454],[-79.9592564,40.4379525],[-79.9592649,40.4379594],[-79.9592742,40.4379527],[-79.9592966,40.437971],[-79.9592867,40.437978],[-79.9593244,40.4380087],[-79.9593236,40.4380219],[-79.9593057,40.4380352],[-79.959291,40.4380342],[-79.9592857,40.4380369],[-79.9592853,40.438048],[-79.9592735,40.4380584],[-79.9592571,40.4380576],[-79.9592124,40.4380899],[-79.959083,40.4379865],[-79.9591618,40.4379295],[-79.9591612,40.4379204],[-79.9591813,40.4379092],[-79.9592032,40.437908]]]}},{"type":"Feature","id":"535897074","properties":{"kind":"building"},"geometry":{"type":"Polygon","coordinates":[[[-79.9547528,40.4388992],[-79.9548073,40.4389427],[-79.9546928,40.4390259],[-79.9546818,40.4390171],[-79.9546376,40.4390493],[-79.9545941,40.4390146],[-79.9547528,40.4388992]]]}},{"type":"Feature","id":"535897076","properties":{"kind":"building"},"geometry":{"type":"Polygon","coordinates":[[[-79.9549955,40.438015],[-79.9550494,40.4380572],[-79.9549603,40.4381231],[-79.9549454,40.4381114],[-79.9549098,40.4381378],[-79.9548708,40.4381072],[-79.9549955,40.438015]]]}},{"type":"Feature","id":"535897080","properties":{"kind":"building"},"geometry":{"type":"Polygon","coordinates":[[[-79.9586158,40.4378467],[-79.9586787,40.4378996],[-79.9586589,40.4379131],[-79.958548,40.4379895],[-79.9584851,40.4379366],[-79.9586158,40.4378467]]]}},{"type":"Feature","id":"535897082","properties":{"kind":"building"},"geometry":{"type":"Polygon","coordinates":[[[-79.955477,40.4379175],[-79.9554927,40.4379303],[-79.9554987,40.437926],[-79.9555388,40.4379583],[-79.9553829,40.4380704],[-79.9553316,40.4380291],[-79.9554398,40.4379513],[-79.9554351,40.4379476],[-79.955477,40.4379175]]]}},{"type":"Feature","id":"535897084","properties":{"kind":"building"},"geometry":{"type":"Polygon","coordinates":[[[-79.9559494,40.4379927],[-79.9560022,40.4380357],[-79.9559934,40.438042],[-79.9558921,40.4381143],[-79.9558398,40.4380718],[-79.9559494,40.4379927]]]}},{"type":"Feature","id":"535897086","properties":{"kind":"building"},"geometry":{"type":"Polygon","coordinates":[[[-79.9602937,40.4378342],[-79.9603822,40.4379045],[-79.9602895,40.4379722],[-79.9602009,40.4379019],[-79.9602937,40.4378342]]]}},{"type":"Feature","id":"535897088","properties":{"kind":"building"},"geometry":{"type":"Polygon","coordinates":[[[-79.9584412,40.4379783],[-79.9584945,40.4380238],[-79.9584344,40.4380646],[-79.9583811,40.4380191],[-79.9584412,40.4379783]]]}},{"type":"Feature","id":"535897089","properties":{"kind":"building"},"geometry":{"type":"Polygon","coordinates":[[[-79.9597038,40.4378629],[-79.9597358,40.4378887],[-79.9597134,40.4379046],[-79.9597202,40.4379101],[-79.9596404,40.4379667],[-79.9596014,40.4379355],[-79.9597038,40.4378629]]]}},{"type":"Feature","id":"535897091","properties":{"kind":"building"},"geometry":{"type":"Polygon","coordinates":[[[-79.9556921,40.4385873],[-79.955697,40.4385836],[-79.9557551,40.4386303],[-79.9555943,40.4387462],[-79.9555521,40.4387122],[-79.9556043,40.4386746],[-79.9555887,40.4386621],[-79.9556921,40.4385873]]]}},{"type":"Feature","id":"535897093","properties":{"kind":"building"},"geometry":{"type":"Polygon","coordinates":[[[-79.9549303,40.4379803],[-79.9549807,40.4380211],[-79.9548766,40.4380954],[-79.9548578,40.4380801],[-79.9548283,40.4381011],[-79.954796,40.4380749],[-79.9549303,40.4379803]]]}},{"type":"Feature","id":"535897095","properties":{"kind":"building"},"geometry":{"type":"Polygon","coordinates":[[[-79.9563194,40.4385902],[-79.9563839,40.4386397],[-79.956344,40.4386679],[-79.9563554,40.4386776],[-79.956257,40.4387469],[-79.9561772,40.4386719],[-79.956264,40.438612],[-79.9562747,40.438621],[-79.9563194,40.4385902]]]}},{"type":"Feature","id":"535897097","properties":{"kind":"building"},"geometry":{"type":"Polygon","coordinates":[[[-79.9551371,40.4385853],[-79.9552357,40.4386687],[-79.9551857,40.4387029],[-79.9551344,40.4386595],[-79.9551248,40.4386661],[-79.9550775,40.4386261],[-79.9551371,40.4385853]]]}},{"type":"Feature","id":"535897098","properties":{"kind":"building"},"geometry":{"type":"Polygon","coordinates":[[[-79.9553027,40.4387231],[-79.9553444,40.4387561],[-79.9552921,40.4387936],[-79.9552509,40.438761],[-79.9553027,40.4387231]]]}},{"type":"Feature","id":"535897100","properties":{"kind":"building"},"geometry":{"type":"Polygon","coordinates":[[[-79.9537424,40.4385758],[-79.953796,40.4386187],[-79.9536731,40.4387076],[-79.9536673,40.4387029],[-79.9536491,40.4387033],[-79.9536362,40.4386926],[-79.9536236,40.4386931],[-79.9536031,40.4386766],[-79.9537424,40.4385758]]]}},{"type":"Feature","id":"535897102","properties":{"kind":"building"},"geometry":{"type":"Polygon","coordinates":[[[-79.9556491,40.4385528],[-79.9556921,40.4385873],[-79.9555887,40.4386621],[-79.9555459,40.4386931],[-79.9555028,40.4386586],[-79.9556491,40.4385528]]]}},{"type":"Feature","id":"535897153","properties":{"kind":"building"},"geometry":{"type":"Polygon","coordinates":[[[-79.9550241,40.4386577],[-79.955075,40.4386993],[-79.9549437,40.4387923],[-79.9548932,40.4387511],[-79.9550241,40.4386577]]]}},{"type":"Feature","id":"535897155","properties":{"kind":"building"},"geometry":{"type":"Polygon","coordinates":[[[-79.9562468,40.4385124],[-79.9562684,40.4384972],[-79.9562948,40.4385184],[-79.9562805,40.4385287],[-79.9563078,40.4385507],[-79.9561295,40.4386789],[-79.9560758,40.4386355],[-79.9562468,40.4385124]]]}},{"type":"Feature","id":"535897157","properties":{"kind":"building"},"geometry":{"type":"Polygon","coordinates":[[[-79.9557475,40.4386465],[-79.9557943,40.4386851],[-79.9556587,40.4387805],[-79.955624,40.4387519],[-79.9556659,40.4387225],[-79.9556537,40.4387124],[-79.9557475,40.4386465]]]}},{"type":"Feature","id":"535897159","properties":{"kind":"building"},"geometry":{"type":"Polygon","coordinates":[[[-79.9542655,40.4385095],[-79.9543165,40.4385529],[-79.9541538,40.4386695],[-79.954094,40.4386237],[-79.9541168,40.4386074],[-79.9541265,40.4386153],[-79.9541573,40.4385933],[-79.9541608,40.438584],[-79.9542655,40.4385095]]]}},{"type":"Feature","id":"535897161","properties":{"kind":"building"},"geometry":{"type":"Polygon","coordinates":[[[-79.954836,40.438542],[-79.9548825,40.4385087],[-79.9549266,40.4385443],[-79.9547482,40.4386722],[-79.9547041,40.4386366],[-79.954836,40.438542]]]}},{"type":"Feature","id":"535897163","properties":{"kind":"building"},"geometry":{"type":"Polygon","coordinates":[[[-79.9592747,40.4383875],[-79.959332,40.4384336],[-79.9591971,40.4385308],[-79.9591686,40.4385079],[-79.9591805,40.4384993],[-79.9591516,40.438476],[-79.9591819,40.4384542],[-79.959176,40.4384495],[-79.9592528,40.4383943],[-79.9592587,40.438399],[-79.9592747,40.4383875]]]}},{"type":"Feature","id":"535897167","properties":{"kind":"building"},"geometry":{"type":"Polygon","coordinates":[[[-79.9563334,40.4375327],[-79.9563742,40.4375654],[-79.9562231,40.4376748],[-79.956194,40.4376516],[-79.9562378,40.4376199],[-79.956226,40.4376105],[-79.9563334,40.4375327]]]}},{"type":"Feature","id":"535897173","properties":{"kind":"building"},"geometry":{"type":"Polygon","coordinates":[[[-79.9562997,40.4369937],[-79.9564929,40.4368542],[-79.9565265,40.4368811],[-79.9565039,40.4368973],[-79.9565175,40.4369083],[-79.9563466,40.4370307],[-79.9562997,40.4369937]]]}},{"type":"Feature","id":"535897174","properties":{"kind":"building"},"geometry":{"type":"Polygon","coordinates":[[[-79.9554663,40.4367338],[-79.9556724,40.4369074],[-79.9556216,40.4369424],[-79.9555158,40.4370172],[-79.9554087,40.437094],[-79.9555082,40.4371744],[-79.9553739,40.4372699],[-79.9551219,40.4370676],[-79.955259,40.4369312],[-79.9553521,40.4370037],[-79.955428,40.4369495],[-79.9553284,40.4368686],[-79.9554663,40.4367338]]]}},{"type":"Feature","id":"535897179","properties":{"kind":"building"},"geometry":{"type":"Polygon","coordinates":[[[-79.9554593,40.4372299],[-79.9555497,40.437304],[-79.9554603,40.4373672],[-79.9554102,40.4373262],[-79.9554268,40.4373145],[-79.9553864,40.4372814],[-79.9554593,40.4372299]]]}},{"type":"Feature","id":"535897181","properties":{"kind":"building"},"geometry":{"type":"Polygon","coordinates":[[[-79.9583222,40.4371444],[-79.958347,40.4371644],[-79.9583711,40.437147],[-79.9584092,40.4371778],[-79.958263,40.4372829],[-79.9582409,40.4372651],[-79.9582333,40.4372706],[-79.9581925,40.4372377],[-79.9583222,40.4371444]]]}},{"type":"Feature","id":"535897183","properties":{"kind":"building"},"geometry":{"type":"Polygon","coordinates":[[[-79.9555579,40.437692],[-79.9556122,40.4377373],[-79.9555066,40.4378107],[-79.9554523,40.4377654],[-79.9555579,40.437692]]]}},{"type":"Feature","id":"535897186","properties":{"kind":"building"},"geometry":{"type":"Polygon","coordinates":[[[-79.9568831,40.4370266],[-79.9569819,40.4371068],[-79.9567174,40.4372956],[-79.9566878,40.4372715],[-79.9566705,40.4372838],[-79.9566325,40.4372529],[-79.9566499,40.4372405],[-79.9566188,40.4372152],[-79.9568831,40.4370266]]]}},{"type":"Feature","id":"535897188","properties":{"kind":"building"},"geometry":{"type":"Polygon","coordinates":[[[-79.9593358,40.4380674],[-79.95934,40.4380707],[-79.9593591,40.4380564],[-79.9594181,40.4381022],[-79.9593112,40.4381821],[-79.9592978,40.4381714],[-79.9593062,40.4381651],[-79.9592566,40.4381266],[-79.9593358,40.4380674]]]}},{"type":"Feature","id":"535897189","properties":{"kind":"building"},"geometry":{"type":"Polygon","coordinates":[[[-79.9597945,40.4374347],[-79.9598861,40.4375058],[-79.9597952,40.4375737],[-79.9597036,40.4375026],[-79.9597945,40.4374347]]]}},{"type":"Feature","id":"535897191","properties":{"kind":"building"},"geometry":{"type":"Polygon","coordinates":[[[-79.9581409,40.4369739],[-79.9581624,40.4369914],[-79.9581295,40.4370149],[-79.9581469,40.437029],[-79.9580302,40.4371123],[-79.9579913,40.4370807],[-79.9581409,40.4369739]]]}},{"type":"Feature","id":"535897194","properties":{"kind":"building"},"geometry":{"type":"Polygon","coordinates":[[[-79.955158,40.4376505],[-79.955208,40.4376907],[-79.9550552,40.4378006],[-79.955044,40.4377916],[-79.9550403,40.4377943],[-79.9550014,40.437763],[-79.955158,40.4376505]]]}},{"type":"Feature","id":"535897196","properties":{"kind":"building"},"geometry":{"type":"Polygon","coordinates":[[[-79.9575191,40.4375236],[-79.9575483,40.4375472],[-79.9575339,40.4375575],[-79.9575646,40.4375824],[-79.9575818,40.43757],[-79.9576159,40.4375975],[-79.9574842,40.4376918],[-79.9574649,40.4376762],[-79.9574344,40.437698],[-79.9574521,40.4377123],[-79.9573184,40.4378082],[-79.9572259,40.4377334],[-79.9573609,40.4376367],[-79.9573786,40.437651],[-79.9574112,40.4376276],[-79.9573937,40.4376134],[-79.9575191,40.4375236]]]}},{"type":"Feature","id":"535897201","properties":{"kind":"building"},"geometry":{"type":"Polygon","coordinates":[[[-79.9562108,40.4384834],[-79.9562468,40.4385124],[-79.9560758,40.4386355],[-79.9560265,40.4385958],[-79.9561462,40.4385096],[-79.9561596,40.4385203],[-79.9562108,40.4384834]]]}},{"type":"Feature","id":"535897202","properties":{"kind":"building"},"geometry":{"type":"Polygon","coordinates":[[[-79.9598913,40.4375162],[-79.9599834,40.4375888],[-79.9598928,40.4376553],[-79.9598007,40.4375828],[-79.9598913,40.4375162]]]}},{"type":"Feature","id":"535897203","properties":{"kind":"building"},"geometry":{"type":"Polygon","coordinates":[[[-79.955107,40.4376159],[-79.9551505,40.4376506],[-79.9550163,40.4377479],[-79.9550117,40.4377441],[-79.9549939,40.437757],[-79.9549418,40.4377149],[-79.9550493,40.437637],[-79.9550628,40.4376479],[-79.955107,40.4376159]]]}},{"type":"Feature","id":"535897207","properties":{"kind":"building"},"geometry":{"type":"Polygon","coordinates":[[[-79.9554071,40.4375561],[-79.9555119,40.4376435],[-79.9553523,40.4377555],[-79.9552469,40.4376685],[-79.9554071,40.4375561]]]}},{"type":"Feature","id":"535897209","properties":{"kind":"building"},"geometry":{"type":"Polygon","coordinates":[[[-79.957503,40.4370171],[-79.9575544,40.4370585],[-79.9574666,40.4371222],[-79.9574151,40.4370807],[-79.957503,40.4370171]]]}},{"type":"Feature","id":"535897210","properties":{"kind":"building"},"geometry":{"type":"Polygon","coordinates":[[[-79.9560594,40.4376331],[-79.9560914,40.4376586],[-79.9559345,40.4377727],[-79.9558935,40.4377401],[-79.9559937,40.4376671],[-79.9560027,40.4376743],[-79.9560594,40.4376331]]]}},{"type":"Feature","id":"535897211","properties":{"kind":"building"},"geometry":{"type":"Polygon","coordinates":[[[-79.9583799,40.437733],[-79.9584381,40.4377799],[-79.9583476,40.4378455],[-79.9582894,40.4377986],[-79.9583799,40.437733]]]}},{"type":"Feature","id":"535897212","properties":{"kind":"building"},"geometry":{"type":"Polygon","coordinates":[[[-79.9576661,40.4371264],[-79.9577219,40.437168],[-79.9575899,40.4372714],[-79.957536,40.4372284],[-79.9576661,40.4371264]]]}},{"type":"Feature","id":"535897214","properties":{"kind":"building"},"geometry":{"type":"Polygon","coordinates":[[[-79.9575764,40.4370757],[-79.9576286,40.4371173],[-79.9574962,40.437214],[-79.9574576,40.4371832],[-79.957499,40.437153],[-79.9574855,40.4371422],[-79.9575764,40.4370757]]]}},{"type":"Feature","id":"535897215","properties":{"kind":"building"},"geometry":{"type":"Polygon","coordinates":[[[-79.9590771,40.4368545],[-79.9591689,40.4369281],[-79.9590551,40.4370103],[-79.9590089,40.4369733],[-79.9590293,40.4369586],[-79.9589837,40.4369221],[-79.9590771,40.4368545]]]}},{"type":"Feature","id":"535897216","properties":{"kind":"building"},"geometry":{"type":"Polygon","coordinates":[[[-79.9581615,40.4375496],[-79.9582209,40.4375975],[-79.9580837,40.4376969],[-79.9580243,40.437649],[-79.9581615,40.4375496]]]}},{"type":"Feature","id":"535897217","properties":{"kind":"building"},"geometry":{"type":"Polygon","coordinates":[[[-79.9551602,40.438144],[-79.9552173,40.4381887],[-79.9550403,40.4383168],[-79.9549993,40.438284],[-79.9550552,40.4382435],[-79.9550404,40.4382316],[-79.9551602,40.438144]]]}},{"type":"Feature","id":"535897219","properties":{"kind":"building"},"geometry":{"type":"Polygon","coordinates":[[[-79.9566933,40.4369912],[-79.9567722,40.4370553],[-79.9566814,40.43712],[-79.9566745,40.4371144],[-79.9566583,40.4371259],[-79.9566791,40.4371428],[-79.9565788,40.4372144],[-79.9564748,40.4371299],[-79.9565579,40.4370711],[-79.9565688,40.4370632],[-79.9565847,40.437076],[-79.9566084,40.4370588],[-79.9566037,40.4370551],[-79.9566119,40.4370492],[-79.9566933,40.4369912]]]}},{"type":"Feature","id":"535897220","properties":{"kind":"building"},"geometry":{"type":"Polygon","coordinates":[[[-79.9574205,40.4369521],[-79.9574794,40.4369996],[-79.9573926,40.4370625],[-79.9573336,40.437015],[-79.9574205,40.4369521]]]}},{"type":"Feature","id":"535897221","properties":{"kind":"building"},"geometry":{"type":"Polygon","coordinates":[[[-79.9541414,40.4384212],[-79.9541957,40.4384649],[-79.954037,40.4385789],[-79.9539828,40.4385352],[-79.9541414,40.4384212]]]}},{"type":"Feature","id":"535897222","properties":{"kind":"building"},"geometry":{"type":"Polygon","coordinates":[[[-79.9591763,40.4369355],[-79.9592686,40.4370113],[-79.9591523,40.4370934],[-79.959094,40.4370455],[-79.959117,40.4370293],[-79.9590829,40.4370013],[-79.9591763,40.4369355]]]}},{"type":"Feature","id":"535897225","properties":{"kind":"building"},"geometry":{"type":"Polygon","coordinates":[[[-79.9590368,40.4370735],[-79.9590788,40.4371087],[-79.9590631,40.4371195],[-79.9590735,40.4371282],[-79.9590147,40.4371689],[-79.9589623,40.437125],[-79.9590368,40.4370735]]]}},{"type":"Feature","id":"535897226","properties":{"kind":"building"},"geometry":{"type":"Polygon","coordinates":[[[-79.9555085,40.4384708],[-79.9555301,40.4384885],[-79.9555529,40.4384723],[-79.9555915,40.4385039],[-79.9554404,40.4386108],[-79.9553953,40.4385738],[-79.9554368,40.4385444],[-79.9554223,40.4385325],[-79.9555085,40.4384708]]]}},{"type":"Feature","id":"535897229","properties":{"kind":"building"},"geometry":{"type":"Polygon","coordinates":[[[-79.9579385,40.4368746],[-79.9579453,40.4368801],[-79.9579666,40.4368649],[-79.9580015,40.4368931],[-79.9579816,40.4369074],[-79.9580098,40.4369302],[-79.9579221,40.4369931],[-79.9579169,40.436989],[-79.9578964,40.4370037],[-79.9578394,40.4369577],[-79.9578604,40.4369426],[-79.9578526,40.4369362],[-79.9579385,40.4368746]]]}},{"type":"Feature","id":"535897231","properties":{"kind":"building"},"geometry":{"type":"Polygon","coordinates":[[[-79.957901,40.4374038],[-79.9579268,40.437385],[-79.9579373,40.4373934],[-79.957961,40.4373761],[-79.9580132,40.4374177],[-79.9580029,40.4374252],[-79.9580901,40.4374949],[-79.9580942,40.4374919],[-79.9581386,40.4375274],[-79.9581194,40.4375414],[-79.9581312,40.4375508],[-79.9580502,40.43761],[-79.957989,40.4375611],[-79.9579504,40.4375302],[-79.9579068,40.4374954],[-79.9578442,40.4374454],[-79.957901,40.4374038]]]}},{"type":"Feature","id":"535897232","properties":{"kind":"building"},"geometry":{"type":"Polygon","coordinates":[[[-79.958297,40.4376703],[-79.9583617,40.4377224],[-79.9582713,40.437788],[-79.9582066,40.4377359],[-79.958297,40.4376703]]]}},{"type":"Feature","id":"535897233","properties":{"kind":"building"},"geometry":{"type":"Polygon","coordinates":[[[-79.9546521,40.4382129],[-79.9547363,40.438281],[-79.9546978,40.4383088],[-79.9546137,40.4382407],[-79.9546521,40.4382129]]]}},{"type":"Feature","id":"535897235","properties":{"kind":"building"},"geometry":{"type":"Polygon","coordinates":[[[-79.9589372,40.4369915],[-79.9589955,40.4370391],[-79.9589197,40.4370928],[-79.9588614,40.4370452],[-79.9589372,40.4369915]]]}},{"type":"Feature","id":"535897240","properties":{"kind":"building"},"geometry":{"type":"Polygon","coordinates":[[[-79.9594359,40.4376441],[-79.9594862,40.4376834],[-79.9593859,40.437757],[-79.9593929,40.4377625],[-79.9593678,40.4377809],[-79.9593158,40.4377399],[-79.9593331,40.4377271],[-79.9593273,40.4377226],[-79.9594359,40.4376441]]]}},{"type":"Feature","id":"535897241","properties":{"kind":"building"},"geometry":{"type":"Polygon","coordinates":[[[-79.9594976,40.4371945],[-79.9595888,40.4372698],[-79.9594969,40.4373342],[-79.9594057,40.4372589],[-79.9594976,40.4371945]]]}},{"type":"Feature","id":"535897245","properties":{"kind":"building"},"geometry":{"type":"Polygon","coordinates":[[[-79.9553487,40.4375075],[-79.9553977,40.4375483],[-79.9552942,40.4376219],[-79.9552446,40.4375815],[-79.9553487,40.4375075]]]}},{"type":"Feature","id":"535897246","properties":{"kind":"building"},"geometry":{"type":"Polygon","coordinates":[[[-79.9549712,40.4375713],[-79.9550382,40.4376263],[-79.9549451,40.4376921],[-79.9549417,40.4376894],[-79.9549249,40.4377013],[-79.9548639,40.4376522],[-79.9548786,40.4376418],[-79.9548753,40.4376391],[-79.9549712,40.4375713]]]}},{"type":"Feature","id":"535897250","properties":{"kind":"building"},"geometry":{"type":"Polygon","coordinates":[[[-79.9580277,40.4369208],[-79.958065,40.4369508],[-79.9580474,40.4369635],[-79.9580782,40.4369881],[-79.957965,40.43707],[-79.9578969,40.4370154],[-79.9580277,40.4369208]]]}},{"type":"Feature","id":"535897251","properties":{"kind":"building"},"geometry":{"type":"Polygon","coordinates":[[[-79.9590414,40.4375473],[-79.9591416,40.4376277],[-79.9590889,40.4376658],[-79.9589887,40.4375854],[-79.9590414,40.4375473]]]}},{"type":"Feature","id":"535897252","properties":{"kind":"building"},"geometry":{"type":"Polygon","coordinates":[[[-79.9558686,40.4373078],[-79.9559744,40.4372311],[-79.9560248,40.4372724],[-79.9558757,40.4373805],[-79.9558406,40.4373524],[-79.9558845,40.4373205],[-79.9558686,40.4373078]]]}},{"type":"Feature","id":"535897253","properties":{"kind":"building"},"geometry":{"type":"Polygon","coordinates":[[[-79.9574017,40.4374227],[-79.9574332,40.4374479],[-79.9574129,40.4374626],[-79.9574449,40.4374883],[-79.9574643,40.4374743],[-79.9574949,40.437499],[-79.9573636,40.4375936],[-79.9573457,40.4375792],[-79.9573135,40.4376024],[-79.9573323,40.4376175],[-79.9571997,40.437713],[-79.9571033,40.4376355],[-79.9572375,40.4375387],[-79.9572567,40.4375541],[-79.9572877,40.4375317],[-79.9572701,40.4375176],[-79.9574017,40.4374227]]]}},{"type":"Feature","id":"535897254","properties":{"kind":"building"},"geometry":{"type":"Polygon","coordinates":[[[-79.9596643,40.4375555],[-79.9597403,40.4376188],[-79.9596689,40.4376685],[-79.9595929,40.4376052],[-79.9596643,40.4375555]]]}},{"type":"Feature","id":"535897256","properties":{"kind":"building"},"geometry":{"type":"Polygon","coordinates":[[[-79.9598912,40.437733],[-79.9599411,40.4377732],[-79.959874,40.4378215],[-79.9598241,40.4377813],[-79.9598912,40.437733]]]}},{"type":"Feature","id":"535897258","properties":{"kind":"building"},"geometry":{"type":"Polygon","coordinates":[[[-79.9549818,40.4372157],[-79.9549968,40.4372276],[-79.9550002,40.4372252],[-79.9550693,40.4372802],[-79.9550503,40.437294],[-79.9550623,40.4373035],[-79.9550308,40.4373264],[-79.9550327,40.4373279],[-79.9550768,40.4372958],[-79.9551091,40.4373215],[-79.9550458,40.4373676],[-79.9550298,40.4373548],[-79.955016,40.4373649],[-79.9549133,40.4372851],[-79.9549498,40.4372577],[-79.9549375,40.4372479],[-79.9549818,40.4372157]]]}},{"type":"Feature","id":"535897259","properties":{"kind":"building"},"geometry":{"type":"Polygon","coordinates":[[[-79.9558127,40.4374474],[-79.9558381,40.4374671],[-79.9556875,40.4375755],[-79.9556517,40.4375465],[-79.9556795,40.4375265],[-79.9557535,40.4374733],[-79.9557627,40.4374667],[-79.9557736,40.4374755],[-79.9558127,40.4374474]]]}},{"type":"Feature","id":"535897261","properties":{"kind":"building"},"geometry":{"type":"Polygon","coordinates":[[[-79.9564407,40.4384676],[-79.9564434,40.4384698],[-79.956462,40.4384566],[-79.9565091,40.4384952],[-79.9564198,40.4385585],[-79.9564,40.4385723],[-79.9563503,40.4385316],[-79.9564407,40.4384676]]]}},{"type":"Feature","id":"535897262","properties":{"kind":"building"},"geometry":{"type":"Polygon","coordinates":[[[-79.9597975,40.4383664],[-79.9598229,40.4383865],[-79.95984,40.4383739],[-79.9598743,40.4384009],[-79.9597246,40.4385111],[-79.9596652,40.4384638],[-79.9597975,40.4383664]]]}},{"type":"Feature","id":"535897264","properties":{"kind":"building"},"geometry":{"type":"Polygon","coordinates":[[[-79.9592751,40.4370153],[-79.959367,40.4370891],[-79.9592741,40.4371562],[-79.9592631,40.4371473],[-79.9592081,40.437187],[-79.9591415,40.4371335],[-79.9591966,40.4370937],[-79.9591823,40.4370823],[-79.9592751,40.4370153]]]}},{"type":"Feature","id":"535897265","properties":{"kind":"building"},"geometry":{"type":"Polygon","coordinates":[[[-79.9587234,40.4374919],[-79.95875,40.437473],[-79.9588021,40.4375157],[-79.9586773,40.4376041],[-79.9586686,40.437597],[-79.9586506,40.4376097],[-79.9585996,40.437568],[-79.9586151,40.437557],[-79.9586083,40.4375514],[-79.9587089,40.4374801],[-79.9587234,40.4374919]]]}},{"type":"Feature","id":"535897266","properties":{"kind":"building"},"geometry":{"type":"Polygon","coordinates":[[[-79.9582269,40.4376203],[-79.9582822,40.4376649],[-79.958193,40.4377295],[-79.9581377,40.437685],[-79.9582269,40.4376203]]]}},{"type":"Feature","id":"535897268","properties":{"kind":"building"},"geometry":{"type":"Polygon","coordinates":[[[-79.9565916,40.4385175],[-79.9566463,40.4385614],[-79.9566013,40.4385944],[-79.9565876,40.4386044],[-79.9565319,40.4385597],[-79.9565916,40.4385175]]]}},{"type":"Feature","id":"535897270","properties":{"kind":"building"},"geometry":{"type":"Polygon","coordinates":[[[-79.954791,40.4385053],[-79.954836,40.438542],[-79.9547041,40.4386366],[-79.9546476,40.4385909],[-79.9547399,40.4385254],[-79.9547505,40.438534],[-79.954791,40.4385053]]]}},{"type":"Feature","id":"535897271","properties":{"kind":"building"},"geometry":{"type":"Polygon","coordinates":[[[-79.9561101,40.4381234],[-79.9561461,40.4381526],[-79.9560642,40.4382113],[-79.9560539,40.438203],[-79.9560287,40.438221],[-79.956003,40.4382002],[-79.9561101,40.4381234]]]}},{"type":"Feature","id":"535897272","properties":{"kind":"building"},"geometry":{"type":"Polygon","coordinates":[[[-79.9599944,40.4375965],[-79.9600848,40.4376686],[-79.9599943,40.4377343],[-79.959904,40.4376622],[-79.9599944,40.4375965]]]}},{"type":"Feature","id":"535897273","properties":{"kind":"building"},"geometry":{"type":"Polygon","coordinates":[[[-79.9575101,40.4372174],[-79.957539,40.437239],[-79.9574814,40.4372792],[-79.9574541,40.4372564],[-79.9575101,40.4372174]]]}},{"type":"Feature","id":"535897274","properties":{"kind":"building"},"geometry":{"type":"Polygon","coordinates":[[[-79.9563474,40.4375941],[-79.9563644,40.4375921],[-79.9563861,40.4376053],[-79.9563869,40.4376212],[-79.956417,40.4375998],[-79.9564582,40.4376307],[-79.9564253,40.4376541],[-79.9564444,40.4376566],[-79.9564609,40.4376697],[-79.956462,40.4376845],[-79.9563824,40.437743],[-79.9563736,40.437736],[-79.9562307,40.437841],[-79.9562107,40.4378431],[-79.9561953,40.4378311],[-79.9561954,40.4378172],[-79.9561771,40.4378035],[-79.9561628,40.4378029],[-79.956145,40.4377906],[-79.9561418,40.4377708],[-79.9562913,40.4376611],[-79.9562743,40.4376477],[-79.9563474,40.4375941]]]}},{"type":"Feature","id":"535897275","properties":{"kind":"building"},"geometry":{"type":"Polygon","coordinates":[[[-79.958891,40.4376497],[-79.9589237,40.4376759],[-79.9587976,40.4377669],[-79.9587534,40.4377311],[-79.958843,40.4376665],[-79.9588547,40.4376759],[-79.958891,40.4376497]]]}},{"type":"Feature","id":"535897277","properties":{"kind":"building"},"geometry":{"type":"Polygon","coordinates":[[[-79.9560951,40.4383983],[-79.9561336,40.4384287],[-79.9559792,40.4385401],[-79.9559337,40.4385027],[-79.9559473,40.4384927],[-79.9559406,40.4384874],[-79.9560364,40.4384172],[-79.9560522,40.4384298],[-79.9560951,40.4383983]]]}},{"type":"Feature","id":"535897278","properties":{"kind":"building"},"geometry":{"type":"Polygon","coordinates":[[[-79.9584179,40.4371876],[-79.9584404,40.4372053],[-79.9584514,40.4371972],[-79.9584975,40.4372333],[-79.9583513,40.4373415],[-79.9582826,40.4372876],[-79.9584179,40.4371876]]]}},{"type":"Feature","id":"535897279","properties":{"kind":"building"},"geometry":{"type":"Polygon","coordinates":[[[-79.9549174,40.4382464],[-79.9549904,40.4383041],[-79.954936,40.438344],[-79.954863,40.4382863],[-79.9549174,40.4382464]]]}},{"type":"Feature","id":"535897283","properties":{"kind":"building"},"geometry":{"type":"Polygon","coordinates":[[[-79.9603796,40.4381172],[-79.9604333,40.4381602],[-79.9603688,40.4382068],[-79.9603152,40.4381637],[-79.9603796,40.4381172]]]}},{"type":"Feature","id":"535897284","properties":{"kind":"building"},"geometry":{"type":"Polygon","coordinates":[[[-79.9599761,40.4381167],[-79.9600062,40.438141],[-79.9600258,40.4381269],[-79.9600551,40.4381504],[-79.9600349,40.4381649],[-79.9600613,40.4381862],[-79.9600539,40.4381915],[-79.9600815,40.4382137],[-79.9600119,40.4382638],[-79.959973,40.4382324],[-79.9599458,40.4382519],[-79.9598714,40.4381921],[-79.9599761,40.4381167]]]}},{"type":"Feature","id":"535897285","properties":{"kind":"building"},"geometry":{"type":"Polygon","coordinates":[[[-79.9552282,40.4381938],[-79.9552753,40.4382309],[-79.9551158,40.4383482],[-79.9550911,40.4383288],[-79.9551088,40.4383158],[-79.9550974,40.4383067],[-79.9551345,40.4382794],[-79.9551235,40.4382708],[-79.9552282,40.4381938]]]}},{"type":"Feature","id":"535897286","properties":{"kind":"building"},"geometry":{"type":"Polygon","coordinates":[[[-79.955481,40.4384226],[-79.9555255,40.4384587],[-79.9555085,40.4384708],[-79.9554223,40.4385325],[-79.9554116,40.4385238],[-79.9553915,40.4385381],[-79.9553533,40.4385072],[-79.9553976,40.4384755],[-79.955402,40.438479],[-79.955481,40.4384226]]]}},{"type":"Feature","id":"535897287","properties":{"kind":"building"},"geometry":{"type":"Polygon","coordinates":[[[-79.9605904,40.4380729],[-79.960676,40.4381404],[-79.960589,40.4382043],[-79.9605034,40.4381367],[-79.9605904,40.4380729]]]}},{"type":"Feature","id":"535897288","properties":{"kind":"building"},"geometry":{"type":"Polygon","coordinates":[[[-79.9567297,40.4382004],[-79.9567327,40.4382031],[-79.9567636,40.4382276],[-79.9566188,40.438332],[-79.9565776,40.4382995],[-79.9566742,40.43823],[-79.956681,40.4382354],[-79.9567297,40.4382004]]]}},{"type":"Feature","id":"535897289","properties":{"kind":"building"},"geometry":{"type":"Polygon","coordinates":[[[-79.9557687,40.4381547],[-79.955808,40.438187],[-79.9556583,40.4382924],[-79.955607,40.4382511],[-79.9557146,40.4381753],[-79.9557259,40.4381758],[-79.9557318,40.4381807],[-79.9557687,40.4381547]]]}},{"type":"Feature","id":"535897290","properties":{"kind":"building"},"geometry":{"type":"Polygon","coordinates":[[[-79.9582581,40.437085],[-79.9583146,40.4371306],[-79.9582852,40.4371517],[-79.9582907,40.4371562],[-79.9581815,40.4372347],[-79.9581151,40.4371811],[-79.9582244,40.4371025],[-79.9582288,40.437106],[-79.9582581,40.437085]]]}},{"type":"Feature","id":"535897291","properties":{"kind":"building"},"geometry":{"type":"Polygon","coordinates":[[[-79.9549683,40.4384509],[-79.9550198,40.4384915],[-79.9549441,40.4385472],[-79.9548925,40.4385066],[-79.9549683,40.4384509]]]}},{"type":"Feature","id":"535897292","properties":{"kind":"building"},"geometry":{"type":"Polygon","coordinates":[[[-79.955277,40.4377522],[-79.9553131,40.4377814],[-79.955153,40.4378961],[-79.9551457,40.4378901],[-79.9551467,40.4378801],[-79.9551112,40.4378514],[-79.9552209,40.4377728],[-79.9552337,40.4377832],[-79.955277,40.4377522]]]}},{"type":"Feature","id":"535897293","properties":{"kind":"building"},"geometry":{"type":"Polygon","coordinates":[[[-79.9600915,40.4376753],[-79.9601836,40.4377493],[-79.9600924,40.437815],[-79.9600004,40.437741],[-79.9600915,40.4376753]]]}},{"type":"Feature","id":"535897294","properties":{"kind":"building"},"geometry":{"type":"Polygon","coordinates":[[[-79.9559158,40.4371832],[-79.9557646,40.4372915],[-79.9557386,40.4373101],[-79.9557,40.4372789],[-79.955784,40.4372188],[-79.955782,40.4372066],[-79.9558686,40.4371446],[-79.9559158,40.4371832]]]}},{"type":"Feature","id":"535897295","properties":{"kind":"building"},"geometry":{"type":"Polygon","coordinates":[[[-79.959391,40.437608],[-79.9594359,40.4376441],[-79.9593273,40.4377226],[-79.9593196,40.4377281],[-79.9592679,40.4376866],[-79.9593101,40.4376561],[-79.9593169,40.4376615],[-79.959391,40.437608]]]}},{"type":"Feature","id":"535897296","properties":{"kind":"building"},"geometry":{"type":"Polygon","coordinates":[[[-79.9573029,40.4374121],[-79.9573178,40.4374241],[-79.9571736,40.4375275],[-79.9571956,40.4375453],[-79.9570841,40.4376253],[-79.9570425,40.4375917],[-79.9570525,40.4375845],[-79.9570119,40.4375518],[-79.957005,40.4375567],[-79.9569702,40.4375286],[-79.9570751,40.4374534],[-79.9570878,40.4374636],[-79.9571304,40.437433],[-79.9571198,40.4374245],[-79.9572205,40.4373523],[-79.9572337,40.437363],[-79.9572541,40.4373484],[-79.9573188,40.4374007],[-79.9573029,40.4374121]]]}},{"type":"Feature","id":"535897297","properties":{"kind":"building"},"geometry":{"type":"Polygon","coordinates":[[[-79.9604552,40.4381655],[-79.9605051,40.4382053],[-79.9604387,40.4382535],[-79.9603888,40.4382138],[-79.9604552,40.4381655]]]}},{"type":"Feature","id":"535897298","properties":{"kind":"building"},"geometry":{"type":"Polygon","coordinates":[[[-79.9563968,40.4384067],[-79.9564085,40.4384162],[-79.9564271,40.4384029],[-79.9564704,40.438438],[-79.9563622,40.4385152],[-79.9563077,40.438471],[-79.9563968,40.4384067]]]}},{"type":"Feature","id":"535897300","properties":{"kind":"building"},"geometry":{"type":"Polygon","coordinates":[[[-79.9565868,40.4368919],[-79.9566661,40.4369556],[-79.9565761,40.4370205],[-79.9566119,40.4370492],[-79.9566037,40.4370551],[-79.9566084,40.4370588],[-79.9565847,40.437076],[-79.9565688,40.4370632],[-79.9565579,40.4370711],[-79.9565409,40.4370575],[-79.9564627,40.437114],[-79.9563663,40.4370366],[-79.9564558,40.4369721],[-79.9564704,40.4369838],[-79.956496,40.4369653],[-79.9564908,40.4369611],[-79.9565868,40.4368919]]]}},{"type":"Feature","id":"535897301","properties":{"kind":"building"},"geometry":{"type":"Polygon","coordinates":[[[-79.9569466,40.4384316],[-79.9569762,40.4384557],[-79.9568579,40.43854],[-79.9568283,40.4385159],[-79.9569466,40.4384316]]]}},{"type":"Feature","id":"535897303","properties":{"kind":"building"},"geometry":{"type":"Polygon","coordinates":[[[-79.9538192,40.4386312],[-79.9538693,40.4386706],[-79.9537008,40.4387946],[-79.9536507,40.4387552],[-79.9538192,40.4386312]]]}},{"type":"Feature","id":"535897305","properties":{"kind":"building"},"geometry":{"type":"Polygon","coordinates":[[[-79.9594363,40.4406297],[-79.9595712,40.4407373],[-79.9595138,40.4407792],[-79.9593814,40.4406698],[-79.9594363,40.4406297]]]}},{"type":"Feature","id":"535897306","properties":{"kind":"building"},"geometry":{"type":"Polygon","coordinates":[[[-79.9531766,40.4402384],[-79.9534551,40.4403937],[-79.9534566,40.4403948],[-79.9534574,40.4403958],[-79.9534582,40.4403971],[-79.9534587,40.4403986],[-79.9534587,40.4404002],[-79.9534583,40.4404015],[-79.9534578,40.4404027],[-79.953457,40.4404039],[-79.9534561,40.4404048],[-79.9534549,40.4404056],[-79.953454,40.440406],[-79.9534531,40.4404064],[-79.9534516,40.4404068],[-79.9534501,40.440407],[-79.9534489,40.4404071],[-79.9534475,40.440407],[-79.9530878,40.4404046],[-79.9530422,40.4403792],[-79.9531766,40.4402384]]]}},{"type":"Feature","id":"535897307","properties":{"kind":"building"},"geometry":{"type":"Polygon","coordinates":[[[-79.951904,40.4395599],[-79.9519517,40.4395862],[-79.9518661,40.4396772],[-79.9518183,40.439651],[-79.951904,40.4395599]]]}},{"type":"Feature","id":"535897308","properties":{"kind":"building"},"geometry":{"type":"Polygon","coordinates":[[[-79.9555629,40.4387693],[-79.9556152,40.4388116],[-79.9555628,40.4388492],[-79.9555104,40.4388068],[-79.9555629,40.4387693]]]}},{"type":"Feature","id":"535897309","properties":{"kind":"building"},"geometry":{"type":"Polygon","coordinates":[[[-79.9576906,40.4394246],[-79.9577922,40.4395096],[-79.9576297,40.4396231],[-79.9575869,40.4395873],[-79.9576248,40.4395609],[-79.9576302,40.4395654],[-79.9577004,40.4395164],[-79.9576726,40.4394931],[-79.9576001,40.4395437],[-79.9576076,40.4395499],[-79.9575702,40.439576],[-79.9575262,40.4395392],[-79.9576906,40.4394246]]]}},{"type":"Feature","id":"535897311","properties":{"kind":"building"},"geometry":{"type":"Polygon","coordinates":[[[-79.9507873,40.4400034],[-79.950935,40.4401022],[-79.9508953,40.4401369],[-79.9508682,40.4401188],[-79.9508371,40.4401459],[-79.9508204,40.4401347],[-79.9507953,40.4401566],[-79.9506896,40.4400886],[-79.9507873,40.4400034]]]}},{"type":"Feature","id":"535897312","properties":{"kind":"building"},"geometry":{"type":"Polygon","coordinates":[[[-79.9511345,40.4400839],[-79.9512317,40.4401246],[-79.9511984,40.4401711],[-79.9511011,40.4401305],[-79.9511345,40.4400839]]]}},{"type":"Feature","id":"535897313","properties":{"kind":"building"},"geometry":{"type":"Polygon","coordinates":[[[-79.959597,40.4389967],[-79.9598831,40.4392308],[-79.9599428,40.4391882],[-79.9599969,40.4392324],[-79.9599761,40.4392472],[-79.9599975,40.4392647],[-79.9599591,40.4392922],[-79.9599641,40.4392963],[-79.9594381,40.4396715],[-79.9593432,40.4395939],[-79.9593574,40.4395837],[-79.9592188,40.4394704],[-79.9592016,40.4394827],[-79.9591147,40.4394116],[-79.9593768,40.4392246],[-79.9593306,40.4391868],[-79.959597,40.4389967]]]}},{"type":"Feature","id":"535897314","properties":{"kind":"building"},"geometry":{"type":"Polygon","coordinates":[[[-79.9534792,40.4397563],[-79.9535363,40.439803],[-79.953474,40.4398475],[-79.9534168,40.4398008],[-79.9534792,40.4397563]]]}},{"type":"Feature","id":"535897315","properties":{"kind":"building"},"geometry":{"type":"Polygon","coordinates":[[[-79.9563325,40.4391202],[-79.9563872,40.4391638],[-79.9562806,40.4392414],[-79.9562697,40.4392327],[-79.9562296,40.439262],[-79.9561857,40.4392271],[-79.9563325,40.4391202]]]}},{"type":"Feature","id":"535897316","properties":{"kind":"building"},"geometry":{"type":"Polygon","coordinates":[[[-79.9512168,40.4399082],[-79.9513581,40.4399918],[-79.9512704,40.4400783],[-79.9511291,40.4399946],[-79.9512168,40.4399082]]]}},{"type":"Feature","id":"535897317","properties":{"kind":"building"},"geometry":{"type":"Polygon","coordinates":[[[-79.9546544,40.439868],[-79.9546942,40.4399003],[-79.9545224,40.4400242],[-79.9544825,40.4399919],[-79.9546544,40.439868]]]}},{"type":"Feature","id":"535897318","properties":{"kind":"building"},"geometry":{"type":"Polygon","coordinates":[[[-79.9595772,40.4404873],[-79.9597358,40.4406172],[-79.9596609,40.4406719],[-79.9595389,40.4405746],[-79.959558,40.4405606],[-79.9595192,40.4405296],[-79.9595772,40.4404873]]]}},{"type":"Feature","id":"535897319","properties":{"kind":"building"},"geometry":{"type":"Polygon","coordinates":[[[-79.9516241,40.4400368],[-79.9516745,40.4400668],[-79.9515809,40.4401585],[-79.9515306,40.4401285],[-79.9516241,40.4400368]]]}},{"type":"Feature","id":"535897320","properties":{"kind":"building"},"geometry":{"type":"Polygon","coordinates":[[[-79.9540227,40.4386681],[-79.9540643,40.4387011],[-79.9540809,40.438689],[-79.9541004,40.4387045],[-79.9540962,40.4387076],[-79.9541609,40.4387587],[-79.9540669,40.4388277],[-79.9539992,40.4387743],[-79.9540092,40.438767],[-79.953992,40.4387534],[-79.9539841,40.4387592],[-79.9539839,40.4387797],[-79.9538489,40.4388782],[-79.9537942,40.4388347],[-79.9540227,40.4386681]]]}},{"type":"Feature","id":"535897321","properties":{"kind":"building"},"geometry":{"type":"Polygon","coordinates":[[[-79.9549198,40.4395811],[-79.9549811,40.4396305],[-79.9548835,40.4397011],[-79.9548223,40.4396517],[-79.9549198,40.4395811]]]}},{"type":"Feature","id":"535897322","properties":{"kind":"building"},"geometry":{"type":"Polygon","coordinates":[[[-79.9558387,40.4387313],[-79.9558934,40.4387745],[-79.9558018,40.4388416],[-79.9557844,40.4388278],[-79.9557954,40.4388198],[-79.9557588,40.4387909],[-79.9558387,40.4387313]]]}},{"type":"Feature","id":"535897323","properties":{"kind":"building"},"geometry":{"type":"Polygon","coordinates":[[[-79.956395,40.4398065],[-79.9564282,40.4398339],[-79.9562957,40.4399274],[-79.9562485,40.4398884],[-79.9563325,40.4398292],[-79.9563465,40.4398407],[-79.956395,40.4398065]]]}},{"type":"Feature","id":"535897325","properties":{"kind":"building"},"geometry":{"type":"Polygon","coordinates":[[[-79.9530188,40.4403059],[-79.9530519,40.4403241],[-79.9530087,40.44037],[-79.9529756,40.4403518],[-79.9530188,40.4403059]]]}},{"type":"Feature","id":"535897326","properties":{"kind":"building"},"geometry":{"type":"Polygon","coordinates":[[[-79.95624,40.4396412],[-79.9562833,40.4396756],[-79.9561459,40.4397766],[-79.9561025,40.4397422],[-79.95624,40.4396412]]]}},{"type":"Feature","id":"535897327","properties":{"kind":"building"},"geometry":{"type":"Polygon","coordinates":[[[-79.9508786,40.4393243],[-79.9509072,40.4393748],[-79.9507542,40.4394255],[-79.9507256,40.4393751],[-79.9508786,40.4393243]]]}},{"type":"Feature","id":"535897328","properties":{"kind":"building"},"geometry":{"type":"Polygon","coordinates":[[[-79.9529107,40.4400956],[-79.9531481,40.4402247],[-79.9530808,40.4402969],[-79.9530348,40.4402719],[-79.9529267,40.4403879],[-79.9528704,40.4403573],[-79.9529329,40.4402903],[-79.9529093,40.4402775],[-79.9528475,40.4403438],[-79.9527934,40.4403144],[-79.9528663,40.4402362],[-79.9528088,40.4402049],[-79.9529107,40.4400956]]]}},{"type":"Feature","id":"535897329","properties":{"kind":"building"},"geometry":{"type":"Polygon","coordinates":[[[-79.9536316,40.4396571],[-79.9537478,40.439752],[-79.9536796,40.4398007],[-79.9535635,40.4397057],[-79.9536316,40.4396571]]]}},{"type":"Feature","id":"535897330","properties":{"kind":"building"},"geometry":{"type":"Polygon","coordinates":[[[-79.9565073,40.4397094],[-79.9565483,40.4397429],[-79.9564611,40.4398053],[-79.95642,40.4397717],[-79.9565073,40.4397094]]]}},{"type":"Feature","id":"535897331","properties":{"kind":"building"},"geometry":{"type":"Polygon","coordinates":[[[-79.9612583,40.438585],[-79.9615702,40.43884],[-79.9614685,40.4389127],[-79.9612276,40.4387159],[-79.961171,40.4387563],[-79.9610999,40.4386982],[-79.9612583,40.438585]]]}},{"type":"Feature","id":"535897332","properties":{"kind":"building"},"geometry":{"type":"Polygon","coordinates":[[[-79.9558993,40.4392008],[-79.9559468,40.4392395],[-79.9559389,40.4392451],[-79.9558865,40.4392823],[-79.9558736,40.4392915],[-79.9558261,40.4392527],[-79.9558993,40.4392008]]]}},{"type":"Feature","id":"535897333","properties":{"kind":"building"},"geometry":{"type":"Polygon","coordinates":[[[-79.9505205,40.44024],[-79.9506366,40.4403236],[-79.9506093,40.4403457],[-79.9505854,40.4403285],[-79.950577,40.4403352],[-79.9504848,40.4402688],[-79.9505205,40.44024]]]}},{"type":"Feature","id":"535897334","properties":{"kind":"building"},"geometry":{"type":"Polygon","coordinates":[[[-79.9566654,40.4388249],[-79.9567019,40.4388543],[-79.9566954,40.438859],[-79.9565523,40.4389619],[-79.9565462,40.4389663],[-79.956528,40.4389516],[-79.9565136,40.4389619],[-79.9564976,40.438949],[-79.9565095,40.4389405],[-79.956491,40.4389256],[-79.9565707,40.4388682],[-79.9565869,40.4388813],[-79.9566654,40.4388249]]]}},{"type":"Feature","id":"535897337","properties":{"kind":"building"},"geometry":{"type":"Polygon","coordinates":[[[-79.9565679,40.4393228],[-79.9567775,40.4394962],[-79.9566531,40.4395839],[-79.9566185,40.4395553],[-79.9566555,40.4395292],[-79.9566374,40.4395143],[-79.9565951,40.4395441],[-79.956566,40.4395199],[-79.9566119,40.4394875],[-79.9565801,40.4394612],[-79.9565242,40.4395006],[-79.9564283,40.4394212],[-79.9565679,40.4393228]]]}},{"type":"Feature","id":"535897338","properties":{"kind":"building"},"geometry":{"type":"Polygon","coordinates":[[[-79.9505724,40.4401612],[-79.9507546,40.4402815],[-79.9506832,40.4403446],[-79.950501,40.4402243],[-79.9505724,40.4401612]]]}},{"type":"Feature","id":"535897339","properties":{"kind":"building"},"geometry":{"type":"Polygon","coordinates":[[[-79.9510958,40.4401426],[-79.951189,40.4401816],[-79.951152,40.4402332],[-79.9510588,40.4401942],[-79.9510958,40.4401426]]]}},{"type":"Feature","id":"535897340","properties":{"kind":"building"},"geometry":{"type":"Polygon","coordinates":[[[-79.9567527,40.4400653],[-79.9567841,40.4400908],[-79.9567969,40.4400815],[-79.9568444,40.4401201],[-79.956827,40.4401326],[-79.9567701,40.4401735],[-79.9566912,40.4401094],[-79.9567023,40.4401014],[-79.9567527,40.4400653]]]}},{"type":"Feature","id":"535897341","properties":{"kind":"building"},"geometry":{"type":"Polygon","coordinates":[[[-79.9559629,40.4388095],[-79.9560164,40.4388537],[-79.9558963,40.4389379],[-79.9558428,40.4388937],[-79.9559629,40.4388095]]]}},{"type":"Feature","id":"535897342","properties":{"kind":"building"},"geometry":{"type":"Polygon","coordinates":[[[-79.9561646,40.439245],[-79.9562137,40.4392866],[-79.9561481,40.4393315],[-79.956099,40.4392899],[-79.9561646,40.439245]]]}},{"type":"Feature","id":"535897343","properties":{"kind":"building"},"geometry":{"type":"Polygon","coordinates":[[[-79.9529143,40.4392816],[-79.9530327,40.4393535],[-79.9529857,40.4393987],[-79.9528673,40.4393267],[-79.9529143,40.4392816]]]}},{"type":"Feature","id":"535897344","properties":{"kind":"building"},"geometry":{"type":"Polygon","coordinates":[[[-79.9574699,40.4395123],[-79.9575117,40.4395461],[-79.9573844,40.4396379],[-79.9573426,40.4396041],[-79.9574699,40.4395123]]]}},{"type":"Feature","id":"535897346","properties":{"kind":"building"},"geometry":{"type":"Polygon","coordinates":[[[-79.9519174,40.4398528],[-79.9519679,40.4398829],[-79.9519238,40.4399261],[-79.9518734,40.439896],[-79.9519174,40.4398528]]]}},{"type":"Feature","id":"535897347","properties":{"kind":"building"},"geometry":{"type":"Polygon","coordinates":[[[-79.9569862,40.439619],[-79.9570348,40.4396607],[-79.9570619,40.4396839],[-79.9569221,40.4397792],[-79.9568858,40.4397482],[-79.9569011,40.4397378],[-79.9568735,40.4397141],[-79.9569132,40.439687],[-79.9569014,40.4396769],[-79.9569862,40.439619]]]}},{"type":"Feature","id":"535897348","properties":{"kind":"building"},"geometry":{"type":"Polygon","coordinates":[[[-79.9603186,40.4392766],[-79.9603829,40.4393284],[-79.9603541,40.4393493],[-79.9604526,40.4394287],[-79.9604793,40.4394093],[-79.9605447,40.4394621],[-79.9604751,40.4395124],[-79.9605378,40.4395629],[-79.9604122,40.4396539],[-79.9602932,40.439558],[-79.9603222,40.439537],[-79.9602356,40.4394672],[-79.9602027,40.439491],[-79.9601175,40.4394223],[-79.9603186,40.4392766]]]}},{"type":"Feature","id":"535897349","properties":{"kind":"building"},"geometry":{"type":"Polygon","coordinates":[[[-79.9559912,40.4394557],[-79.9560457,40.4395001],[-79.9559199,40.4395896],[-79.9558662,40.439546],[-79.9559489,40.4394857],[-79.9559912,40.4394557]]]}},{"type":"Feature","id":"535897350","properties":{"kind":"building"},"geometry":{"type":"Polygon","coordinates":[[[-79.9511338,40.4399008],[-79.9511781,40.439927],[-79.9511429,40.4399618],[-79.9510986,40.4399355],[-79.9511338,40.4399008]]]}},{"type":"Feature","id":"535897351","properties":{"kind":"building"},"geometry":{"type":"Polygon","coordinates":[[[-79.9534494,40.4388857],[-79.953544,40.438962],[-79.9534118,40.4390576],[-79.9533173,40.4389813],[-79.9534494,40.4388857]]]}},{"type":"Feature","id":"535897353","properties":{"kind":"building"},"geometry":{"type":"Polygon","coordinates":[[[-79.9606832,40.4395611],[-79.9609929,40.4398127],[-79.9607894,40.4399577],[-79.9604797,40.4397061],[-79.9606832,40.4395611]]]}},{"type":"Feature","id":"535897354","properties":{"kind":"building"},"geometry":{"type":"Polygon","coordinates":[[[-79.9535607,40.4397158],[-79.9536757,40.4398098],[-79.9536185,40.4398506],[-79.9535035,40.4397566],[-79.9535607,40.4397158]]]}},{"type":"Feature","id":"535897355","properties":{"kind":"building"},"geometry":{"type":"Polygon","coordinates":[[[-79.9508541,40.4399561],[-79.9509534,40.4400226],[-79.9509149,40.4400562],[-79.9508156,40.4399897],[-79.9508541,40.4399561]]]}},{"type":"Feature","id":"535897356","properties":{"kind":"building"},"geometry":{"type":"Polygon","coordinates":[[[-79.9560144,40.439911],[-79.9560617,40.4399491],[-79.9559328,40.4400425],[-79.9558855,40.4400044],[-79.9560144,40.439911]]]}},{"type":"Feature","id":"535897357","properties":{"kind":"building"},"geometry":{"type":"Polygon","coordinates":[[[-79.9544883,40.4391826],[-79.954545,40.4392283],[-79.9544247,40.4393154],[-79.954368,40.4392697],[-79.9544883,40.4391826]]]}},{"type":"Feature","id":"535897358","properties":{"kind":"building"},"geometry":{"type":"Polygon","coordinates":[[[-79.9541502,40.4397039],[-79.9541906,40.4397358],[-79.954129,40.4397815],[-79.9540885,40.4397497],[-79.9541502,40.4397039]]]}},{"type":"Feature","id":"535897360","properties":{"kind":"building"},"geometry":{"type":"Polygon","coordinates":[[[-79.9514874,40.4398006],[-79.9515452,40.4398351],[-79.9514494,40.439929],[-79.9513915,40.4398946],[-79.9514874,40.4398006]]]}},{"type":"Feature","id":"535897361","properties":{"kind":"building"},"geometry":{"type":"Polygon","coordinates":[[[-79.9538826,40.4401574],[-79.9539721,40.4402072],[-79.9538226,40.4403639],[-79.9537331,40.440314],[-79.9538826,40.4401574]]]}},{"type":"Feature","id":"535897362","properties":{"kind":"building"},"geometry":{"type":"Polygon","coordinates":[[[-79.9564668,40.4398318],[-79.9565546,40.4399043],[-79.9565831,40.4398842],[-79.9566194,40.4399142],[-79.956543,40.4399681],[-79.9565566,40.43998],[-79.9564802,40.440035],[-79.9563845,40.4399573],[-79.9563267,40.4399096],[-79.9564066,40.4398531],[-79.9564205,40.4398646],[-79.9564668,40.4398318]]]}},{"type":"Feature","id":"535897363","properties":{"kind":"building"},"geometry":{"type":"Polygon","coordinates":[[[-79.9566013,40.4385944],[-79.9566466,40.4386303],[-79.9564586,40.4387673],[-79.9564635,40.4387712],[-79.9563586,40.4388476],[-79.9563085,40.4388078],[-79.9565876,40.4386044],[-79.9566013,40.4385944]]]}},{"type":"Feature","id":"535897364","properties":{"kind":"building"},"geometry":{"type":"Polygon","coordinates":[[[-79.9611109,40.4393212],[-79.9613765,40.4395328],[-79.961095,40.4397374],[-79.9608295,40.4395259],[-79.9611109,40.4393212]]]}},{"type":"Feature","id":"535897365","properties":{"kind":"building"},"geometry":{"type":"Polygon","coordinates":[[[-79.9555553,40.4400665],[-79.9556266,40.440126],[-79.955599,40.4401453],[-79.9556125,40.4401566],[-79.955506,40.440231],[-79.955457,40.4401899],[-79.9554118,40.4401522],[-79.9555156,40.4400797],[-79.9555251,40.4400876],[-79.9555553,40.4400665]]]}},{"type":"Feature","id":"535897366","properties":{"kind":"building"},"geometry":{"type":"Polygon","coordinates":[[[-79.9564404,40.4402559],[-79.9565972,40.4403822],[-79.9564266,40.4405059],[-79.9563684,40.440459],[-79.956403,40.4404339],[-79.9563625,40.4404012],[-79.9563253,40.4404281],[-79.9562851,40.4403957],[-79.956343,40.4403538],[-79.9563251,40.4403395],[-79.9564404,40.4402559]]]}},{"type":"Feature","id":"535897367","properties":{"kind":"building"},"geometry":{"type":"Polygon","coordinates":[[[-79.9509958,40.4395308],[-79.9510323,40.4395924],[-79.9509077,40.4396967],[-79.9508728,40.4396297],[-79.9509958,40.4395308]]]}},{"type":"Feature","id":"535897368","properties":{"kind":"building"},"geometry":{"type":"Polygon","coordinates":[[[-79.9529657,40.4392384],[-79.9530712,40.4393025],[-79.9530293,40.4393428],[-79.9529238,40.4392787],[-79.9529657,40.4392384]]]}},{"type":"Feature","id":"535897369","properties":{"kind":"building"},"geometry":{"type":"Polygon","coordinates":[[[-79.9529033,40.4397135],[-79.9530118,40.4397727],[-79.9529192,40.4398719],[-79.9528106,40.4398128],[-79.9529033,40.4397135]]]}},{"type":"Feature","id":"535897370","properties":{"kind":"building"},"geometry":{"type":"Polygon","coordinates":[[[-79.9517508,40.4402328],[-79.9516399,40.4403485],[-79.9515066,40.4402745],[-79.9516174,40.4401588],[-79.9517508,40.4402328]]]}},{"type":"Feature","id":"535897371","properties":{"kind":"building"},"geometry":{"type":"Polygon","coordinates":[[[-79.955891,40.4398844],[-79.9559452,40.4399281],[-79.9558089,40.4400267],[-79.9557649,40.4399926],[-79.955891,40.4398844]]]}},{"type":"Feature","id":"535897372","properties":{"kind":"building"},"geometry":{"type":"Polygon","coordinates":[[[-79.9617972,40.4390316],[-79.9619237,40.4391328],[-79.9617791,40.4392384],[-79.9616526,40.4391372],[-79.9617972,40.4390316]]]}},{"type":"Feature","id":"535897373","properties":{"kind":"building"},"geometry":{"type":"Polygon","coordinates":[[[-79.9533165,40.4395068],[-79.9534304,40.4396],[-79.9533848,40.4396325],[-79.9532709,40.4395394],[-79.9533165,40.4395068]]]}},{"type":"Feature","id":"535897374","properties":{"kind":"building"},"geometry":{"type":"Polygon","coordinates":[[[-79.9563872,40.4391638],[-79.9563957,40.4391586],[-79.956455,40.4392064],[-79.9562982,40.439319],[-79.9562389,40.4392711],[-79.9562806,40.4392414],[-79.9563872,40.4391638]]]}},{"type":"Feature","id":"535897376","properties":{"kind":"building"},"geometry":{"type":"Polygon","coordinates":[[[-79.9545571,40.4398274],[-79.9546141,40.4398735],[-79.9544903,40.4399628],[-79.9544333,40.4399167],[-79.9545571,40.4398274]]]}},{"type":"Feature","id":"535897377","properties":{"kind":"building"},"geometry":{"type":"Polygon","coordinates":[[[-79.9568109,40.4386902],[-79.9568654,40.4387327],[-79.9567497,40.4388196],[-79.9566945,40.438777],[-79.9567215,40.4387565],[-79.9568109,40.4386902]]]}},{"type":"Feature","id":"535897378","properties":{"kind":"building"},"geometry":{"type":"Polygon","coordinates":[[[-79.9599943,40.4395334],[-79.96028,40.4397695],[-79.9601095,40.43989],[-79.9598238,40.4396539],[-79.9599943,40.4395334]]]}},{"type":"Feature","id":"535897379","properties":{"kind":"building"},"geometry":{"type":"Polygon","coordinates":[[[-79.9509145,40.4399126],[-79.9510561,40.4399752],[-79.9510345,40.4400037],[-79.9508929,40.4399411],[-79.9509145,40.4399126]]]}},{"type":"Feature","id":"535897380","properties":{"kind":"building"},"geometry":{"type":"Polygon","coordinates":[[[-79.9535999,40.4392162],[-79.9536615,40.4392659],[-79.9535818,40.4393235],[-79.9535202,40.4392738],[-79.9535999,40.4392162]]]}},{"type":"Feature","id":"535897382","properties":{"kind":"building"},"geometry":{"type":"Polygon","coordinates":[[[-79.9553885,40.4394305],[-79.9554365,40.439468],[-79.955294,40.4395737],[-79.9552819,40.4395642],[-79.9552947,40.4395547],[-79.9552725,40.4395374],[-79.9553147,40.4395061],[-79.9553009,40.4394954],[-79.9553885,40.4394305]]]}},{"type":"Feature","id":"535897383","properties":{"kind":"building"},"geometry":{"type":"Polygon","coordinates":[[[-79.9532584,40.4395586],[-79.9533723,40.4396517],[-79.9533336,40.4396794],[-79.9532197,40.4395863],[-79.9532584,40.4395586]]]}},{"type":"Feature","id":"535897384","properties":{"kind":"building"},"geometry":{"type":"Polygon","coordinates":[[[-79.9533599,40.4400199],[-79.9534055,40.4400572],[-79.9532986,40.4401336],[-79.9532529,40.4400963],[-79.9533599,40.4400199]]]}},{"type":"Feature","id":"535897385","properties":{"kind":"building"},"geometry":{"type":"Polygon","coordinates":[[[-79.9531459,40.4397134],[-79.9532259,40.4397788],[-79.9531178,40.439856],[-79.9530379,40.4397906],[-79.9531459,40.4397134]]]}},{"type":"Feature","id":"535897386","properties":{"kind":"building"},"geometry":{"type":"Polygon","coordinates":[[[-79.9594468,40.4385243],[-79.959506,40.4385722],[-79.9593695,40.43867],[-79.9593414,40.4386474],[-79.9593531,40.438639],[-79.9593224,40.4386141],[-79.9593521,40.4385929],[-79.9593472,40.438589],[-79.9594256,40.4385329],[-79.95943,40.4385364],[-79.9594468,40.4385243]]]}},{"type":"Feature","id":"535897387","properties":{"kind":"building"},"geometry":{"type":"Polygon","coordinates":[[[-79.9562853,40.4395281],[-79.9563342,40.4395681],[-79.9560754,40.4397526],[-79.9560265,40.4397126],[-79.9562853,40.4395281]]]}},{"type":"Feature","id":"535897388","properties":{"kind":"building"},"geometry":{"type":"Polygon","coordinates":[[[-79.9568713,40.4387446],[-79.9569577,40.4388154],[-79.9568923,40.4388616],[-79.9568459,40.4388236],[-79.9568279,40.4388364],[-79.9567878,40.4388036],[-79.9568159,40.4387838],[-79.9568121,40.4387806],[-79.9568555,40.4387499],[-79.9568594,40.4387531],[-79.9568713,40.4387446]]]}},{"type":"Feature","id":"535897389","properties":{"kind":"building"},"geometry":{"type":"Polygon","coordinates":[[[-79.9597212,40.4404489],[-79.9598364,40.4405437],[-79.9597514,40.4406058],[-79.9596358,40.4405112],[-79.9597212,40.4404489]]]}},{"type":"Feature","id":"535897390","properties":{"kind":"building"},"geometry":{"type":"Polygon","coordinates":[[[-79.9518458,40.439747],[-79.9518979,40.439778],[-79.9518081,40.439866],[-79.9517561,40.439835],[-79.9518458,40.439747]]]}},{"type":"Feature","id":"535897391","properties":{"kind":"building"},"geometry":{"type":"Polygon","coordinates":[[[-79.9562982,40.4396815],[-79.9563499,40.4397233],[-79.9562041,40.4398286],[-79.9561524,40.4397867],[-79.9562982,40.4396815]]]}},{"type":"Feature","id":"535897392","properties":{"kind":"building"},"geometry":{"type":"Polygon","coordinates":[[[-79.953423,40.4398804],[-79.9534611,40.4399107],[-79.9534093,40.4399488],[-79.9533712,40.4399185],[-79.953423,40.4398804]]]}},{"type":"Feature","id":"535897394","properties":{"kind":"building"},"geometry":{"type":"Polygon","coordinates":[[[-79.9553505,40.4387517],[-79.9554157,40.4388043],[-79.9551595,40.4389882],[-79.9551518,40.4389937],[-79.9550865,40.4389407],[-79.9551999,40.4388598],[-79.9552921,40.4387936],[-79.9553444,40.4387561],[-79.9553505,40.4387517]]]}},{"type":"Feature","id":"535897395","properties":{"kind":"building"},"geometry":{"type":"Polygon","coordinates":[[[-79.955645,40.4392066],[-79.9556975,40.4392494],[-79.9555747,40.4393365],[-79.9555234,40.4392945],[-79.9555392,40.4392835],[-79.955645,40.4392066]]]}},{"type":"Feature","id":"535897396","properties":{"kind":"building"},"geometry":{"type":"Polygon","coordinates":[[[-79.9552065,40.4387787],[-79.9552423,40.4388077],[-79.9551856,40.4388482],[-79.9551999,40.4388598],[-79.9550865,40.4389407],[-79.9550365,40.4389001],[-79.9552065,40.4387787]]]}},{"type":"Feature","id":"535897397","properties":{"kind":"building"},"geometry":{"type":"Polygon","coordinates":[[[-79.9576317,40.4385946],[-79.9576743,40.4386287],[-79.9576794,40.4386249],[-79.9577153,40.4386537],[-79.9577586,40.4386883],[-79.9577523,40.4386929],[-79.9577973,40.4387289],[-79.957478,40.4389602],[-79.9573698,40.4388737],[-79.9573662,40.4388763],[-79.957303,40.4388258],[-79.9574571,40.4387142],[-79.9574615,40.4387178],[-79.9576317,40.4385946]]]}},{"type":"Feature","id":"535897398","properties":{"kind":"building"},"geometry":{"type":"Polygon","coordinates":[[[-79.9551318,40.4387432],[-79.9551739,40.4387766],[-79.9551319,40.4388072],[-79.9551414,40.4388148],[-79.9550527,40.4388794],[-79.9550011,40.4388384],[-79.9551318,40.4387432]]]}},{"type":"Feature","id":"535897399","properties":{"kind":"building"},"geometry":{"type":"Polygon","coordinates":[[[-79.9565145,40.4387387],[-79.9565538,40.4387699],[-79.9565242,40.4387915],[-79.9565341,40.4387994],[-79.9564095,40.4388906],[-79.9563602,40.4388516],[-79.9565145,40.4387387]]]}},{"type":"Feature","id":"535897400","properties":{"kind":"building"},"geometry":{"type":"Polygon","coordinates":[[[-79.9526578,40.4396038],[-79.9527255,40.4396408],[-79.9526469,40.439725],[-79.9525791,40.4396881],[-79.9526578,40.4396038]]]}},{"type":"Feature","id":"535897401","properties":{"kind":"building"},"geometry":{"type":"Polygon","coordinates":[[[-79.9550553,40.439615],[-79.9550993,40.4396504],[-79.9550916,40.4396559],[-79.9551245,40.4396825],[-79.9550745,40.4397188],[-79.9551019,40.4397409],[-79.9550154,40.4398036],[-79.9548975,40.4397085],[-79.9550005,40.439634],[-79.955014,40.4396449],[-79.9550553,40.439615]]]}},{"type":"Feature","id":"535897402","properties":{"kind":"building"},"geometry":{"type":"Polygon","coordinates":[[[-79.9564096,40.4386476],[-79.956447,40.4386771],[-79.9564278,40.4386912],[-79.956439,40.4387001],[-79.956302,40.4388006],[-79.9562535,40.4387622],[-79.9564096,40.4386476]]]}},{"type":"Feature","id":"535897403","properties":{"kind":"building"},"geometry":{"type":"Polygon","coordinates":[[[-79.9568886,40.439581],[-79.9569381,40.4396207],[-79.9568026,40.4397192],[-79.9567713,40.4396941],[-79.9568226,40.4396568],[-79.9568044,40.4396422],[-79.9568886,40.439581]]]}},{"type":"Feature","id":"535897404","properties":{"kind":"building"},"geometry":{"type":"Polygon","coordinates":[[[-79.9527776,40.4396342],[-79.9528755,40.4396875],[-79.9527533,40.4398185],[-79.9526554,40.4397651],[-79.9527776,40.4396342]]]}},{"type":"Feature","id":"535897406","properties":{"kind":"building"},"geometry":{"type":"Polygon","coordinates":[[[-79.9504777,40.4402755],[-79.9505545,40.4403302],[-79.9505156,40.440362],[-79.9504389,40.4403074],[-79.9504777,40.4402755]]]}},{"type":"Feature","id":"535897407","properties":{"kind":"building"},"geometry":{"type":"Polygon","coordinates":[[[-79.9570799,40.4398249],[-79.9571612,40.4398892],[-79.9571106,40.4399265],[-79.9570294,40.4398623],[-79.9570799,40.4398249]]]}},{"type":"Feature","id":"535897408","properties":{"kind":"building"},"geometry":{"type":"Polygon","coordinates":[[[-79.9536977,40.4396073],[-79.9537823,40.4396765],[-79.9537219,40.4397196],[-79.9536373,40.4396504],[-79.9536977,40.4396073]]]}},{"type":"Feature","id":"535897409","properties":{"kind":"building"},"geometry":{"type":"Polygon","coordinates":[[[-79.9552636,40.4398872],[-79.9553484,40.4399546],[-79.9552522,40.4400252],[-79.9551674,40.4399578],[-79.9552636,40.4398872]]]}},{"type":"Feature","id":"535897410","properties":{"kind":"building"},"geometry":{"type":"Polygon","coordinates":[[[-79.9551444,40.4397886],[-79.9552281,40.4398544],[-79.9551299,40.4399272],[-79.9550463,40.4398614],[-79.9551444,40.4397886]]]}},{"type":"Feature","id":"535897411","properties":{"kind":"building"},"geometry":{"type":"Polygon","coordinates":[[[-79.9532226,40.439613],[-79.9533261,40.4396976],[-79.9532865,40.4397258],[-79.953183,40.4396412],[-79.9532226,40.439613]]]}},{"type":"Feature","id":"535897412","properties":{"kind":"building"},"geometry":{"type":"Polygon","coordinates":[[[-79.9578502,40.4387393],[-79.9578899,40.438771],[-79.9578743,40.4387823],[-79.957892,40.4387965],[-79.9579061,40.4387863],[-79.9579449,40.4388173],[-79.9577972,40.4389242],[-79.9578075,40.4389324],[-79.9577454,40.4389773],[-79.9576302,40.438885],[-79.957694,40.4388389],[-79.9577028,40.438846],[-79.9578502,40.4387393]]]}},{"type":"Feature","id":"535897413","properties":{"kind":"building"},"geometry":{"type":"Polygon","coordinates":[[[-79.9525835,40.4395535],[-79.9526444,40.4395867],[-79.9525589,40.4396783],[-79.952498,40.4396452],[-79.9525835,40.4395535]]]}},{"type":"Feature","id":"535897414","properties":{"kind":"building"},"geometry":{"type":"Polygon","coordinates":[[[-79.9575166,40.4395896],[-79.9575833,40.4396434],[-79.9574859,40.439714],[-79.9574192,40.4396602],[-79.9575166,40.4395896]]]}},{"type":"Feature","id":"535897415","properties":{"kind":"building"},"geometry":{"type":"Polygon","coordinates":[[[-79.9558114,40.4386835],[-79.9558561,40.4387183],[-79.9558387,40.4387313],[-79.9557588,40.4387909],[-79.9557538,40.4387946],[-79.955709,40.4387598],[-79.9558114,40.4386835]]]}},{"type":"Feature","id":"535897416","properties":{"kind":"building"},"geometry":{"type":"Polygon","coordinates":[[[-79.9538118,40.4391913],[-79.9539041,40.4392659],[-79.9537828,40.4393536],[-79.9536905,40.4392791],[-79.9538118,40.4391913]]]}},{"type":"Feature","id":"535897417","properties":{"kind":"building"},"geometry":{"type":"Polygon","coordinates":[[[-79.9556414,40.4391598],[-79.9556739,40.4391856],[-79.955645,40.4392066],[-79.9555392,40.4392835],[-79.9554889,40.4392434],[-79.9555294,40.439214],[-79.95554,40.4392224],[-79.955582,40.4391918],[-79.9555893,40.4391976],[-79.9556414,40.4391598]]]}},{"type":"Feature","id":"535897418","properties":{"kind":"building"},"geometry":{"type":"Polygon","coordinates":[[[-79.9565856,40.4387704],[-79.9566243,40.4388009],[-79.956567,40.438843],[-79.9565796,40.4388529],[-79.9564799,40.4389261],[-79.956477,40.4389239],[-79.9564595,40.4389237],[-79.9564461,40.4389117],[-79.9564475,40.4389006],[-79.9564286,40.4388857],[-79.9565856,40.4387704]]]}},{"type":"Feature","id":"535897419","properties":{"kind":"building"},"geometry":{"type":"Polygon","coordinates":[[[-79.9515109,40.4399738],[-79.9515629,40.4400048],[-79.9514708,40.440095],[-79.9514188,40.4400641],[-79.9515109,40.4399738]]]}},{"type":"Feature","id":"535897420","properties":{"kind":"building"},"geometry":{"type":"Polygon","coordinates":[[[-79.9532693,40.4399853],[-79.9533121,40.4400203],[-79.9532187,40.440087],[-79.9531759,40.440052],[-79.9532693,40.4399853]]]}},{"type":"Feature","id":"535897421","properties":{"kind":"building"},"geometry":{"type":"Polygon","coordinates":[[[-79.9521489,40.4397006],[-79.9522402,40.4397507],[-79.9521564,40.4398398],[-79.9520651,40.4397897],[-79.9521489,40.4397006]]]}},{"type":"Feature","id":"535897422","properties":{"kind":"building"},"geometry":{"type":"Polygon","coordinates":[[[-79.9545509,40.4392359],[-79.9546061,40.4392805],[-79.9544876,40.4393664],[-79.9544323,40.4393218],[-79.9545509,40.4392359]]]}},{"type":"Feature","id":"535897423","properties":{"kind":"building"},"geometry":{"type":"Polygon","coordinates":[[[-79.9506372,40.4401448],[-79.9507183,40.4402018],[-79.9506827,40.4402313],[-79.9506016,40.4401743],[-79.9506372,40.4401448]]]}},{"type":"Feature","id":"535897424","properties":{"kind":"building"},"geometry":{"type":"Polygon","coordinates":[[[-79.9526471,40.4399342],[-79.9529009,40.4400781],[-79.9525953,40.4403927],[-79.9525422,40.4403966],[-79.9524355,40.4401539],[-79.9524731,40.4401152],[-79.9524447,40.4400304],[-79.9525348,40.4399377],[-79.952605,40.4399775],[-79.9526471,40.4399342]]]}},{"type":"Feature","id":"535897425","properties":{"kind":"building"},"geometry":{"type":"Polygon","coordinates":[[[-79.9545027,40.4387058],[-79.9545428,40.4387382],[-79.9544052,40.4388367],[-79.9543727,40.4388105],[-79.9544118,40.4387825],[-79.9544042,40.4387764],[-79.9545027,40.4387058]]]}},{"type":"Feature","id":"535897427","properties":{"kind":"building"},"geometry":{"type":"Polygon","coordinates":[[[-79.9542439,40.439565],[-79.9543026,40.4396125],[-79.9541752,40.4397044],[-79.9541166,40.4396569],[-79.9542439,40.439565]]]}},{"type":"Feature","id":"535897428","properties":{"kind":"building"},"geometry":{"type":"Polygon","coordinates":[[[-79.9576201,40.4396273],[-79.9576821,40.4396773],[-79.9575463,40.4397757],[-79.9574843,40.4397258],[-79.9576201,40.4396273]]]}},{"type":"Feature","id":"535897429","properties":{"kind":"building"},"geometry":{"type":"Polygon","coordinates":[[[-79.9534012,40.4400713],[-79.9534441,40.4401064],[-79.9533575,40.4401682],[-79.9533146,40.4401331],[-79.9534012,40.4400713]]]}},{"type":"Feature","id":"535897430","properties":{"kind":"building"},"geometry":{"type":"Polygon","coordinates":[[[-79.9533078,40.4398667],[-79.9533596,40.439909],[-79.953155,40.4400551],[-79.9531033,40.4400128],[-79.9533078,40.4398667]]]}},{"type":"Feature","id":"535897431","properties":{"kind":"building"},"geometry":{"type":"Polygon","coordinates":[[[-79.9592721,40.4401549],[-79.9593806,40.4402415],[-79.9593102,40.440293],[-79.9593763,40.4403458],[-79.9593321,40.440378],[-79.9593479,40.4403906],[-79.9593191,40.4404116],[-79.959308,40.4404028],[-79.9592696,40.4404308],[-79.9591587,40.4403422],[-79.9591006,40.4403847],[-79.9592054,40.4404685],[-79.959169,40.4404951],[-79.9591872,40.4405096],[-79.959153,40.4405346],[-79.9591386,40.4405231],[-79.9591028,40.4405492],[-79.9589927,40.4404613],[-79.9589328,40.4405051],[-79.9590412,40.4405917],[-79.9590062,40.4406172],[-79.9590218,40.4406296],[-79.9589898,40.4406531],[-79.958972,40.4406389],[-79.9589319,40.4406682],[-79.9588645,40.4406144],[-79.958794,40.4406659],[-79.95869,40.4405828],[-79.9587587,40.4405326],[-79.9586883,40.4404764],[-79.9587266,40.4404484],[-79.9587121,40.4404367],[-79.9587435,40.4404138],[-79.9587589,40.4404261],[-79.9587992,40.4403967],[-79.9589014,40.4404783],[-79.9589586,40.4404365],[-79.9589246,40.4404093],[-79.9590302,40.4403321],[-79.9590657,40.4403605],[-79.9591291,40.4403142],[-79.9590285,40.4402338],[-79.9590624,40.440209],[-79.9590469,40.4401966],[-79.9590754,40.4401758],[-79.9590931,40.4401898],[-79.9591326,40.440161],[-79.9591952,40.440211],[-79.9592721,40.4401549]]]}},{"type":"Feature","id":"535897433","properties":{"kind":"building"},"geometry":{"type":"Polygon","coordinates":[[[-79.9560156,40.440267],[-79.9560486,40.4402956],[-79.9559909,40.4403344],[-79.955958,40.4403058],[-79.9560156,40.440267]]]}},{"type":"Feature","id":"535897434","properties":{"kind":"building"},"geometry":{"type":"Polygon","coordinates":[[[-79.9534277,40.4393003],[-79.9535077,40.4393657],[-79.9534471,40.4394089],[-79.9533671,40.4393435],[-79.9534277,40.4393003]]]}},{"type":"Feature","id":"535897435","properties":{"kind":"building"},"geometry":{"type":"Polygon","coordinates":[[[-79.9536411,40.4400198],[-79.9537203,40.4400845],[-79.9536251,40.4401525],[-79.9536499,40.4401727],[-79.9537468,40.4401035],[-79.9537992,40.4401463],[-79.9536011,40.4402878],[-79.9534294,40.4401475],[-79.9535242,40.4400798],[-79.9535396,40.4400923],[-79.9536411,40.4400198]]]}},{"type":"Feature","id":"535897436","properties":{"kind":"building"},"geometry":{"type":"Polygon","coordinates":[[[-79.956646,40.4396124],[-79.9566857,40.4396437],[-79.956662,40.4396612],[-79.9567082,40.4396976],[-79.956658,40.4397348],[-79.9565722,40.4396671],[-79.956646,40.4396124]]]}},{"type":"Feature","id":"535897437","properties":{"kind":"building"},"geometry":{"type":"Polygon","coordinates":[[[-79.9599979,40.4398086],[-79.9600708,40.4398669],[-79.9600383,40.4398907],[-79.9600591,40.4399073],[-79.959895,40.4400271],[-79.9598013,40.4399521],[-79.9599979,40.4398086]]]}},{"type":"Feature","id":"535897438","properties":{"kind":"building"},"geometry":{"type":"Polygon","coordinates":[[[-79.9578157,40.4395955],[-79.9579324,40.4396895],[-79.9576267,40.439911],[-79.9575101,40.439817],[-79.9578157,40.4395955]]]}},{"type":"Feature","id":"535897439","properties":{"kind":"building"},"geometry":{"type":"Polygon","coordinates":[[[-79.9567862,40.4395016],[-79.956881,40.4395793],[-79.9568079,40.4396314],[-79.956798,40.4396232],[-79.9567417,40.4396633],[-79.9566681,40.439603],[-79.9567155,40.4395692],[-79.9567043,40.43956],[-79.9567862,40.4395016]]]}},{"type":"Feature","id":"535897440","properties":{"kind":"building"},"geometry":{"type":"Polygon","coordinates":[[[-79.9520416,40.4396363],[-79.9521273,40.4396834],[-79.952052,40.4397634],[-79.9519663,40.4397163],[-79.9520416,40.4396363]]]}},{"type":"Feature","id":"535897441","properties":{"kind":"building"},"geometry":{"type":"Polygon","coordinates":[[[-79.955075,40.4386993],[-79.9551265,40.4387417],[-79.954995,40.4388339],[-79.9549437,40.4387923],[-79.955075,40.4386993]]]}},{"type":"Feature","id":"535897443","properties":{"kind":"building"},"geometry":{"type":"Polygon","coordinates":[[[-79.9556822,40.4388488],[-79.9557265,40.4388857],[-79.955672,40.4389237],[-79.9556276,40.4388868],[-79.9556822,40.4388488]]]}},{"type":"Feature","id":"535897444","properties":{"kind":"building"},"geometry":{"type":"Polygon","coordinates":[[[-79.9542021,40.4395149],[-79.9542351,40.4395416],[-79.9540912,40.4396455],[-79.9540581,40.4396187],[-79.9542021,40.4395149]]]}},{"type":"Feature","id":"535897445","properties":{"kind":"building"},"geometry":{"type":"Polygon","coordinates":[[[-79.9581728,40.4400846],[-79.9582817,40.4401625],[-79.9581502,40.4402579],[-79.9581888,40.4402883],[-79.9583218,40.4401917],[-79.9585135,40.4403378],[-79.9583189,40.4404814],[-79.9579951,40.4402234],[-79.9581728,40.4400846]]]}},{"type":"Feature","id":"535897446","properties":{"kind":"building"},"geometry":{"type":"Polygon","coordinates":[[[-79.9546186,40.4388199],[-79.9546718,40.4388633],[-79.9545398,40.4389569],[-79.9544982,40.438923],[-79.9545347,40.4388971],[-79.9545231,40.4388877],[-79.9546186,40.4388199]]]}},{"type":"Feature","id":"535897447","properties":{"kind":"building"},"geometry":{"type":"Polygon","coordinates":[[[-79.9555203,40.4399128],[-79.9555614,40.4399456],[-79.9554346,40.4400385],[-79.9554622,40.4400606],[-79.9553755,40.440124],[-79.9552918,40.4400573],[-79.9553802,40.4399925],[-79.9553653,40.4399806],[-79.9554211,40.4399396],[-79.9554511,40.4399635],[-79.9555203,40.4399128]]]}},{"type":"Feature","id":"535897448","properties":{"kind":"building"},"geometry":{"type":"Polygon","coordinates":[[[-79.9555129,40.4394909],[-79.9557207,40.4396567],[-79.9555274,40.439797],[-79.9554302,40.4397194],[-79.9555776,40.4396124],[-79.9555289,40.4395736],[-79.9553764,40.4396842],[-79.9553146,40.4396349],[-79.9555129,40.4394909]]]}},{"type":"Feature","id":"535897449","properties":{"kind":"building"},"geometry":{"type":"Polygon","coordinates":[[[-79.9604797,40.4397061],[-79.9607894,40.4399577],[-79.9605473,40.4401303],[-79.9603866,40.4399998],[-79.9602376,40.4398787],[-79.9604797,40.4397061]]]}},{"type":"Feature","id":"535897450","properties":{"kind":"building"},"geometry":{"type":"Polygon","coordinates":[[[-79.9515718,40.4399998],[-79.9516157,40.4400259],[-79.9515161,40.4401236],[-79.9514722,40.4400975],[-79.9515718,40.4399998]]]}},{"type":"Feature","id":"535897451","properties":{"kind":"building"},"geometry":{"type":"Polygon","coordinates":[[[-79.9504242,40.4403118],[-79.9504987,40.4403633],[-79.9504801,40.440379],[-79.9504285,40.4403822],[-79.9503803,40.4403489],[-79.9504242,40.4403118]]]}},{"type":"Feature","id":"535897452","properties":{"kind":"building"},"geometry":{"type":"Polygon","coordinates":[[[-79.9560649,40.4399569],[-79.9561351,40.4400134],[-79.955964,40.4401374],[-79.9558938,40.4400809],[-79.9560649,40.4399569]]]}},{"type":"Feature","id":"535897453","properties":{"kind":"building"},"geometry":{"type":"Polygon","coordinates":[[[-79.951961,40.439589],[-79.9520226,40.4396229],[-79.9519258,40.4397259],[-79.9518641,40.439692],[-79.951961,40.439589]]]}},{"type":"Feature","id":"535897454","properties":{"kind":"building"},"geometry":{"type":"Polygon","coordinates":[[[-79.9573708,40.4394408],[-79.9574041,40.4394689],[-79.9574373,40.4394971],[-79.9573942,40.4395268],[-79.9574067,40.4395373],[-79.957323,40.439595],[-79.9572773,40.4395563],[-79.9572303,40.4395164],[-79.9573108,40.4394609],[-79.9573246,40.4394726],[-79.9573708,40.4394408]]]}},{"type":"Feature","id":"535897455","properties":{"kind":"building"},"geometry":{"type":"Polygon","coordinates":[[[-79.9512636,40.4398501],[-79.951302,40.439873],[-79.9512623,40.4399118],[-79.951224,40.439889],[-79.9512636,40.4398501]]]}},{"type":"Feature","id":"535897456","properties":{"kind":"building"},"geometry":{"type":"Polygon","coordinates":[[[-79.9592739,40.4388201],[-79.9594477,40.4389579],[-79.9590484,40.4392496],[-79.9588747,40.4391118],[-79.9592739,40.4388201]]]}},{"type":"Feature","id":"535897457","properties":{"kind":"building"},"geometry":{"type":"Polygon","coordinates":[[[-79.9564373,40.4396629],[-79.9564758,40.439694],[-79.956423,40.4397322],[-79.9563845,40.439701],[-79.9564373,40.4396629]]]}},{"type":"Feature","id":"535897458","properties":{"kind":"building"},"geometry":{"type":"Polygon","coordinates":[[[-79.9557549,40.4396881],[-79.955863,40.4397745],[-79.9557067,40.4398878],[-79.9555986,40.4398014],[-79.9557549,40.4396881]]]}},{"type":"Feature","id":"535897460","properties":{"kind":"building"},"geometry":{"type":"Polygon","coordinates":[[[-79.9539349,40.4396941],[-79.9539845,40.4397343],[-79.9539106,40.4397876],[-79.953861,40.4397474],[-79.9539349,40.4396941]]]}},{"type":"Feature","id":"535897461","properties":{"kind":"building"},"geometry":{"type":"Polygon","coordinates":[[[-79.9569969,40.4390975],[-79.9570378,40.4391307],[-79.9568438,40.4392702],[-79.9568029,40.4392371],[-79.9569969,40.4390975]]]}},{"type":"Feature","id":"535897462","properties":{"kind":"building"},"geometry":{"type":"Polygon","coordinates":[[[-79.9550015,40.4391007],[-79.9550128,40.4391099],[-79.9550266,40.4391001],[-79.955055,40.4391233],[-79.9550397,40.4391341],[-79.9549458,40.4392008],[-79.9549358,40.4391926],[-79.9548899,40.4392252],[-79.9548602,40.4392009],[-79.9550015,40.4391007]]]}},{"type":"Feature","id":"535897463","properties":{"kind":"building"},"geometry":{"type":"Polygon","coordinates":[[[-79.9572955,40.4391286],[-79.9573325,40.4391587],[-79.957288,40.4391907],[-79.9573177,40.4392148],[-79.9573661,40.4391799],[-79.9574019,40.439209],[-79.9572888,40.4392903],[-79.9571863,40.4392072],[-79.9572955,40.4391286]]]}},{"type":"Feature","id":"535897464","properties":{"kind":"building"},"geometry":{"type":"Polygon","coordinates":[[[-79.9561978,40.440108],[-79.9563269,40.440212],[-79.9562162,40.4402922],[-79.9561265,40.44022],[-79.9561465,40.4402055],[-79.9561071,40.4401737],[-79.9561978,40.440108]]]}},{"type":"Feature","id":"535897465","properties":{"kind":"building"},"geometry":{"type":"Polygon","coordinates":[[[-79.9559389,40.4392451],[-79.9559855,40.4392826],[-79.9559333,40.4393201],[-79.9558865,40.4392823],[-79.9559389,40.4392451]]]}},{"type":"Feature","id":"535897466","properties":{"kind":"building"},"geometry":{"type":"Polygon","coordinates":[[[-79.9512697,40.4402034],[-79.9514433,40.4403139],[-79.9513787,40.4403732],[-79.951205,40.4402627],[-79.9512697,40.4402034]]]}},{"type":"Feature","id":"535897467","properties":{"kind":"building"},"geometry":{"type":"Polygon","coordinates":[[[-79.9570473,40.4391623],[-79.9571177,40.4392213],[-79.9570703,40.4392543],[-79.9570867,40.4392681],[-79.9570004,40.4393282],[-79.9569063,40.4392493],[-79.9569915,40.43919],[-79.9569988,40.4391961],[-79.9570473,40.4391623]]]}},{"type":"Feature","id":"535897468","properties":{"kind":"building"},"geometry":{"type":"Polygon","coordinates":[[[-79.9558934,40.4387745],[-79.9559111,40.4387631],[-79.9559546,40.4387983],[-79.955852,40.4388716],[-79.9558404,40.4388623],[-79.9558126,40.4388822],[-79.9557807,40.4388564],[-79.9558018,40.4388416],[-79.9558934,40.4387745]]]}},{"type":"Feature","id":"535897469","properties":{"kind":"building"},"geometry":{"type":"Polygon","coordinates":[[[-79.9558485,40.4398068],[-79.955915,40.4398568],[-79.955748,40.4399733],[-79.955684,40.4399253],[-79.9558485,40.4398068]]]}},{"type":"Feature","id":"535897470","properties":{"kind":"building"},"geometry":{"type":"Polygon","coordinates":[[[-79.9532641,40.4392563],[-79.95331,40.4392842],[-79.953279,40.439314],[-79.953233,40.4392861],[-79.9532641,40.4392563]]]}},{"type":"Feature","id":"535897471","properties":{"kind":"building"},"geometry":{"type":"Polygon","coordinates":[[[-79.9553672,40.4404504],[-79.9554177,40.4404915],[-79.9553175,40.4405635],[-79.9552963,40.4405462],[-79.9552507,40.4405789],[-79.9552214,40.440555],[-79.9553672,40.4404504]]]}},{"type":"Feature","id":"535897472","properties":{"kind":"building"},"geometry":{"type":"Polygon","coordinates":[[[-79.9563339,40.4397456],[-79.9563678,40.4397728],[-79.9562855,40.4398327],[-79.9562926,40.4398383],[-79.9562558,40.4398651],[-79.9562149,40.4398323],[-79.9563339,40.4397456]]]}},{"type":"Feature","id":"535897473","properties":{"kind":"building"},"geometry":{"type":"Polygon","coordinates":[[[-79.9518146,40.439513],[-79.9518875,40.4395531],[-79.9517332,40.4397171],[-79.9516603,40.4396771],[-79.9518146,40.439513]]]}},{"type":"Feature","id":"535897474","properties":{"kind":"building"},"geometry":{"type":"Polygon","coordinates":[[[-79.95981,40.4402261],[-79.960101,40.4404589],[-79.9599204,40.4405907],[-79.9596392,40.4403507],[-79.95981,40.4402261]]]}},{"type":"Feature","id":"535897475","properties":{"kind":"building"},"geometry":{"type":"Polygon","coordinates":[[[-79.9588333,40.4411009],[-79.9590189,40.441253],[-79.9584479,40.4416557],[-79.9581292,40.4414063],[-79.9582485,40.4413213],[-79.9582941,40.4413587],[-79.9583532,40.4413166],[-79.9583289,40.4412966],[-79.9584346,40.4412213],[-79.9585539,40.441319],[-79.9585376,40.4413306],[-79.9585922,40.4413754],[-79.9586303,40.4413482],[-79.9585741,40.4413022],[-79.9586038,40.4412811],[-79.9585927,40.4412721],[-79.9586494,40.4412317],[-79.9587114,40.4412824],[-79.9587194,40.4412767],[-79.95875,40.4413018],[-79.9587565,40.4412971],[-79.958703,40.4412533],[-79.9587728,40.4412036],[-79.9587269,40.441166],[-79.9587745,40.441132],[-79.9587815,40.4411378],[-79.9588333,40.4411009]]]}},{"type":"Feature","id":"535897476","properties":{"kind":"building"},"geometry":{"type":"Polygon","coordinates":[[[-79.956532,40.4404656],[-79.9566524,40.4405627],[-79.9564787,40.440689],[-79.9563567,40.4405921],[-79.956532,40.4404656]]]}},{"type":"Feature","id":"535897479","properties":{"kind":"building"},"geometry":{"type":"Polygon","coordinates":[[[-79.961603,40.438883],[-79.9617426,40.4389987],[-79.9616254,40.4390842],[-79.961485,40.4389685],[-79.961603,40.438883]]]}},{"type":"Feature","id":"535897480","properties":{"kind":"building"},"geometry":{"type":"Polygon","coordinates":[[[-79.9574487,40.4392617],[-79.9575565,40.4393455],[-79.9574711,40.4394097],[-79.9574352,40.4393817],[-79.9573633,40.4393259],[-79.9574487,40.4392617]]]}},{"type":"Feature","id":"535897481","properties":{"kind":"building"},"geometry":{"type":"Polygon","coordinates":[[[-79.9558324,40.4393275],[-79.9558695,40.4393567],[-79.955844,40.4393754],[-79.9558631,40.4393904],[-79.9558528,40.439398],[-79.9557513,40.4394726],[-79.955695,40.4394283],[-79.9557083,40.4394184],[-79.9557372,40.4393972],[-79.9557514,40.4394084],[-79.9557597,40.4394023],[-79.9557455,40.4393912],[-79.9558324,40.4393275]]]}},{"type":"Feature","id":"535897482","properties":{"kind":"building"},"geometry":{"type":"Polygon","coordinates":[[[-79.9532858,40.4392121],[-79.9533341,40.4392415],[-79.9533071,40.4392674],[-79.9532588,40.439238],[-79.9532858,40.4392121]]]}},{"type":"Feature","id":"535897483","properties":{"kind":"building"},"geometry":{"type":"Polygon","coordinates":[[[-79.9553742,40.4378287],[-79.9554229,40.4378681],[-79.9552625,40.4379829],[-79.9552441,40.437968],[-79.9552503,40.4379636],[-79.95522,40.4379391],[-79.9553742,40.4378287]]]}},{"type":"Feature","id":"535897484","properties":{"kind":"building"},"geometry":{"type":"Polygon","coordinates":[[[-79.9533477,40.4393708],[-79.9533861,40.4394022],[-79.9533459,40.4394309],[-79.9533075,40.4393995],[-79.9533477,40.4393708]]]}},{"type":"Feature","id":"535897485","properties":{"kind":"building"},"geometry":{"type":"Polygon","coordinates":[[[-79.9601926,40.4377553],[-79.9602839,40.4378279],[-79.9601937,40.4378936],[-79.9601024,40.437821],[-79.9601926,40.4377553]]]}},{"type":"Feature","id":"535897486","properties":{"kind":"building"},"geometry":{"type":"Polygon","coordinates":[[[-79.9555317,40.4390641],[-79.955572,40.4390971],[-79.9554222,40.4392042],[-79.9554151,40.4392093],[-79.9553595,40.4391645],[-79.955476,40.4390809],[-79.9554912,40.4390932],[-79.9555317,40.4390641]]]}},{"type":"Feature","id":"535897487","properties":{"kind":"building"},"geometry":{"type":"Polygon","coordinates":[[[-79.9534564,40.4391633],[-79.9535282,40.4392212],[-79.9534881,40.4392502],[-79.9534163,40.4391923],[-79.9534564,40.4391633]]]}},{"type":"Feature","id":"535897488","properties":{"kind":"building"},"geometry":{"type":"Polygon","coordinates":[[[-79.9561842,40.4389972],[-79.9562299,40.4390341],[-79.9560863,40.4391371],[-79.9560512,40.4391088],[-79.956069,40.4390961],[-79.9560584,40.4390875],[-79.9561842,40.4389972]]]}},{"type":"Feature","id":"535897489","properties":{"kind":"building"},"geometry":{"type":"Polygon","coordinates":[[[-79.9512436,40.4393581],[-79.9512531,40.439401],[-79.9511477,40.4394905],[-79.9511265,40.4394512],[-79.9511537,40.4394393],[-79.9511388,40.4393904],[-79.9512436,40.4393581]]]}},{"type":"Feature","id":"535897490","properties":{"kind":"building"},"geometry":{"type":"Polygon","coordinates":[[[-79.9510768,40.4394699],[-79.9511051,40.4395176],[-79.9510728,40.4395518],[-79.9510357,40.4394862],[-79.9510768,40.4394699]]]}},{"type":"Feature","id":"535897491","properties":{"kind":"building"},"geometry":{"type":"Polygon","coordinates":[[[-79.954818,40.4378903],[-79.9548702,40.4379317],[-79.9547612,40.4380112],[-79.954756,40.4380071],[-79.9547225,40.4380315],[-79.9546756,40.4379943],[-79.954818,40.4378903]]]}},{"type":"Feature","id":"535897492","properties":{"kind":"building"},"geometry":{"type":"Polygon","coordinates":[[[-79.955572,40.4390971],[-79.9556064,40.4391249],[-79.9555561,40.4391609],[-79.9555716,40.4391735],[-79.9554922,40.4392303],[-79.9554888,40.4392276],[-79.9554687,40.4392419],[-79.9554222,40.4392042],[-79.955572,40.4390971]]]}},{"type":"Feature","id":"535897493","properties":{"kind":"building"},"geometry":{"type":"Polygon","coordinates":[[[-79.9528128,40.4393816],[-79.952921,40.4394474],[-79.9528814,40.4394854],[-79.9527732,40.4394196],[-79.9528128,40.4393816]]]}},{"type":"Feature","id":"535897494","properties":{"kind":"building"},"geometry":{"type":"Polygon","coordinates":[[[-79.9531241,40.4390868],[-79.9532038,40.4391352],[-79.9531676,40.43917],[-79.9530879,40.4391216],[-79.9531241,40.4390868]]]}},{"type":"Feature","id":"535897495","properties":{"kind":"building"},"geometry":{"type":"Polygon","coordinates":[[[-79.9590377,40.4377684],[-79.959056,40.4377828],[-79.9590633,40.4377775],[-79.9591077,40.4378126],[-79.9590929,40.4378235],[-79.9589744,40.4379103],[-79.9589185,40.437865],[-79.9589272,40.4378586],[-79.9589211,40.4378538],[-79.9590377,40.4377684]]]}},{"type":"Feature","id":"535897496","properties":{"kind":"building"},"geometry":{"type":"Polygon","coordinates":[[[-79.957159,40.4392565],[-79.957224,40.4393107],[-79.9571811,40.4393407],[-79.9571923,40.4393501],[-79.9571014,40.4394137],[-79.9570054,40.4393336],[-79.9570995,40.4392678],[-79.9571192,40.4392843],[-79.957159,40.4392565]]]}},{"type":"Feature","id":"535897497","properties":{"kind":"building"},"geometry":{"type":"Polygon","coordinates":[[[-79.9564743,40.4376915],[-79.9564955,40.4376922],[-79.9565097,40.4377025],[-79.9565073,40.4377173],[-79.9565122,40.4377213],[-79.9565422,40.4377001],[-79.9565785,40.4377292],[-79.9565486,40.4377503],[-79.9565541,40.4377548],[-79.9565744,40.4377551],[-79.9565869,40.4377654],[-79.956587,40.437782],[-79.9565082,40.4378388],[-79.9564941,40.4378275],[-79.9563322,40.4379443],[-79.9563162,40.4379448],[-79.9562992,40.4379317],[-79.9562998,40.4379183],[-79.9562787,40.4379014],[-79.9562627,40.4379011],[-79.956246,40.4378899],[-79.9562467,40.4378757],[-79.9564117,40.4377566],[-79.9563986,40.4377461],[-79.9564743,40.4376915]]]}},{"type":"Feature","id":"535897499","properties":{"kind":"building"},"geometry":{"type":"Polygon","coordinates":[[[-79.9552645,40.4392907],[-79.95531,40.4393273],[-79.9552194,40.4393926],[-79.9551624,40.4394337],[-79.9551151,40.4393957],[-79.9551328,40.4393829],[-79.9551453,40.439393],[-79.9551805,40.4393676],[-79.9551697,40.4393589],[-79.9552645,40.4392907]]]}},{"type":"Feature","id":"535897500","properties":{"kind":"building"},"geometry":{"type":"Polygon","coordinates":[[[-79.9528648,40.4393323],[-79.9529555,40.4393875],[-79.9529061,40.439435],[-79.9528153,40.4393798],[-79.9528648,40.4393323]]]}},{"type":"Feature","id":"535897501","properties":{"kind":"building"},"geometry":{"type":"Polygon","coordinates":[[[-79.9569432,40.4390707],[-79.9569809,40.4391017],[-79.9567951,40.439234],[-79.9567432,40.4391914],[-79.9568459,40.4391183],[-79.95686,40.4391299],[-79.9569432,40.4390707]]]}},{"type":"Feature","id":"535897502","properties":{"kind":"building"},"geometry":{"type":"Polygon","coordinates":[[[-79.9530737,40.439129],[-79.9531901,40.4391999],[-79.9531479,40.4392405],[-79.9530314,40.4391696],[-79.9530737,40.439129]]]}},{"type":"Feature","id":"535897503","properties":{"kind":"building"},"geometry":{"type":"Polygon","coordinates":[[[-79.9543707,40.4391118],[-79.9544184,40.4391503],[-79.9543193,40.439222],[-79.9542716,40.4391835],[-79.9543707,40.4391118]]]}},{"type":"Feature","id":"535897505","properties":{"kind":"building"},"geometry":{"type":"Polygon","coordinates":[[[-79.9602826,40.4380766],[-79.9603149,40.4381038],[-79.9602577,40.4381431],[-79.9602254,40.4381159],[-79.9602826,40.4380766]]]}},{"type":"Feature","id":"535897507","properties":{"kind":"building"},"geometry":{"type":"Polygon","coordinates":[[[-79.954555,40.4377059],[-79.9545626,40.4377122],[-79.9545805,40.4377121],[-79.9545926,40.4377221],[-79.9545924,40.4377368],[-79.9546059,40.4377478],[-79.9544768,40.4378392],[-79.9544351,40.4378687],[-79.954447,40.4378766],[-79.9543991,40.4379108],[-79.9543262,40.4378495],[-79.9544192,40.4377838],[-79.9544262,40.4377895],[-79.9544655,40.4377618],[-79.9544703,40.4377658],[-79.954555,40.4377059]]]}},{"type":"Feature","id":"535897508","properties":{"kind":"building"},"geometry":{"type":"Polygon","coordinates":[[[-79.9547059,40.437827],[-79.9547144,40.4378338],[-79.95473,40.4378344],[-79.9547419,40.4378428],[-79.9547421,40.4378558],[-79.9547473,40.4378599],[-79.9546195,40.437953],[-79.9545616,40.4379069],[-79.9545994,40.4378794],[-79.9546159,40.4378925],[-79.9547059,40.437827]]]}},{"type":"Feature","id":"535897509","properties":{"kind":"building"},"geometry":{"type":"Polygon","coordinates":[[[-79.9536561,40.439054],[-79.9537658,40.4391426],[-79.9536511,40.4392256],[-79.9535414,40.439137],[-79.9536561,40.439054]]]}},{"type":"Feature","id":"535897511","properties":{"kind":"building"},"geometry":{"type":"Polygon","coordinates":[[[-79.9535482,40.4394183],[-79.953616,40.4394737],[-79.9535568,40.439516],[-79.9534891,40.4394606],[-79.9535482,40.4394183]]]}},{"type":"Feature","id":"535897512","properties":{"kind":"building"},"geometry":{"type":"Polygon","coordinates":[[[-79.9543628,40.4379779],[-79.9544139,40.4380192],[-79.9543785,40.4380448],[-79.9543274,40.4380035],[-79.9543628,40.4379779]]]}},{"type":"Feature","id":"535897513","properties":{"kind":"building"},"geometry":{"type":"Polygon","coordinates":[[[-79.9557516,40.4393083],[-79.9557678,40.4393212],[-79.9558147,40.4392868],[-79.9558499,40.4393146],[-79.9558324,40.4393275],[-79.9557455,40.4393912],[-79.9557372,40.4393972],[-79.9557083,40.4394184],[-79.9557011,40.4394127],[-79.9556865,40.4394234],[-79.9556423,40.4393885],[-79.9557516,40.4393083]]]}},{"type":"Feature","id":"535897515","properties":{"kind":"building"},"geometry":{"type":"Polygon","coordinates":[[[-79.9546234,40.4392838],[-79.9546855,40.4393339],[-79.9545585,40.4394258],[-79.9544964,40.4393757],[-79.9546234,40.4392838]]]}},{"type":"Feature","id":"535897516","properties":{"kind":"building"},"geometry":{"type":"Polygon","coordinates":[[[-79.95531,40.4393273],[-79.9553611,40.4393691],[-79.9552295,40.4394634],[-79.955208,40.4394461],[-79.9552141,40.4394417],[-79.9551986,40.4394292],[-79.9552336,40.4394041],[-79.9552194,40.4393926],[-79.95531,40.4393273]]]}},{"type":"Feature","id":"535897517","properties":{"kind":"building"},"geometry":{"type":"Polygon","coordinates":[[[-79.9543318,40.4390345],[-79.9543856,40.4390779],[-79.954253,40.4391739],[-79.9541992,40.4391305],[-79.9543318,40.4390345]]]}},{"type":"Feature","id":"535897518","properties":{"kind":"building"},"geometry":{"type":"Polygon","coordinates":[[[-79.9530259,40.4391774],[-79.9531475,40.4392513],[-79.9530928,40.4393038],[-79.9529712,40.4392299],[-79.9530259,40.4391774]]]}},{"type":"Feature","id":"535897519","properties":{"kind":"building"},"geometry":{"type":"Polygon","coordinates":[[[-79.954016,40.4393673],[-79.9540526,40.439397],[-79.9539141,40.4394968],[-79.9538775,40.4394672],[-79.954016,40.4393673]]]}},{"type":"Feature","id":"535897520","properties":{"kind":"building"},"geometry":{"type":"Polygon","coordinates":[[[-79.9560091,40.43929],[-79.9560526,40.4393265],[-79.9559661,40.4393863],[-79.9559571,40.4393925],[-79.9559135,40.439356],[-79.9560091,40.43929]]]}},{"type":"Feature","id":"535897521","properties":{"kind":"building"},"geometry":{"type":"Polygon","coordinates":[[[-79.9562864,40.4390834],[-79.9563298,40.4391171],[-79.9561974,40.4392158],[-79.9561629,40.4391891],[-79.9561908,40.4391683],[-79.9561846,40.4391636],[-79.9562213,40.4391362],[-79.9562129,40.4391296],[-79.9562648,40.4390909],[-79.9562704,40.4390953],[-79.9562864,40.4390834]]]}},{"type":"Feature","id":"535897522","properties":{"kind":"building"},"geometry":{"type":"Polygon","coordinates":[[[-79.9576406,40.4376153],[-79.9576728,40.4376412],[-79.9576508,40.4376543],[-79.9576837,40.4376788],[-79.9577034,40.4376658],[-79.9577341,40.4376905],[-79.9574365,40.4379047],[-79.9573431,40.4378296],[-79.9574757,40.4377341],[-79.9574938,40.4377487],[-79.9575261,40.437725],[-79.9575084,40.4377105],[-79.9576406,40.4376153]]]}},{"type":"Feature","id":"535897524","properties":{"kind":"building"},"geometry":{"type":"Polygon","coordinates":[[[-79.9530585,40.4394478],[-79.9531131,40.439481],[-79.9530693,40.439523],[-79.9530147,40.4394898],[-79.9530585,40.4394478]]]}},{"type":"Feature","id":"535897525","properties":{"kind":"building"},"geometry":{"type":"Polygon","coordinates":[[[-79.9551443,40.4391865],[-79.9551822,40.4392171],[-79.9550211,40.4393325],[-79.9549938,40.4393104],[-79.9550396,40.4392776],[-79.9550291,40.4392691],[-79.9551443,40.4391865]]]}},{"type":"Feature","id":"535897527","properties":{"kind":"building"},"geometry":{"type":"Polygon","coordinates":[[[-79.9579328,40.4391808],[-79.9579656,40.4392073],[-79.9579595,40.4392118],[-79.9579947,40.4392403],[-79.9580006,40.4392361],[-79.9580328,40.439262],[-79.9578877,40.439366],[-79.9578486,40.4393345],[-79.957933,40.4392739],[-79.9579156,40.4392598],[-79.9578303,40.4393209],[-79.9577866,40.4392855],[-79.9579328,40.4391808]]]}},{"type":"Feature","id":"535897528","properties":{"kind":"building"},"geometry":{"type":"Polygon","coordinates":[[[-79.9509739,40.4394516],[-79.951004,40.4395046],[-79.9508341,40.4395609],[-79.950804,40.4395079],[-79.9509739,40.4394516]]]}},{"type":"Feature","id":"535897529","properties":{"kind":"building"},"geometry":{"type":"Polygon","coordinates":[[[-79.9551034,40.4380995],[-79.9551602,40.438144],[-79.9550404,40.4382316],[-79.9549976,40.4382628],[-79.954958,40.4382313],[-79.9550061,40.4381962],[-79.9549896,40.4381831],[-79.9551034,40.4380995]]]}},{"type":"Feature","id":"535897530","properties":{"kind":"building"},"geometry":{"type":"Polygon","coordinates":[[[-79.9569826,40.438083],[-79.9569893,40.4380885],[-79.957006,40.4380767],[-79.9570408,40.4381052],[-79.9570254,40.4381162],[-79.9570662,40.4381497],[-79.9569551,40.4382283],[-79.9569428,40.4382183],[-79.9569244,40.4382313],[-79.9568891,40.4382024],[-79.9568806,40.4382084],[-79.9568502,40.4381835],[-79.9568573,40.4381785],[-79.9568528,40.4381748],[-79.9569826,40.438083]]]}},{"type":"Feature","id":"535897531","properties":{"kind":"building"},"geometry":{"type":"Polygon","coordinates":[[[-79.9554548,40.4390115],[-79.9555099,40.4390554],[-79.955476,40.4390809],[-79.9553595,40.4391645],[-79.9553327,40.4391428],[-79.9553261,40.4391476],[-79.9552985,40.4391256],[-79.9553141,40.4391143],[-79.9554548,40.4390115]]]}},{"type":"Feature","id":"535897532","properties":{"kind":"building"},"geometry":{"type":"Polygon","coordinates":[[[-79.9549362,40.4390485],[-79.9549918,40.4390932],[-79.95488,40.4391736],[-79.9548675,40.4391635],[-79.9548432,40.439181],[-79.9548556,40.439191],[-79.9548331,40.4392072],[-79.9547776,40.4391625],[-79.9549362,40.4390485]]]}},{"type":"Feature","id":"535897533","properties":{"kind":"building"},"geometry":{"type":"Polygon","coordinates":[[[-79.9548544,40.4390169],[-79.9549074,40.4390601],[-79.9548171,40.4391244],[-79.9548063,40.4391155],[-79.9547594,40.4391489],[-79.9547173,40.4391145],[-79.9548544,40.4390169]]]}},{"type":"Feature","id":"535897534","properties":{"kind":"building"},"geometry":{"type":"Polygon","coordinates":[[[-79.9544303,40.4391492],[-79.9544738,40.4391843],[-79.954364,40.4392638],[-79.9543205,40.4392287],[-79.9544303,40.4391492]]]}},{"type":"Feature","id":"535897535","properties":{"kind":"building"},"geometry":{"type":"Polygon","coordinates":[[[-79.9578847,40.4379874],[-79.9579734,40.4380594],[-79.9579714,40.4380758],[-79.9579557,40.4380878],[-79.9579397,40.438091],[-79.9579464,40.4380965],[-79.9579078,40.438124],[-79.9578937,40.4381125],[-79.9578729,40.4381274],[-79.9578878,40.4381395],[-79.9578502,40.4381662],[-79.9578436,40.4381609],[-79.957841,40.4381627],[-79.9578387,40.438175],[-79.9578232,40.4381856],[-79.9578012,40.4381884],[-79.9576834,40.4380929],[-79.9577604,40.4380379],[-79.9577975,40.438068],[-79.9578367,40.43804],[-79.9578247,40.4380303],[-79.9578847,40.4379874]]]}},{"type":"Feature","id":"535897536","properties":{"kind":"building"},"geometry":{"type":"Polygon","coordinates":[[[-79.9531669,40.4393534],[-79.9532161,40.4393833],[-79.953169,40.4394285],[-79.9531199,40.4393986],[-79.9531669,40.4393534]]]}},{"type":"Feature","id":"535897537","properties":{"kind":"building"},"geometry":{"type":"Polygon","coordinates":[[[-79.9509615,40.4393693],[-79.9509846,40.4394099],[-79.9507745,40.4394795],[-79.9507514,40.4394389],[-79.9509615,40.4393693]]]}},{"type":"Feature","id":"535897538","properties":{"kind":"building"},"geometry":{"type":"Polygon","coordinates":[[[-79.9599023,40.4380474],[-79.9599451,40.4380831],[-79.9597846,40.4381943],[-79.9597419,40.4381586],[-79.9599023,40.4380474]]]}},{"type":"Feature","id":"535897539","properties":{"kind":"building"},"geometry":{"type":"Polygon","coordinates":[[[-79.9596969,40.4373544],[-79.9597871,40.4374258],[-79.9596957,40.4374927],[-79.9596055,40.4374213],[-79.9596969,40.4373544]]]}},{"type":"Feature","id":"535897540","properties":{"kind":"building"},"geometry":{"type":"Polygon","coordinates":[[[-79.9548434,40.4373988],[-79.9548844,40.4374316],[-79.9547294,40.4375438],[-79.9546756,40.4375004],[-79.9547837,40.4374221],[-79.9547967,40.4374326],[-79.9548434,40.4373988]]]}},{"type":"Feature","id":"535897541","properties":{"kind":"building"},"geometry":{"type":"Polygon","coordinates":[[[-79.9569487,40.437511],[-79.9569168,40.4374854],[-79.9569232,40.4374808],[-79.9568748,40.437442],[-79.9568671,40.4374476],[-79.9568316,40.4374193],[-79.9569874,40.4373064],[-79.9570092,40.4373239],[-79.9571029,40.4372561],[-79.957196,40.4373306],[-79.9570956,40.4374033],[-79.9570817,40.4373922],[-79.9570376,40.4374242],[-79.9570523,40.437436],[-79.9569487,40.437511]]]}},{"type":"Feature","id":"535897542","properties":{"kind":"building"},"geometry":{"type":"Polygon","coordinates":[[[-79.9578792,40.437404],[-79.9578311,40.4374389],[-79.9576231,40.4372713],[-79.9577316,40.4371927],[-79.9579396,40.4373603],[-79.9578792,40.437404]]]}},{"type":"Feature","id":"535897543","properties":{"kind":"building"},"geometry":{"type":"Polygon","coordinates":[[[-79.9570189,40.437117],[-79.9570456,40.4371386],[-79.9570315,40.4371487],[-79.9570646,40.4371754],[-79.9570803,40.4371642],[-79.9571119,40.4371898],[-79.9569808,40.4372836],[-79.9569627,40.437269],[-79.956931,40.4372917],[-79.9569505,40.4373074],[-79.9568158,40.4374038],[-79.9567231,40.4373288],[-79.9568566,40.4372332],[-79.9568717,40.4372454],[-79.9569056,40.4372211],[-79.9568905,40.437209],[-79.9570189,40.437117]]]}},{"type":"Feature","id":"535897544","properties":{"kind":"building"},"geometry":{"type":"Polygon","coordinates":[[[-79.9586324,40.4373805],[-79.9585127,40.4374688],[-79.9584728,40.4374374],[-79.9584512,40.4374533],[-79.9584168,40.4374263],[-79.9584505,40.4374015],[-79.9584546,40.4374047],[-79.9585767,40.4373146],[-79.9586046,40.4373365],[-79.95859,40.4373472],[-79.9586324,40.4373805]]]}},{"type":"Feature","id":"535897546","properties":{"kind":"building"},"geometry":{"type":"Polygon","coordinates":[[[-79.9595976,40.4374162],[-79.959504,40.437341],[-79.959597,40.437274],[-79.9596905,40.4373492],[-79.9595976,40.4374162]]]}},{"type":"Feature","id":"535897547","properties":{"kind":"building"},"geometry":{"type":"Polygon","coordinates":[[[-79.9554857,40.4374044],[-79.9556454,40.4372901],[-79.9557025,40.4373363],[-79.9556666,40.437362],[-79.9556599,40.4373566],[-79.955638,40.4373722],[-79.9556397,40.4373829],[-79.9555686,40.4374338],[-79.9555614,40.4374389],[-79.9555464,40.4374268],[-79.9555288,40.4374393],[-79.9554857,40.4374044]]]}},{"type":"Feature","id":"535897548","properties":{"kind":"building"},"geometry":{"type":"Polygon","coordinates":[[[-79.95888,40.4374144],[-79.9588367,40.4374458],[-79.9586788,40.4373186],[-79.9587154,40.4372923],[-79.9587429,40.4373145],[-79.9587349,40.4373202],[-79.9587694,40.437348],[-79.958784,40.4373375],[-79.95888,40.4374144]]]}},{"type":"Feature","id":"535897549","properties":{"kind":"building"},"geometry":{"type":"Polygon","coordinates":[[[-79.9562025,40.4374289],[-79.9562432,40.4374606],[-79.9561521,40.4375276],[-79.9561425,40.4375201],[-79.9560793,40.4375666],[-79.9560486,40.4375413],[-79.9562025,40.4374289]]]}},{"type":"Feature","id":"535897550","properties":{"kind":"building"},"geometry":{"type":"Polygon","coordinates":[[[-79.955159,40.4373705],[-79.9550595,40.4374427],[-79.9550504,40.4374354],[-79.9550095,40.4374652],[-79.9549773,40.4374396],[-79.9551178,40.4373375],[-79.955159,40.4373705]]]}},{"type":"Feature","id":"535897551","properties":{"kind":"building"},"geometry":{"type":"Polygon","coordinates":[[[-79.9560307,40.4374382],[-79.9560177,40.4374276],[-79.9559852,40.4374508],[-79.9559516,40.4374245],[-79.95609,40.4373257],[-79.9561358,40.4373632],[-79.9560307,40.4374382]]]}},{"type":"Feature","id":"535897552","properties":{"kind":"building"},"geometry":{"type":"Polygon","coordinates":[[[-79.9584285,40.4374059],[-79.9583588,40.4373495],[-79.9585065,40.4372439],[-79.9585506,40.4372796],[-79.9585403,40.4372869],[-79.9585659,40.4373076],[-79.9584285,40.4374059]]]}},{"type":"Feature","id":"535897554","properties":{"kind":"building"},"geometry":{"type":"Polygon","coordinates":[[[-79.9570996,40.4389388],[-79.9572031,40.4390211],[-79.9571235,40.4390796],[-79.9570757,40.4390416],[-79.9570605,40.4390528],[-79.9570047,40.4390085],[-79.9570996,40.4389388]]]}},{"type":"Feature","id":"535897555","properties":{"kind":"building"},"geometry":{"type":"Polygon","coordinates":[[[-79.9554196,40.4389731],[-79.9554617,40.4390064],[-79.9554548,40.4390115],[-79.9553141,40.4391143],[-79.9552598,40.4390712],[-79.955368,40.4389922],[-79.9553802,40.4390019],[-79.9554196,40.4389731]]]}},{"type":"Feature","id":"535897556","properties":{"kind":"building"},"geometry":{"type":"Polygon","coordinates":[[[-79.9535763,40.4389989],[-79.9536148,40.43903],[-79.9534742,40.4391318],[-79.9534356,40.4391007],[-79.9535763,40.4389989]]]}},{"type":"Feature","id":"535897557","properties":{"kind":"building"},"geometry":{"type":"Polygon","coordinates":[[[-79.955359,40.4389158],[-79.9553898,40.4389406],[-79.9553404,40.4389762],[-79.955356,40.4389887],[-79.9552526,40.4390633],[-79.9552064,40.4390258],[-79.955359,40.4389158]]]}},{"type":"Feature","id":"535897558","properties":{"kind":"building"},"geometry":{"type":"Polygon","coordinates":[[[-79.9548149,40.438949],[-79.9548701,40.438993],[-79.9547556,40.4390764],[-79.9547449,40.4390679],[-79.9547242,40.439083],[-79.9547343,40.4390911],[-79.9547101,40.4391087],[-79.9546554,40.4390652],[-79.9548149,40.438949]]]}},{"type":"Feature","id":"535897559","properties":{"kind":"building"},"geometry":{"type":"Polygon","coordinates":[[[-79.9558148,40.4389367],[-79.9558574,40.4389687],[-79.9557835,40.4390258],[-79.9557409,40.4389938],[-79.9558148,40.4389367]]]}},{"type":"Feature","id":"535897560","properties":{"kind":"building"},"geometry":{"type":"Polygon","coordinates":[[[-79.9555696,40.4389316],[-79.9556226,40.4389761],[-79.9555423,40.4390316],[-79.9554893,40.4389871],[-79.9555696,40.4389316]]]}},{"type":"Feature","id":"535897561","properties":{"kind":"building"},"geometry":{"type":"Polygon","coordinates":[[[-79.956797,40.4388656],[-79.9568544,40.4389121],[-79.9566611,40.4390502],[-79.9565523,40.4389619],[-79.9566954,40.438859],[-79.9567313,40.4388882],[-79.9567475,40.4388766],[-79.9567635,40.4388896],[-79.956797,40.4388656]]]}},{"type":"Feature","id":"535897562","properties":{"kind":"building"},"geometry":{"type":"Polygon","coordinates":[[[-79.9579381,40.4388391],[-79.9580483,40.4389259],[-79.957911,40.4390268],[-79.957805,40.4389433],[-79.9578136,40.4389371],[-79.9578094,40.4389338],[-79.9579381,40.4388391]]]}},{"type":"Feature","id":"535897563","properties":{"kind":"building"},"geometry":{"type":"Polygon","coordinates":[[[-79.9576113,40.4389014],[-79.9576515,40.4389335],[-79.9576386,40.4389429],[-79.9576717,40.4389692],[-79.9576833,40.4389608],[-79.9577236,40.4389929],[-79.9576628,40.4390371],[-79.9576505,40.4390272],[-79.9575915,40.4390701],[-79.9575974,40.4390748],[-79.9575641,40.439099],[-79.9575223,40.4390658],[-79.9575369,40.4390552],[-79.9575204,40.4390421],[-79.9575054,40.439053],[-79.9574621,40.4390185],[-79.9574967,40.4389934],[-79.9575021,40.4389977],[-79.9575612,40.4389547],[-79.9575502,40.4389459],[-79.9576113,40.4389014]]]}},{"type":"Feature","id":"535897565","properties":{"kind":"building"},"geometry":{"type":"Polygon","coordinates":[[[-79.9556773,40.4390307],[-79.9557234,40.4390672],[-79.9556654,40.4391096],[-79.9556193,40.4390731],[-79.9556773,40.4390307]]]}},{"type":"Feature","id":"535897566","properties":{"kind":"building"},"geometry":{"type":"Polygon","coordinates":[[[-79.9561297,40.4389483],[-79.9561789,40.4389882],[-79.9560715,40.4390651],[-79.9560422,40.4390414],[-79.9560197,40.4390575],[-79.9559929,40.4390358],[-79.9560165,40.4390188],[-79.9560234,40.4390244],[-79.9561297,40.4389483]]]}},{"type":"Feature","id":"535897567","properties":{"kind":"building"},"geometry":{"type":"Polygon","coordinates":[[[-79.9576149,40.4378517],[-79.9576684,40.4378946],[-79.9576765,40.4378888],[-79.9577026,40.4379098],[-79.9576956,40.4379148],[-79.957705,40.4379223],[-79.9575718,40.4380184],[-79.9575646,40.4380127],[-79.9575449,40.4380269],[-79.9574687,40.4379657],[-79.9574905,40.43795],[-79.9574849,40.4379455],[-79.9576149,40.4378517]]]}},{"type":"Feature","id":"535897568","properties":{"kind":"building"},"geometry":{"type":"Polygon","coordinates":[[[-79.954309,40.4389573],[-79.9543499,40.4389898],[-79.9543378,40.4389987],[-79.9543513,40.4390094],[-79.9541691,40.4391434],[-79.9541082,40.4390951],[-79.9542807,40.4389682],[-79.9542871,40.4389733],[-79.954309,40.4389573]]]}},{"type":"Feature","id":"535897569","properties":{"kind":"building"},"geometry":{"type":"Polygon","coordinates":[[[-79.9540647,40.4388456],[-79.9541417,40.4389034],[-79.9540954,40.4389393],[-79.9541097,40.43895],[-79.9541517,40.4389173],[-79.9542308,40.4389767],[-79.9541131,40.4390682],[-79.9539307,40.4389312],[-79.9540106,40.4388691],[-79.9540227,40.4388782],[-79.9540647,40.4388456]]]}},{"type":"Feature","id":"535897570","properties":{"kind":"building"},"geometry":{"type":"Polygon","coordinates":[[[-79.9559934,40.438042],[-79.9560428,40.4380822],[-79.9559553,40.4381445],[-79.9559462,40.4381371],[-79.9559072,40.4381648],[-79.9558668,40.4381319],[-79.9558921,40.4381143],[-79.9559934,40.438042]]]}},{"type":"Feature","id":"535897572","properties":{"kind":"building"},"geometry":{"type":"Polygon","coordinates":[[[-79.9553782,40.4383309],[-79.9554265,40.4383696],[-79.9553324,40.4384376],[-79.9553188,40.4384267],[-79.9552767,40.4384571],[-79.955242,40.4384293],[-79.9553782,40.4383309]]]}},{"type":"Feature","id":"535897573","properties":{"kind":"building"},"geometry":{"type":"Polygon","coordinates":[[[-79.9589472,40.4381315],[-79.9589835,40.4381589],[-79.9588728,40.438244],[-79.9588721,40.4382413],[-79.9588593,40.4382433],[-79.9588443,40.4382307],[-79.9588474,40.4382225],[-79.9588444,40.43822],[-79.9588331,40.438228],[-79.9588079,40.4382074],[-79.9588185,40.4381999],[-79.9588144,40.4381966],[-79.9588154,40.4381839],[-79.9588317,40.4381706],[-79.9588436,40.4381703],[-79.9589027,40.4381249],[-79.9589296,40.4381451],[-79.9589472,40.4381315]]]}},{"type":"Feature","id":"535897574","properties":{"kind":"building"},"geometry":{"type":"Polygon","coordinates":[[[-79.9542959,40.4380983],[-79.9543498,40.4381421],[-79.9543276,40.4381579],[-79.9542242,40.4382318],[-79.954214,40.4382391],[-79.95416,40.4381954],[-79.9542959,40.4380983]]]}},{"type":"Feature","id":"535897575","properties":{"kind":"building"},"geometry":{"type":"Polygon","coordinates":[[[-79.9559691,40.4382925],[-79.9559809,40.4383017],[-79.9560064,40.4382828],[-79.9560305,40.4383015],[-79.9558992,40.4383991],[-79.9558634,40.4383712],[-79.9559691,40.4382925]]]}},{"type":"Feature","id":"535897576","properties":{"kind":"building"},"geometry":{"type":"Polygon","coordinates":[[[-79.9547577,40.4383516],[-79.9547966,40.4383831],[-79.9546954,40.4384553],[-79.9547035,40.4384618],[-79.9545918,40.4385414],[-79.9545449,40.4385033],[-79.9547577,40.4383516]]]}},{"type":"Feature","id":"535897578","properties":{"kind":"building"},"geometry":{"type":"Polygon","coordinates":[[[-79.9563764,40.4383441],[-79.9564272,40.4383849],[-79.9563968,40.4384067],[-79.9563077,40.438471],[-79.9563025,40.4384748],[-79.9562518,40.438434],[-79.9563764,40.4383441]]]}},{"type":"Feature","id":"535897579","properties":{"kind":"building"},"geometry":{"type":"Polygon","coordinates":[[[-79.9545761,40.4381317],[-79.9546264,40.4381715],[-79.9545736,40.4382102],[-79.9545233,40.4381704],[-79.9545761,40.4381317]]]}},{"type":"Feature","id":"535897580","properties":{"kind":"building"},"geometry":{"type":"Polygon","coordinates":[[[-79.9562578,40.4382556],[-79.9562817,40.4382749],[-79.95618,40.4383481],[-79.956156,40.4383288],[-79.9562578,40.4382556]]]}},{"type":"Feature","id":"535897581","properties":{"kind":"building"},"geometry":{"type":"Polygon","coordinates":[[[-79.9550867,40.4383781],[-79.955129,40.4384131],[-79.9550753,40.4384507],[-79.955033,40.4384157],[-79.9550867,40.4383781]]]}},{"type":"Feature","id":"535897582","properties":{"kind":"building"},"geometry":{"type":"Polygon","coordinates":[[[-79.9568867,40.4382978],[-79.9568146,40.4383499],[-79.95683,40.4383622],[-79.9567363,40.4384299],[-79.9566231,40.4383391],[-79.956715,40.4382727],[-79.9567293,40.4382841],[-79.9568031,40.4382308],[-79.9568867,40.4382978]]]}},{"type":"Feature","id":"535897583","properties":{"kind":"building"},"geometry":{"type":"Polygon","coordinates":[[[-79.9595481,40.4381865],[-79.9595645,40.4381992],[-79.9595862,40.438183],[-79.9596295,40.4382165],[-79.9596146,40.4382276],[-79.9594878,40.4383226],[-79.959429,40.4382758],[-79.9595481,40.4381865]]]}},{"type":"Feature","id":"535897584","properties":{"kind":"building"},"geometry":{"type":"Polygon","coordinates":[[[-79.9569459,40.4380237],[-79.956994,40.4380623],[-79.956881,40.4381426],[-79.9568663,40.4381306],[-79.956811,40.4381699],[-79.9567908,40.4381535],[-79.9568024,40.4381453],[-79.9567895,40.4381349],[-79.9569459,40.4380237]]]}},{"type":"Feature","id":"535897585","properties":{"kind":"building"},"geometry":{"type":"Polygon","coordinates":[[[-79.9539775,40.4383005],[-79.9540271,40.4383402],[-79.9538938,40.4384368],[-79.9538561,40.4384066],[-79.9539014,40.4383738],[-79.9538895,40.4383643],[-79.9539775,40.4383005]]]}},{"type":"Feature","id":"535897586","properties":{"kind":"building"},"geometry":{"type":"Polygon","coordinates":[[[-79.9557252,40.4380794],[-79.9557347,40.438087],[-79.9557371,40.4380853],[-79.9557776,40.4381179],[-79.9556001,40.4382455],[-79.955552,40.4382067],[-79.9556441,40.4381405],[-79.955653,40.4381477],[-79.9556604,40.4381424],[-79.9556579,40.4381404],[-79.9556904,40.4381171],[-79.9556821,40.4381104],[-79.9557252,40.4380794]]]}},{"type":"Feature","id":"535897587","properties":{"kind":"building"},"geometry":{"type":"Polygon","coordinates":[[[-79.9552721,40.4382383],[-79.955321,40.4382766],[-79.9551761,40.4383838],[-79.9551369,40.4383531],[-79.9551742,40.4383256],[-79.9551644,40.438318],[-79.9552721,40.4382383]]]}},{"type":"Feature","id":"535897589","properties":{"kind":"building"},"geometry":{"type":"Polygon","coordinates":[[[-79.9548046,40.4383172],[-79.9548446,40.4383487],[-79.9547966,40.4383831],[-79.9547577,40.4383516],[-79.9548046,40.4383172]]]}},{"type":"Feature","id":"535897590","properties":{"kind":"building"},"geometry":{"type":"Polygon","coordinates":[[[-79.9590994,40.4382531],[-79.9591552,40.4382974],[-79.9590419,40.43838],[-79.9590301,40.4383707],[-79.959008,40.4383868],[-79.9589656,40.438353],[-79.9590213,40.4383125],[-79.9590142,40.4383069],[-79.9590779,40.4382605],[-79.9590834,40.4382648],[-79.9590994,40.4382531]]]}},{"type":"Feature","id":"535897591","properties":{"kind":"building"},"geometry":{"type":"Polygon","coordinates":[[[-79.9571029,40.4381886],[-79.9571991,40.4382643],[-79.9571058,40.438333],[-79.9570913,40.4383216],[-79.9570762,40.4383327],[-79.9570865,40.4383408],[-79.9569843,40.4384162],[-79.9568986,40.4383488],[-79.9569978,40.4382757],[-79.9570065,40.4382825],[-79.9570289,40.438266],[-79.9570139,40.4382542],[-79.9571029,40.4381886]]]}},{"type":"Feature","id":"535897592","properties":{"kind":"building"},"geometry":{"type":"Polygon","coordinates":[[[-79.9553293,40.4382821],[-79.9553784,40.4383214],[-79.9552486,40.4384151],[-79.9551996,40.4383758],[-79.9553293,40.4382821]]]}},{"type":"Feature","id":"535897593","properties":{"kind":"building"},"geometry":{"type":"Polygon","coordinates":[[[-79.9558835,40.4382086],[-79.9559051,40.4382259],[-79.9558909,40.4382362],[-79.9559134,40.4382542],[-79.9558699,40.4382857],[-79.9558855,40.4382981],[-79.9557855,40.4383706],[-79.9557791,40.4383655],[-79.9557633,40.438377],[-79.9557101,40.4383341],[-79.9558835,40.4382086]]]}},{"type":"Feature","id":"535897594","properties":{"kind":"building"},"geometry":{"type":"Polygon","coordinates":[[[-79.9540357,40.4383476],[-79.9541246,40.4384211],[-79.9540128,40.4384993],[-79.9539977,40.4384868],[-79.9539638,40.4385105],[-79.9538976,40.4384557],[-79.9539334,40.4384306],[-79.953926,40.4384244],[-79.9540357,40.4383476]]]}},{"type":"Feature","id":"535897595","properties":{"kind":"building"},"geometry":{"type":"Polygon","coordinates":[[[-79.9527651,40.4395198],[-79.9527946,40.4395359],[-79.9527589,40.4395741],[-79.9527294,40.439558],[-79.9527651,40.4395198]]]}},{"type":"Feature","id":"535897596","properties":{"kind":"building"},"geometry":{"type":"Polygon","coordinates":[[[-79.9559042,40.439386],[-79.9559102,40.4393908],[-79.9559278,40.4393779],[-79.9559549,40.4393993],[-79.9559263,40.4394203],[-79.9558012,40.4395119],[-79.9557513,40.4394726],[-79.9558528,40.439398],[-79.9558696,40.4394113],[-79.9559042,40.439386]]]}},{"type":"Feature","id":"535897597","properties":{"kind":"building"},"geometry":{"type":"Polygon","coordinates":[[[-79.9547772,40.4393909],[-79.9548702,40.439465],[-79.9548341,40.4394914],[-79.9548546,40.4395078],[-79.954814,40.4395375],[-79.9548019,40.4395279],[-79.9547287,40.4395815],[-79.9546133,40.4394894],[-79.9547251,40.4394075],[-79.9547392,40.4394187],[-79.9547772,40.4393909]]]}},{"type":"Feature","id":"535897598","properties":{"kind":"building"},"geometry":{"type":"Polygon","coordinates":[[[-79.9563754,40.4402109],[-79.9564196,40.4402465],[-79.9561862,40.4404156],[-79.956142,40.44038],[-79.9563754,40.4402109]]]}},{"type":"Feature","id":"535897599","properties":{"kind":"building"},"geometry":{"type":"Polygon","coordinates":[[[-79.9539951,40.4402122],[-79.9540775,40.4402581],[-79.953925,40.4404179],[-79.9538426,40.440372],[-79.9539951,40.4402122]]]}},{"type":"Feature","id":"535897600","properties":{"kind":"building"},"geometry":{"type":"Polygon","coordinates":[[[-79.9534361,40.4394378],[-79.9535425,40.4395248],[-79.9534474,40.4395928],[-79.953341,40.4395058],[-79.9534361,40.4394378]]]}},{"type":"Feature","id":"535897601","properties":{"kind":"building"},"geometry":{"type":"Polygon","coordinates":[[[-79.9552645,40.4403665],[-79.9553006,40.4403957],[-79.9551626,40.4404952],[-79.9551265,40.440466],[-79.9552645,40.4403665]]]}},{"type":"Feature","id":"535897602","properties":{"kind":"building"},"geometry":{"type":"Polygon","coordinates":[[[-79.9604889,40.4379952],[-79.9605818,40.4380691],[-79.96049,40.438136],[-79.9603971,40.4380621],[-79.9604889,40.4379952]]]}},{"type":"Feature","id":"535897603","properties":{"kind":"building"},"geometry":{"type":"Polygon","coordinates":[[[-79.9565608,40.438067],[-79.9565947,40.4380938],[-79.9564505,40.4381992],[-79.9564104,40.4381675],[-79.9565064,40.4380968],[-79.956513,40.4381019],[-79.9565608,40.438067]]]}},{"type":"Feature","id":"535897604","properties":{"kind":"building"},"geometry":{"type":"Polygon","coordinates":[[[-79.9592812,40.4405983],[-79.9593197,40.4406303],[-79.9595673,40.4408365],[-79.9593872,40.4409628],[-79.9591011,40.4407246],[-79.9592812,40.4405983]]]}},{"type":"Feature","id":"535897605","properties":{"kind":"building"},"geometry":{"type":"Polygon","coordinates":[[[-79.9572657,40.4393428],[-79.9572996,40.4393718],[-79.9573334,40.4394008],[-79.9573004,40.4394233],[-79.9573182,40.4394385],[-79.9572151,40.4395087],[-79.9571179,40.4394254],[-79.9572183,40.439357],[-79.9572301,40.4393671],[-79.9572657,40.4393428]]]}},{"type":"Feature","id":"535897606","properties":{"kind":"building"},"geometry":{"type":"Polygon","coordinates":[[[-79.9587011,40.4409923],[-79.9588223,40.4410919],[-79.958768,40.4411305],[-79.9586467,40.4410309],[-79.9587011,40.4409923]]]}},{"type":"Feature","id":"535897607","properties":{"kind":"building"},"geometry":{"type":"Polygon","coordinates":[[[-79.9587664,40.4379809],[-79.9588234,40.4380259],[-79.9587047,40.4381131],[-79.9586476,40.4380681],[-79.9587664,40.4379809]]]}},{"type":"Feature","id":"535897608","properties":{"kind":"building"},"geometry":{"type":"Polygon","coordinates":[[[-79.9541217,40.4394749],[-79.9541647,40.4395096],[-79.9540576,40.4395868],[-79.9540147,40.439552],[-79.9541217,40.4394749]]]}},{"type":"Feature","id":"535897609","properties":{"kind":"building"},"geometry":{"type":"Polygon","coordinates":[[[-79.9538246,40.4395036],[-79.9538644,40.4395358],[-79.9538338,40.4395578],[-79.953794,40.4395256],[-79.9538246,40.4395036]]]}},{"type":"Feature","id":"535897610","properties":{"kind":"building"},"geometry":{"type":"Polygon","coordinates":[[[-79.9590852,40.440725],[-79.959383,40.4409731],[-79.9592064,40.4410964],[-79.9591541,40.4410538],[-79.9591225,40.4410277],[-79.9590932,40.441004],[-79.9590531,40.4409694],[-79.9589006,40.4408471],[-79.9590852,40.440725]]]}},{"type":"Feature","id":"535897611","properties":{"kind":"building"},"geometry":{"type":"Polygon","coordinates":[[[-79.9541021,40.4402705],[-79.9541826,40.4403153],[-79.9540264,40.4404789],[-79.9539459,40.4404341],[-79.9541021,40.4402705]]]}},{"type":"Feature","id":"535897612","properties":{"kind":"building"},"geometry":{"type":"Polygon","coordinates":[[[-79.9597447,40.4379238],[-79.9597722,40.4379455],[-79.9597839,40.4379369],[-79.959811,40.4379584],[-79.9597989,40.4379673],[-79.9598242,40.4379873],[-79.9596803,40.4380929],[-79.95967,40.4380847],[-79.9596607,40.4380915],[-79.9596009,40.4380443],[-79.9596142,40.4380346],[-79.9596043,40.4380268],[-79.9597447,40.4379238]]]}},{"type":"Feature","id":"535897613","properties":{"kind":"building"},"geometry":{"type":"Polygon","coordinates":[[[-79.9560526,40.4393265],[-79.9560896,40.4393574],[-79.9560033,40.4394173],[-79.9559661,40.4393863],[-79.9560526,40.4393265]]]}},{"type":"Feature","id":"535897614","properties":{"kind":"building"},"geometry":{"type":"Polygon","coordinates":[[[-79.9513806,40.4394587],[-79.9514657,40.4395038],[-79.9513888,40.4395877],[-79.9513038,40.4395426],[-79.9513806,40.4394587]]]}},{"type":"Feature","id":"535897615","properties":{"kind":"building"},"geometry":{"type":"Polygon","coordinates":[[[-79.9556327,40.4379998],[-79.9556715,40.438031],[-79.9554931,40.4381592],[-79.9554426,40.4381186],[-79.955566,40.43803],[-79.9555776,40.4380394],[-79.9556327,40.4379998]]]}},{"type":"Feature","id":"535897616","properties":{"kind":"building"},"geometry":{"type":"Polygon","coordinates":[[[-79.9595405,40.4405996],[-79.9596453,40.4406833],[-79.9595868,40.440726],[-79.959482,40.4406423],[-79.9595405,40.4405996]]]}},{"type":"Feature","id":"535897617","properties":{"kind":"building"},"geometry":{"type":"Polygon","coordinates":[[[-79.9557216,40.439239],[-79.955756,40.4392673],[-79.9557245,40.4392895],[-79.9557391,40.4393015],[-79.9556269,40.4393805],[-79.955578,40.4393403],[-79.9557216,40.439239]]]}},{"type":"Feature","id":"535897618","properties":{"kind":"building"},"geometry":{"type":"Polygon","coordinates":[[[-79.9594556,40.439928],[-79.959738,40.4401619],[-79.9594978,40.4403312],[-79.9591993,40.440084],[-79.9594151,40.4399319],[-79.9594556,40.439928]]]}},{"type":"Feature","id":"535897619","properties":{"kind":"building"},"geometry":{"type":"Polygon","coordinates":[[[-79.954767,40.4380946],[-79.9548139,40.4381329],[-79.9547403,40.438185],[-79.9546934,40.4381467],[-79.954767,40.4380946]]]}},{"type":"Feature","id":"535897620","properties":{"kind":"building"},"geometry":{"type":"Polygon","coordinates":[[[-79.9540714,40.4394205],[-79.9541117,40.4394531],[-79.9539846,40.4395448],[-79.9539442,40.4395122],[-79.9540714,40.4394205]]]}},{"type":"Feature","id":"535897621","properties":{"kind":"building"},"geometry":{"type":"Polygon","coordinates":[[[-79.9550494,40.4380572],[-79.9551034,40.4380995],[-79.9549896,40.4381831],[-79.9549298,40.4382271],[-79.9549027,40.4382058],[-79.9549225,40.4381912],[-79.9549123,40.4381831],[-79.9549454,40.4381587],[-79.9549292,40.438146],[-79.9549603,40.4381231],[-79.9550494,40.4380572]]]}},{"type":"Feature","id":"535897625","properties":{"kind":"building"},"geometry":{"type":"Polygon","coordinates":[[[-79.9586345,40.437421],[-79.9587022,40.4374756],[-79.9586023,40.4375473],[-79.9585935,40.4375403],[-79.9585769,40.4375522],[-79.9585249,40.4375103],[-79.9585421,40.4374979],[-79.9585352,40.4374924],[-79.9586345,40.437421]]]}},{"type":"Feature","id":"535897626","properties":{"kind":"building"},"geometry":{"type":"Polygon","coordinates":[[[-79.9549367,40.4375019],[-79.9549767,40.4375336],[-79.9548574,40.4376211],[-79.9548542,40.4376186],[-79.9548374,40.4376309],[-79.9547857,40.4375892],[-79.9547992,40.4375793],[-79.9547954,40.4375763],[-79.954884,40.4375113],[-79.9549032,40.4375265],[-79.9549367,40.4375019]]]}},{"type":"Feature","id":"539611517","properties":{"kind":"building"},"geometry":{"type":"Polygon","coordinates":[[[-79.9559774,40.4487308],[-79.9557109,40.4489227],[-79.9557213,40.4489364],[-79.9556805,40.4489658],[-79.9556324,40.4489271],[-79.9556515,40.4489134],[-79.9555223,40.4488094],[-79.955814,40.4485994],[-79.9559774,40.4487308]]]}},{"type":"Feature","id":"543150051","properties":{"kind":"building"},"geometry":{"type":"Polygon","coordinates":[[[-79.9601847,40.448821],[-79.960293,40.4488416],[-79.960239,40.4490074],[-79.9601307,40.4489868],[-79.9601847,40.448821]]]}},{"type":"Feature","id":"543150063","properties":{"kind":"building"},"geometry":{"type":"Polygon","coordinates":[[[-79.9605311,40.4488577],[-79.9605808,40.4488671],[-79.9605715,40.4488958],[-79.9605985,40.4489009],[-79.9605554,40.4490342],[-79.9604515,40.4490146],[-79.9604951,40.4488795],[-79.9605224,40.4488847],[-79.9605311,40.4488577]]]}},{"type":"Feature","id":"543150068","properties":{"kind":"building"},"geometry":{"type":"Polygon","coordinates":[[[-79.9603342,40.4488428],[-79.9604374,40.4488625],[-79.9603811,40.4490354],[-79.9602778,40.4490158],[-79.9603342,40.4488428]]]}},{"type":"Feature","id":"543150213","properties":{"kind":"building"},"geometry":{"type":"Polygon","coordinates":[[[-79.957984,40.4488768],[-79.9580412,40.4489094],[-79.9578316,40.4491238],[-79.9578658,40.4491434],[-79.9578193,40.449191],[-79.957748,40.4491503],[-79.9577725,40.4491252],[-79.9577523,40.4491136],[-79.9577787,40.4490865],[-79.9577625,40.4490773],[-79.9578947,40.4489421],[-79.9579111,40.4489514],[-79.957984,40.4488768]]]}},{"type":"Feature","id":"543150215","properties":{"kind":"building"},"geometry":{"type":"Polygon","coordinates":[[[-79.9606481,40.4488935],[-79.9607564,40.4489141],[-79.9607044,40.4490739],[-79.9605961,40.4490533],[-79.9606481,40.4488935]]]}},{"type":"Feature","id":"543150222","properties":{"kind":"building"},"geometry":{"type":"Polygon","coordinates":[[[-79.9610855,40.4489859],[-79.9611899,40.4490057],[-79.9611546,40.4491142],[-79.9610502,40.4490943],[-79.9610855,40.4489859]]]}},{"type":"Feature","id":"543150225","properties":{"kind":"building"},"geometry":{"type":"Polygon","coordinates":[[[-79.9617355,40.4489688],[-79.9618712,40.4489948],[-79.9618312,40.4491169],[-79.9616954,40.4490909],[-79.9617355,40.4489688]]]}},{"type":"Feature","id":"543150238","properties":{"kind":"building"},"geometry":{"type":"Polygon","coordinates":[[[-79.9584266,40.4488765],[-79.9585374,40.4488969],[-79.9585193,40.4489542],[-79.9585012,40.4489509],[-79.9584933,40.448976],[-79.9584005,40.4489589],[-79.9584266,40.4488765]]]}},{"type":"Feature","id":"543150247","properties":{"kind":"building"},"geometry":{"type":"Polygon","coordinates":[[[-79.9600345,40.448798],[-79.9601349,40.4488171],[-79.9600828,40.4489768],[-79.9599825,40.4489578],[-79.9600345,40.448798]]]}},{"type":"Feature","id":"543150299","properties":{"kind":"building"},"geometry":{"type":"Polygon","coordinates":[[[-79.9583798,40.448992],[-79.9584827,40.4490268],[-79.9584328,40.4491131],[-79.9583298,40.4490783],[-79.9583798,40.448992]]]}},{"type":"Feature","id":"543150363","properties":{"kind":"building"},"geometry":{"type":"Polygon","coordinates":[[[-79.9607908,40.4489432],[-79.9608912,40.4489623],[-79.9608577,40.449065],[-79.9607574,40.449046],[-79.9607908,40.4489432]]]}},{"type":"Feature","id":"543150366","properties":{"kind":"building"},"geometry":{"type":"Polygon","coordinates":[[[-79.9594753,40.4486913],[-79.9595145,40.4486987],[-79.9595013,40.4487393],[-79.9596672,40.4487708],[-79.9596317,40.4488797],[-79.9594266,40.4488407],[-79.9594753,40.4486913]]]}},{"type":"Feature","id":"543150370","properties":{"kind":"building"},"geometry":{"type":"Polygon","coordinates":[[[-79.958515,40.4487179],[-79.95866,40.4487669],[-79.9586083,40.4488562],[-79.9584633,40.4488072],[-79.958515,40.4487179]]]}},{"type":"Feature","id":"543150376","properties":{"kind":"building"},"geometry":{"type":"Polygon","coordinates":[[[-79.9609407,40.4489607],[-79.9610492,40.4489813],[-79.9610224,40.4490635],[-79.9609139,40.4490429],[-79.9609407,40.4489607]]]}},{"type":"Feature","id":"543150385","properties":{"kind":"building"},"geometry":{"type":"Polygon","coordinates":[[[-79.9598745,40.4487643],[-79.959995,40.4487872],[-79.9599642,40.4488819],[-79.9598437,40.448859],[-79.9598745,40.4487643]]]}},{"type":"Feature","id":"543156473","properties":{"kind":"building"},"geometry":{"type":"Polygon","coordinates":[[[-79.9605269,40.4448232],[-79.9606067,40.4448292],[-79.9606138,40.4448226],[-79.9607212,40.4448309],[-79.9607577,40.4448337],[-79.9607577,40.4448476],[-79.9608035,40.4448469],[-79.9608025,40.4448729],[-79.9608544,40.4448762],[-79.9608455,40.4449628],[-79.9607874,40.4449589],[-79.9607852,40.4449822],[-79.9607478,40.4449808],[-79.9607475,40.4449904],[-79.9605193,40.4449732],[-79.9605153,40.4450041],[-79.960475,40.4450128],[-79.9604808,40.4450269],[-79.9603772,40.4450537],[-79.9603713,40.4450363],[-79.9600293,40.4451256],[-79.9600234,40.4451115],[-79.9599809,40.4451259],[-79.9599692,40.4451053],[-79.9599138,40.4451165],[-79.9598971,40.4450803],[-79.9598788,40.4450406],[-79.9599724,40.4450106],[-79.9599607,40.4449792],[-79.9604007,40.4448654],[-79.9604196,40.4449011],[-79.9605204,40.4448755],[-79.9605269,40.4448232]]]}},{"type":"Feature","id":"543156474","properties":{"kind":"building"},"geometry":{"type":"Polygon","coordinates":[[[-79.9544897,40.4457005],[-79.9548102,40.4459591],[-79.9547071,40.4460336],[-79.9548044,40.4461121],[-79.9548973,40.4461871],[-79.9550013,40.4461118],[-79.9552576,40.4463185],[-79.9547649,40.446675],[-79.9545073,40.4464672],[-79.9547384,40.4463],[-79.9546459,40.4462254],[-79.9545668,40.4461616],[-79.9545265,40.4461907],[-79.9545078,40.4461755],[-79.9544263,40.4462345],[-79.9540366,40.4459201],[-79.954316,40.4457181],[-79.9543866,40.4457751],[-79.9544897,40.4457005]]]}},{"type":"Feature","id":"543158127","properties":{"kind":"building"},"geometry":{"type":"Polygon","coordinates":[[[-79.9528034,40.4489477],[-79.9529566,40.4492828],[-79.9527165,40.4493469],[-79.9525633,40.4490118],[-79.9528034,40.4489477]]]}},{"type":"Feature","id":"543158128","properties":{"kind":"building"},"geometry":{"type":"Polygon","coordinates":[[[-79.9526726,40.4486764],[-79.9527163,40.4487705],[-79.952441,40.4488446],[-79.9523981,40.4487526],[-79.9524308,40.4487438],[-79.9524236,40.4487356],[-79.9526461,40.4486758],[-79.9526493,40.4486827],[-79.9526726,40.4486764]]]}},{"type":"Feature","id":"543158149","properties":{"kind":"building"},"geometry":{"type":"Polygon","coordinates":[[[-79.9561177,40.4470568],[-79.9562136,40.4471317],[-79.9561503,40.447179],[-79.9560769,40.4471216],[-79.9560935,40.4471092],[-79.956071,40.4470917],[-79.9561177,40.4470568]]]}},{"type":"Feature","id":"543158152","properties":{"kind":"building"},"geometry":{"type":"Polygon","coordinates":[[[-79.9558195,40.4483809],[-79.9558716,40.4484226],[-79.9558058,40.4484705],[-79.9557537,40.4484288],[-79.9558195,40.4483809]]]}},{"type":"Feature","id":"543158153","properties":{"kind":"building"},"geometry":{"type":"Polygon","coordinates":[[[-79.9557673,40.4471281],[-79.955822,40.4471712],[-79.955776,40.4472052],[-79.9557214,40.4471621],[-79.9557673,40.4471281]]]}},{"type":"Feature","id":"543158155","properties":{"kind":"building"},"geometry":{"type":"Polygon","coordinates":[[[-79.9561439,40.4484413],[-79.9561266,40.4484281],[-79.9561093,40.4484413],[-79.9560319,40.4483826],[-79.9561995,40.4482547],[-79.9562942,40.4483265],[-79.9561439,40.4484413]]]}},{"type":"Feature","id":"543158156","properties":{"kind":"building"},"geometry":{"type":"Polygon","coordinates":[[[-79.9572331,40.447122],[-79.9572899,40.4471688],[-79.9572304,40.447211],[-79.9571736,40.4471641],[-79.9572331,40.447122]]]}},{"type":"Feature","id":"543158158","properties":{"kind":"building"},"geometry":{"type":"Polygon","coordinates":[[[-79.9569037,40.4469909],[-79.9569542,40.4470335],[-79.9569414,40.4470423],[-79.9569961,40.4470884],[-79.9568661,40.4471784],[-79.9568567,40.4471704],[-79.9568252,40.4471922],[-79.9567295,40.4471115],[-79.9569037,40.4469909]]]}},{"type":"Feature","id":"543158159","properties":{"kind":"building"},"geometry":{"type":"Polygon","coordinates":[[[-79.9539641,40.4484285],[-79.9540175,40.4484711],[-79.9539699,40.4485059],[-79.9539165,40.4484633],[-79.9539641,40.4484285]]]}},{"type":"Feature","id":"543158160","properties":{"kind":"building"},"geometry":{"type":"Polygon","coordinates":[[[-79.9555465,40.4471025],[-79.9556441,40.4471794],[-79.9555374,40.4472584],[-79.9554398,40.4471816],[-79.9555465,40.4471025]]]}},{"type":"Feature","id":"543158162","properties":{"kind":"building"},"geometry":{"type":"Polygon","coordinates":[[[-79.9570207,40.4471384],[-79.9570928,40.4471964],[-79.9569956,40.4472669],[-79.9569235,40.4472089],[-79.9570207,40.4471384]]]}},{"type":"Feature","id":"543158163","properties":{"kind":"building"},"geometry":{"type":"Polygon","coordinates":[[[-79.9551512,40.4481897],[-79.9552599,40.4482766],[-79.9550557,40.4484255],[-79.9549471,40.4483385],[-79.9551512,40.4481897]]]}},{"type":"Feature","id":"543158164","properties":{"kind":"building"},"geometry":{"type":"Polygon","coordinates":[[[-79.9556015,40.4483459],[-79.955653,40.4483872],[-79.9555973,40.4484279],[-79.9555457,40.4483866],[-79.9556015,40.4483459]]]}},{"type":"Feature","id":"543158166","properties":{"kind":"building"},"geometry":{"type":"Polygon","coordinates":[[[-79.9548119,40.4471067],[-79.9549333,40.4472038],[-79.9547984,40.4473023],[-79.954677,40.4472051],[-79.9548119,40.4471067]]]}},{"type":"Feature","id":"543158167","properties":{"kind":"building"},"geometry":{"type":"Polygon","coordinates":[[[-79.9542873,40.4483211],[-79.9543698,40.4483884],[-79.9542612,40.448466],[-79.9542331,40.4484431],[-79.9541986,40.4484676],[-79.9541438,40.4484228],[-79.9542164,40.448371],[-79.9541832,40.4483439],[-79.9542079,40.4483262],[-79.9542417,40.4483537],[-79.9542873,40.4483211]]]}},{"type":"Feature","id":"543158169","properties":{"kind":"building"},"geometry":{"type":"Polygon","coordinates":[[[-79.9562477,40.4471612],[-79.9563425,40.4472359],[-79.9562563,40.4472997],[-79.956201,40.4472562],[-79.9562078,40.4472512],[-79.9561683,40.44722],[-79.9562477,40.4471612]]]}},{"type":"Feature","id":"543158170","properties":{"kind":"building"},"geometry":{"type":"Polygon","coordinates":[[[-79.9557373,40.4484485],[-79.9557895,40.4484912],[-79.9557248,40.4485374],[-79.9556726,40.4484947],[-79.9557373,40.4484485]]]}},{"type":"Feature","id":"543158172","properties":{"kind":"building"},"geometry":{"type":"Polygon","coordinates":[[[-79.9571108,40.4483112],[-79.9571989,40.4483824],[-79.9571634,40.4484081],[-79.9571782,40.44842],[-79.9570926,40.4484819],[-79.9570157,40.4484198],[-79.9570713,40.4483796],[-79.9570453,40.4483586],[-79.9571108,40.4483112]]]}},{"type":"Feature","id":"543158173","properties":{"kind":"building"},"geometry":{"type":"Polygon","coordinates":[[[-79.9540309,40.4484843],[-79.9540779,40.4485217],[-79.9540257,40.4485599],[-79.9539788,40.4485224],[-79.9540309,40.4484843]]]}},{"type":"Feature","id":"543158174","properties":{"kind":"building"},"geometry":{"type":"Polygon","coordinates":[[[-79.9582362,40.4483048],[-79.9583306,40.4483842],[-79.9582526,40.4484384],[-79.9581582,40.448359],[-79.9582362,40.4483048]]]}},{"type":"Feature","id":"543158175","properties":{"kind":"building"},"geometry":{"type":"Polygon","coordinates":[[[-79.956599,40.4465672],[-79.9566317,40.4465935],[-79.9565921,40.4466222],[-79.9565594,40.4465959],[-79.956599,40.4465672]]]}},{"type":"Feature","id":"543158176","properties":{"kind":"building"},"geometry":{"type":"Polygon","coordinates":[[[-79.9569822,40.4467606],[-79.9570341,40.4468045],[-79.9569766,40.4468441],[-79.9569247,40.4468002],[-79.9569822,40.4467606]]]}},{"type":"Feature","id":"543158177","properties":{"kind":"building"},"geometry":{"type":"Polygon","coordinates":[[[-79.955562,40.4465531],[-79.9556372,40.4466123],[-79.9555883,40.4466485],[-79.9556245,40.446677],[-79.9555485,40.4467333],[-79.9554372,40.4466456],[-79.955562,40.4465531]]]}},{"type":"Feature","id":"543158178","properties":{"kind":"building"},"geometry":{"type":"Polygon","coordinates":[[[-79.9572358,40.4466022],[-79.9573099,40.4466618],[-79.9572182,40.4467283],[-79.9571441,40.4466687],[-79.9572358,40.4466022]]]}},{"type":"Feature","id":"543158179","properties":{"kind":"building"},"geometry":{"type":"Polygon","coordinates":[[[-79.9572564,40.4467445],[-79.9573238,40.4467987],[-79.9572912,40.4468224],[-79.9573099,40.4468375],[-79.9573967,40.4467745],[-79.957467,40.446831],[-79.9573536,40.4469132],[-79.9573433,40.4469049],[-79.9572911,40.4469427],[-79.9572983,40.4469485],[-79.9572189,40.447006],[-79.9571604,40.4469589],[-79.9571869,40.4469397],[-79.9570923,40.4468635],[-79.9572564,40.4467445]]]}},{"type":"Feature","id":"543158180","properties":{"kind":"building"},"geometry":{"type":"Polygon","coordinates":[[[-79.9543865,40.4476455],[-79.9544724,40.4477142],[-79.9543964,40.4477696],[-79.9543106,40.4477009],[-79.9543865,40.4476455]]]}},{"type":"Feature","id":"543158181","properties":{"kind":"building"},"geometry":{"type":"Polygon","coordinates":[[[-79.9558905,40.4468631],[-79.9559817,40.4469349],[-79.9559125,40.4469861],[-79.9558214,40.4469143],[-79.9558905,40.4468631]]]}},{"type":"Feature","id":"543158182","properties":{"kind":"building"},"geometry":{"type":"Polygon","coordinates":[[[-79.957386,40.4471926],[-79.9574486,40.4472406],[-79.9573878,40.4472868],[-79.9573252,40.4472387],[-79.957386,40.4471926]]]}},{"type":"Feature","id":"543158183","properties":{"kind":"building"},"geometry":{"type":"Polygon","coordinates":[[[-79.9571371,40.4470107],[-79.9572015,40.4470625],[-79.9571444,40.4471039],[-79.95708,40.4470521],[-79.9571371,40.4470107]]]}},{"type":"Feature","id":"543158184","properties":{"kind":"building"},"geometry":{"type":"Polygon","coordinates":[[[-79.9547153,40.4475036],[-79.9547608,40.4475402],[-79.954697,40.4475866],[-79.9546515,40.4475501],[-79.9547153,40.4475036]]]}},{"type":"Feature","id":"543158185","properties":{"kind":"building"},"geometry":{"type":"Polygon","coordinates":[[[-79.9559603,40.446265],[-79.956086,40.4463662],[-79.9559496,40.4464651],[-79.9559053,40.4464294],[-79.9559543,40.4463939],[-79.9558729,40.4463284],[-79.9559603,40.446265]]]}},{"type":"Feature","id":"543158186","properties":{"kind":"building"},"geometry":{"type":"Polygon","coordinates":[[[-79.9566467,40.4464957],[-79.9566905,40.4465309],[-79.9566424,40.4465658],[-79.9565986,40.4465306],[-79.9566467,40.4464957]]]}},{"type":"Feature","id":"543158187","properties":{"kind":"building"},"geometry":{"type":"Polygon","coordinates":[[[-79.9558058,40.4472738],[-79.955876,40.4473304],[-79.9558922,40.4473187],[-79.955948,40.4473637],[-79.9558026,40.4474689],[-79.9556766,40.4473671],[-79.9558058,40.4472738]]]}},{"type":"Feature","id":"543158188","properties":{"kind":"building"},"geometry":{"type":"Polygon","coordinates":[[[-79.9559008,40.4472146],[-79.9559613,40.4472633],[-79.9558976,40.4473095],[-79.9558371,40.4472608],[-79.9559008,40.4472146]]]}},{"type":"Feature","id":"543158189","properties":{"kind":"building"},"geometry":{"type":"Polygon","coordinates":[[[-79.9550003,40.4473177],[-79.9550285,40.4473399],[-79.9550459,40.4473271],[-79.9551661,40.4474219],[-79.9550503,40.4475077],[-79.9549848,40.4474561],[-79.9549589,40.4474753],[-79.9549057,40.4474333],[-79.9549541,40.4473975],[-79.9549243,40.447374],[-79.9550003,40.4473177]]]}},{"type":"Feature","id":"543158190","properties":{"kind":"building"},"geometry":{"type":"Polygon","coordinates":[[[-79.9563809,40.4472548],[-79.9564331,40.447296],[-79.9564103,40.4473129],[-79.9564318,40.4473297],[-79.9563491,40.4473909],[-79.9562755,40.4473329],[-79.9563809,40.4472548]]]}},{"type":"Feature","id":"543158191","properties":{"kind":"building"},"geometry":{"type":"Polygon","coordinates":[[[-79.9571248,40.4465276],[-79.957192,40.4465817],[-79.9571232,40.4466315],[-79.9570992,40.4466122],[-79.9570404,40.4466549],[-79.9569972,40.4466201],[-79.9571248,40.4465276]]]}},{"type":"Feature","id":"543158192","properties":{"kind":"building"},"geometry":{"type":"Polygon","coordinates":[[[-79.9576051,40.4472052],[-79.9576685,40.4472563],[-79.95758,40.4473204],[-79.9575166,40.4472694],[-79.9576051,40.4472052]]]}},{"type":"Feature","id":"543158194","properties":{"kind":"building"},"geometry":{"type":"Polygon","coordinates":[[[-79.9565005,40.4473693],[-79.9565773,40.4474299],[-79.9564984,40.4474883],[-79.9564216,40.4474278],[-79.9565005,40.4473693]]]}},{"type":"Feature","id":"543158195","properties":{"kind":"building"},"geometry":{"type":"Polygon","coordinates":[[[-79.9557157,40.4469563],[-79.9557568,40.4469888],[-79.9557078,40.4470251],[-79.9556667,40.4469926],[-79.9557157,40.4469563]]]}},{"type":"Feature","id":"543158196","properties":{"kind":"building"},"geometry":{"type":"Polygon","coordinates":[[[-79.95541,40.4476289],[-79.9555154,40.4477133],[-79.9554324,40.4477738],[-79.955327,40.4476894],[-79.95541,40.4476289]]]}},{"type":"Feature","id":"543158197","properties":{"kind":"building"},"geometry":{"type":"Polygon","coordinates":[[[-79.9572592,40.4473305],[-79.9573493,40.4474031],[-79.9572475,40.4474769],[-79.9571574,40.4474043],[-79.9572592,40.4473305]]]}},{"type":"Feature","id":"543158198","properties":{"kind":"building"},"geometry":{"type":"Polygon","coordinates":[[[-79.957846,40.4473101],[-79.9579099,40.4473615],[-79.9578824,40.4473815],[-79.9578992,40.447395],[-79.957819,40.4474531],[-79.9577455,40.4473939],[-79.9577792,40.4473695],[-79.957741,40.4473387],[-79.9577749,40.4473141],[-79.957806,40.4473391],[-79.957846,40.4473101]]]}},{"type":"Feature","id":"543158199","properties":{"kind":"building"},"geometry":{"type":"Polygon","coordinates":[[[-79.9562845,40.4464626],[-79.9563332,40.4465018],[-79.9561823,40.4466112],[-79.9560847,40.4465327],[-79.9561568,40.4464804],[-79.9562057,40.4465198],[-79.9562845,40.4464626]]]}},{"type":"Feature","id":"543158200","properties":{"kind":"building"},"geometry":{"type":"Polygon","coordinates":[[[-79.9551916,40.4480053],[-79.955235,40.4480409],[-79.9551724,40.4480855],[-79.9551289,40.4480498],[-79.9551916,40.4480053]]]}},{"type":"Feature","id":"543158201","properties":{"kind":"building"},"geometry":{"type":"Polygon","coordinates":[[[-79.9557799,40.4467634],[-79.9558615,40.4468294],[-79.9556704,40.4469672],[-79.95562,40.4469264],[-79.9556706,40.4468899],[-79.9556395,40.4468647],[-79.9557799,40.4467634]]]}},{"type":"Feature","id":"543158202","properties":{"kind":"building"},"geometry":{"type":"Polygon","coordinates":[[[-79.9564716,40.4465523],[-79.9565106,40.4465837],[-79.9563109,40.4467286],[-79.9562296,40.4466632],[-79.9563457,40.446579],[-79.956388,40.446613],[-79.9564716,40.4465523]]]}},{"type":"Feature","id":"543158203","properties":{"kind":"building"},"geometry":{"type":"Polygon","coordinates":[[[-79.9579387,40.4471825],[-79.957967,40.4472052],[-79.9579772,40.4471978],[-79.9580172,40.4472301],[-79.957962,40.4472701],[-79.9580099,40.4473087],[-79.9579677,40.4473393],[-79.9578726,40.4472627],[-79.9579041,40.4472399],[-79.957883,40.4472229],[-79.9579387,40.4471825]]]}},{"type":"Feature","id":"543158204","properties":{"kind":"building"},"geometry":{"type":"Polygon","coordinates":[[[-79.9553425,40.4480002],[-79.9553946,40.4480438],[-79.9554092,40.4480337],[-79.955456,40.4480728],[-79.9553748,40.4481294],[-79.9552759,40.4480465],[-79.9553425,40.4480002]]]}},{"type":"Feature","id":"543158205","properties":{"kind":"building"},"geometry":{"type":"Polygon","coordinates":[[[-79.956275,40.4474176],[-79.9563261,40.4474578],[-79.9562756,40.4474953],[-79.9562245,40.447455],[-79.956275,40.4474176]]]}},{"type":"Feature","id":"543158206","properties":{"kind":"building"},"geometry":{"type":"Polygon","coordinates":[[[-79.9567957,40.4467263],[-79.9568503,40.4467703],[-79.9567953,40.4468102],[-79.9567407,40.4467662],[-79.9567957,40.4467263]]]}},{"type":"Feature","id":"543158207","properties":{"kind":"building"},"geometry":{"type":"Polygon","coordinates":[[[-79.9541221,40.4481753],[-79.9542306,40.4482619],[-79.954099,40.4483582],[-79.9540535,40.4483219],[-79.9540877,40.4482969],[-79.9540247,40.4482466],[-79.9541221,40.4481753]]]}},{"type":"Feature","id":"543158208","properties":{"kind":"building"},"geometry":{"type":"Polygon","coordinates":[[[-79.9572404,40.448227],[-79.9573196,40.4482902],[-79.9572628,40.4483317],[-79.9572506,40.4483219],[-79.9572169,40.4483466],[-79.9571499,40.4482932],[-79.9572404,40.448227]]]}},{"type":"Feature","id":"543158209","properties":{"kind":"building"},"geometry":{"type":"Polygon","coordinates":[[[-79.9568663,40.4479897],[-79.9569225,40.4480351],[-79.9568755,40.448069],[-79.9568193,40.4480236],[-79.9568663,40.4479897]]]}},{"type":"Feature","id":"543158210","properties":{"kind":"building"},"geometry":{"type":"Polygon","coordinates":[[[-79.956167,40.4463326],[-79.9562287,40.446382],[-79.9561538,40.4464366],[-79.9560921,40.4463872],[-79.956167,40.4463326]]]}},{"type":"Feature","id":"543158211","properties":{"kind":"building"},"geometry":{"type":"Polygon","coordinates":[[[-79.9567355,40.4467741],[-79.9567828,40.4468154],[-79.956588,40.4469591],[-79.9565517,40.4469305],[-79.9565223,40.4469525],[-79.9564726,40.4469127],[-79.9566594,40.4467756],[-79.9566955,40.4468041],[-79.9567355,40.4467741]]]}},{"type":"Feature","id":"543158212","properties":{"kind":"building"},"geometry":{"type":"Polygon","coordinates":[[[-79.95586,40.4470573],[-79.9559107,40.4470973],[-79.9558441,40.4471466],[-79.9557934,40.4471066],[-79.95586,40.4470573]]]}},{"type":"Feature","id":"543158213","properties":{"kind":"building"},"geometry":{"type":"Polygon","coordinates":[[[-79.9569785,40.446431],[-79.9570662,40.4465016],[-79.9569815,40.446563],[-79.956912,40.446507],[-79.9569555,40.4464755],[-79.9569374,40.4464609],[-79.9569785,40.446431]]]}},{"type":"Feature","id":"543158214","properties":{"kind":"building"},"geometry":{"type":"Polygon","coordinates":[[[-79.9560188,40.4469584],[-79.9561135,40.447033],[-79.9560162,40.447105],[-79.9559345,40.4470407],[-79.9559685,40.4470155],[-79.9559556,40.4470053],[-79.9560188,40.4469584]]]}},{"type":"Feature","id":"543158215","properties":{"kind":"building"},"geometry":{"type":"Polygon","coordinates":[[[-79.9576556,40.4474108],[-79.9577136,40.4474575],[-79.9576519,40.4475022],[-79.9575939,40.4474555],[-79.9576556,40.4474108]]]}},{"type":"Feature","id":"543158216","properties":{"kind":"building"},"geometry":{"type":"Polygon","coordinates":[[[-79.9575361,40.4475013],[-79.9575825,40.4475395],[-79.9575349,40.4475733],[-79.9575905,40.4476193],[-79.9574764,40.4477066],[-79.95737,40.4476192],[-79.9575361,40.4475013]]]}},{"type":"Feature","id":"543158217","properties":{"kind":"building"},"geometry":{"type":"Polygon","coordinates":[[[-79.955523,40.4469181],[-79.9555889,40.4469723],[-79.9555318,40.4470129],[-79.9554658,40.4469586],[-79.955523,40.4469181]]]}},{"type":"Feature","id":"543158219","properties":{"kind":"building"},"geometry":{"type":"Polygon","coordinates":[[[-79.9564512,40.4467029],[-79.9564985,40.446741],[-79.9565301,40.4467182],[-79.9565798,40.4467582],[-79.9564671,40.44684],[-79.95637,40.4467618],[-79.9564512,40.4467029]]]}},{"type":"Feature","id":"543158220","properties":{"kind":"building"},"geometry":{"type":"Polygon","coordinates":[[[-79.9566372,40.4479886],[-79.9567166,40.4480511],[-79.9566192,40.4481233],[-79.9565398,40.4480607],[-79.9566372,40.4479886]]]}},{"type":"Feature","id":"543158221","properties":{"kind":"building"},"geometry":{"type":"Polygon","coordinates":[[[-79.9568819,40.4463223],[-79.9569719,40.4463947],[-79.9568837,40.4464587],[-79.9568177,40.4464056],[-79.9568537,40.4463795],[-79.9568297,40.4463601],[-79.9568819,40.4463223]]]}},{"type":"Feature","id":"543158222","properties":{"kind":"building"},"geometry":{"type":"Polygon","coordinates":[[[-79.955423,40.4470044],[-79.9555158,40.4470775],[-79.9554164,40.4471512],[-79.9553236,40.4470781],[-79.955423,40.4470044]]]}},{"type":"Feature","id":"543158223","properties":{"kind":"building"},"geometry":{"type":"Polygon","coordinates":[[[-79.9576076,40.4478893],[-79.9576321,40.4479096],[-79.9576057,40.4479282],[-79.9576285,40.4479471],[-79.9575961,40.44797],[-79.9576441,40.4480097],[-79.9575909,40.4480473],[-79.9575692,40.4480294],[-79.9575501,40.448043],[-79.9575036,40.4480046],[-79.9575632,40.4479625],[-79.9575269,40.4479325],[-79.957576,40.4478979],[-79.957585,40.4479053],[-79.9576076,40.4478893]]]}},{"type":"Feature","id":"543158224","properties":{"kind":"building"},"geometry":{"type":"Polygon","coordinates":[[[-79.9571512,40.4472081],[-79.957175,40.4472258],[-79.9571889,40.4472149],[-79.9572199,40.447238],[-79.9572296,40.4472304],[-79.9572657,40.4472572],[-79.9571131,40.4473768],[-79.9570973,40.4473651],[-79.957071,40.4473857],[-79.9569959,40.4473298],[-79.9571512,40.4472081]]]}},{"type":"Feature","id":"543158225","properties":{"kind":"building"},"geometry":{"type":"Polygon","coordinates":[[[-79.9567399,40.4475616],[-79.9568324,40.4476345],[-79.956744,40.4477],[-79.9566515,40.4476272],[-79.9567399,40.4475616]]]}},{"type":"Feature","id":"543158226","properties":{"kind":"building"},"geometry":{"type":"Polygon","coordinates":[[[-79.9570757,40.4469656],[-79.9571229,40.4470036],[-79.9570681,40.4470433],[-79.9570209,40.4470053],[-79.9570757,40.4469656]]]}},{"type":"Feature","id":"543158227","properties":{"kind":"building"},"geometry":{"type":"Polygon","coordinates":[[[-79.9567322,40.4469043],[-79.9567772,40.4469396],[-79.9568025,40.4469208],[-79.9568551,40.446962],[-79.9567243,40.4470594],[-79.9566267,40.4469828],[-79.9567322,40.4469043]]]}},{"type":"Feature","id":"543158228","properties":{"kind":"building"},"geometry":{"type":"Polygon","coordinates":[[[-79.9551566,40.4468053],[-79.9553165,40.4469373],[-79.9553383,40.4469219],[-79.9553954,40.446969],[-79.9552809,40.4470498],[-79.955227,40.4470053],[-79.9552543,40.446986],[-79.9552405,40.4469746],[-79.9552282,40.4469834],[-79.9552144,40.446972],[-79.9551766,40.4469988],[-79.9550411,40.446887],[-79.9551566,40.4468053]]]}},{"type":"Feature","id":"543158231","properties":{"kind":"building"},"geometry":{"type":"Polygon","coordinates":[[[-79.9575593,40.4469225],[-79.9576365,40.4469847],[-79.9574683,40.4471067],[-79.9574075,40.4470577],[-79.9574318,40.4470401],[-79.9574154,40.4470269],[-79.9575593,40.4469225]]]}},{"type":"Feature","id":"543158232","properties":{"kind":"building"},"geometry":{"type":"Polygon","coordinates":[[[-79.956027,40.4474926],[-79.9561257,40.4475723],[-79.9561578,40.4475491],[-79.9562026,40.4475853],[-79.9560731,40.447679],[-79.9559295,40.4475631],[-79.956027,40.4474926]]]}},{"type":"Feature","id":"543158233","properties":{"kind":"building"},"geometry":{"type":"Polygon","coordinates":[[[-79.9558949,40.4480383],[-79.95598,40.4481058],[-79.955811,40.4482304],[-79.955754,40.4481853],[-79.9558228,40.4481346],[-79.9557945,40.4481123],[-79.9558949,40.4480383]]]}},{"type":"Feature","id":"543158234","properties":{"kind":"building"},"geometry":{"type":"Polygon","coordinates":[[[-79.9573595,40.4481311],[-79.9574246,40.4481838],[-79.957374,40.4482203],[-79.9574194,40.4482571],[-79.9573636,40.4482974],[-79.957253,40.4482079],[-79.9573595,40.4481311]]]}},{"type":"Feature","id":"543158235","properties":{"kind":"building"},"geometry":{"type":"Polygon","coordinates":[[[-79.9556855,40.4470562],[-79.955736,40.4470959],[-79.955684,40.4471344],[-79.9556335,40.4470947],[-79.9556855,40.4470562]]]}},{"type":"Feature","id":"543158236","properties":{"kind":"building"},"geometry":{"type":"Polygon","coordinates":[[[-79.9573386,40.4470527],[-79.9573887,40.4470931],[-79.9573394,40.4471288],[-79.9572893,40.4470885],[-79.9573386,40.4470527]]]}},{"type":"Feature","id":"543158237","properties":{"kind":"building"},"geometry":{"type":"Polygon","coordinates":[[[-79.9556829,40.4472096],[-79.9557645,40.4472739],[-79.9556538,40.4473558],[-79.9555723,40.4472916],[-79.9556829,40.4472096]]]}},{"type":"Feature","id":"543158238","properties":{"kind":"building"},"geometry":{"type":"Polygon","coordinates":[[[-79.9568777,40.4467836],[-79.9569295,40.4468253],[-79.9568711,40.4468676],[-79.9568193,40.4468259],[-79.9568777,40.4467836]]]}},{"type":"Feature","id":"543158239","properties":{"kind":"building"},"geometry":{"type":"Polygon","coordinates":[[[-79.9556622,40.4482471],[-79.9557356,40.4483036],[-79.9556695,40.4483537],[-79.9555961,40.4482972],[-79.9556622,40.4482471]]]}},{"type":"Feature","id":"543158241","properties":{"kind":"building"},"geometry":{"type":"Polygon","coordinates":[[[-79.9546312,40.4474556],[-79.9546808,40.447493],[-79.9546455,40.4475204],[-79.9545959,40.4474829],[-79.9546312,40.4474556]]]}},{"type":"Feature","id":"543158242","properties":{"kind":"building"},"geometry":{"type":"Polygon","coordinates":[[[-79.9545911,40.4472478],[-79.9547003,40.4473351],[-79.954636,40.447382],[-79.9546554,40.4473976],[-79.9545879,40.4474468],[-79.954546,40.4474133],[-79.9545768,40.4473909],[-79.9544901,40.4473215],[-79.9545911,40.4472478]]]}},{"type":"Feature","id":"543158244","properties":{"kind":"building"},"geometry":{"type":"Polygon","coordinates":[[[-79.9555261,40.4481525],[-79.955577,40.4481932],[-79.9555155,40.4482381],[-79.9554646,40.4481974],[-79.9555261,40.4481525]]]}},{"type":"Feature","id":"543158245","properties":{"kind":"building"},"geometry":{"type":"Polygon","coordinates":[[[-79.954898,40.4481101],[-79.9550094,40.4481992],[-79.9548849,40.4482899],[-79.9547736,40.4482008],[-79.954898,40.4481101]]]}},{"type":"Feature","id":"543158247","properties":{"kind":"building"},"geometry":{"type":"Polygon","coordinates":[[[-79.953549,40.448015],[-79.953671,40.4481098],[-79.9536464,40.4481282],[-79.9536912,40.4481631],[-79.953658,40.448188],[-79.9536962,40.4482177],[-79.9536427,40.4482578],[-79.9536036,40.4482274],[-79.9536208,40.4482145],[-79.953455,40.4480855],[-79.953549,40.448015]]]}},{"type":"Feature","id":"543158248","properties":{"kind":"building"},"geometry":{"type":"Polygon","coordinates":[[[-79.9567597,40.4480562],[-79.9568534,40.44813],[-79.9568399,40.44814],[-79.9568651,40.4481598],[-79.9567128,40.4482726],[-79.9565939,40.448179],[-79.9567597,40.4480562]]]}},{"type":"Feature","id":"543158249","properties":{"kind":"building"},"geometry":{"type":"Polygon","coordinates":[[[-79.9537416,40.4482269],[-79.9538498,40.4483132],[-79.9537796,40.4483646],[-79.9536714,40.4482783],[-79.9537416,40.4482269]]]}},{"type":"Feature","id":"543158250","properties":{"kind":"building"},"geometry":{"type":"Polygon","coordinates":[[[-79.9543749,40.4474044],[-79.9544807,40.4474891],[-79.9544186,40.4475343],[-79.9544422,40.4475532],[-79.954378,40.4476],[-79.9542486,40.4474965],[-79.9543749,40.4474044]]]}},{"type":"Feature","id":"543158251","properties":{"kind":"building"},"geometry":{"type":"Polygon","coordinates":[[[-79.9560571,40.4481066],[-79.9561298,40.4481646],[-79.9561009,40.4481857],[-79.9561319,40.4482104],[-79.9561094,40.4482269],[-79.9561274,40.4482412],[-79.9560423,40.4483034],[-79.9559537,40.4482327],[-79.955995,40.4482025],[-79.955962,40.4481762],[-79.9560571,40.4481066]]]}},{"type":"Feature","id":"543158253","properties":{"kind":"building"},"geometry":{"type":"Polygon","coordinates":[[[-79.9565267,40.4476228],[-79.9565717,40.4476583],[-79.9565255,40.4476925],[-79.9564805,40.447657],[-79.9565267,40.4476228]]]}},{"type":"Feature","id":"543158254","properties":{"kind":"building"},"geometry":{"type":"Polygon","coordinates":[[[-79.9555871,40.44777],[-79.9557006,40.4478608],[-79.9555535,40.4479681],[-79.9555026,40.4479273],[-79.9555273,40.4479093],[-79.9554542,40.4478509],[-79.9555118,40.4478089],[-79.9555223,40.4478172],[-79.9555871,40.44777]]]}},{"type":"Feature","id":"543158256","properties":{"kind":"building"},"geometry":{"type":"Polygon","coordinates":[[[-79.9574966,40.4480432],[-79.9575727,40.4481047],[-79.9574737,40.4481761],[-79.9573976,40.4481146],[-79.9574966,40.4480432]]]}},{"type":"Feature","id":"543158257","properties":{"kind":"building"},"geometry":{"type":"Polygon","coordinates":[[[-79.9542045,40.4475397],[-79.954295,40.447612],[-79.9541696,40.4477036],[-79.954177,40.4477095],[-79.9541417,40.4477353],[-79.9541049,40.447706],[-79.9541104,40.447702],[-79.9540493,40.4476531],[-79.9542045,40.4475397]]]}},{"type":"Feature","id":"543158258","properties":{"kind":"building"},"geometry":{"type":"Polygon","coordinates":[[[-79.9547127,40.447998],[-79.9547616,40.4480372],[-79.9548173,40.4479965],[-79.9548771,40.4480444],[-79.9547643,40.4481267],[-79.9547366,40.4481045],[-79.9547029,40.448129],[-79.9546219,40.4480642],[-79.9547127,40.447998]]]}},{"type":"Feature","id":"543158259","properties":{"kind":"building"},"geometry":{"type":"Polygon","coordinates":[[[-79.955735,40.447914],[-79.9558316,40.4479913],[-79.9557248,40.4480691],[-79.9556661,40.4480222],[-79.9556941,40.4480017],[-79.9556563,40.4479714],[-79.955735,40.447914]]]}},{"type":"Feature","id":"543158260","properties":{"kind":"building"},"geometry":{"type":"Polygon","coordinates":[[[-79.9567346,40.4478952],[-79.9567794,40.4479305],[-79.9567265,40.4479697],[-79.9566817,40.4479344],[-79.9567346,40.4478952]]]}},{"type":"Feature","id":"543158261","properties":{"kind":"building"},"geometry":{"type":"Polygon","coordinates":[[[-79.9566308,40.4474571],[-79.9566979,40.44751],[-79.9566035,40.4475799],[-79.9565364,40.4475271],[-79.9566308,40.4474571]]]}},{"type":"Feature","id":"543158262","properties":{"kind":"building"},"geometry":{"type":"Polygon","coordinates":[[[-79.9574126,40.4474152],[-79.9575007,40.4474828],[-79.9573708,40.4475816],[-79.9573626,40.4475753],[-79.9573403,40.4475921],[-79.9572664,40.4475354],[-79.9572919,40.447516],[-79.957286,40.4475115],[-79.9574126,40.4474152]]]}},{"type":"Feature","id":"543158263","properties":{"kind":"building"},"geometry":{"type":"Polygon","coordinates":[[[-79.9563931,40.4475363],[-79.9564416,40.4475746],[-79.9563956,40.4476087],[-79.956347,40.4475704],[-79.9563931,40.4475363]]]}},{"type":"Feature","id":"543158264","properties":{"kind":"building"},"geometry":{"type":"Polygon","coordinates":[[[-79.9552136,40.4474619],[-79.9553558,40.4475758],[-79.9552302,40.4476674],[-79.9550879,40.4475536],[-79.9552136,40.4474619]]]}},{"type":"Feature","id":"543158265","properties":{"kind":"building"},"geometry":{"type":"Polygon","coordinates":[[[-79.9545936,40.4475319],[-79.9546466,40.4475737],[-79.9545652,40.4476339],[-79.9545122,40.4475921],[-79.9545936,40.4475319]]]}},{"type":"Feature","id":"543158266","properties":{"kind":"building"},"geometry":{"type":"Polygon","coordinates":[[[-79.9567692,40.4485619],[-79.9568561,40.4486321],[-79.9567208,40.4487297],[-79.956634,40.4486595],[-79.9567692,40.4485619]]]}},{"type":"Feature","id":"543158267","properties":{"kind":"building"},"geometry":{"type":"Polygon","coordinates":[[[-79.9554996,40.4485449],[-79.9555507,40.4485857],[-79.9555183,40.4486093],[-79.9555704,40.448651],[-79.9554487,40.4487399],[-79.9553454,40.4486573],[-79.9554996,40.4485449]]]}},{"type":"Feature","id":"543158268","properties":{"kind":"building"},"geometry":{"type":"Polygon","coordinates":[[[-79.9547446,40.4486709],[-79.9548598,40.4487627],[-79.9547293,40.4488583],[-79.9546781,40.4488175],[-79.954639,40.4488461],[-79.954575,40.448795],[-79.9547446,40.4486709]]]}},{"type":"Feature","id":"543158269","properties":{"kind":"building"},"geometry":{"type":"Polygon","coordinates":[[[-79.9577138,40.4486593],[-79.9578085,40.4487389],[-79.9577263,40.448796],[-79.9576316,40.4487165],[-79.9577138,40.4486593]]]}},{"type":"Feature","id":"543158270","properties":{"kind":"building"},"geometry":{"type":"Polygon","coordinates":[[[-79.9542947,40.4487103],[-79.954346,40.4487512],[-79.9542929,40.4487901],[-79.9542415,40.4487491],[-79.9542947,40.4487103]]]}},{"type":"Feature","id":"543158271","properties":{"kind":"building"},"geometry":{"type":"Polygon","coordinates":[[[-79.9578385,40.4485649],[-79.9579436,40.4486538],[-79.9578552,40.4487148],[-79.9578028,40.4486705],[-79.9577819,40.4486849],[-79.9577061,40.4486208],[-79.9577701,40.4485766],[-79.9577932,40.4485961],[-79.9578385,40.4485649]]]}},{"type":"Feature","id":"543158272","properties":{"kind":"building"},"geometry":{"type":"Polygon","coordinates":[[[-79.9569925,40.4477429],[-79.9570896,40.4478194],[-79.9569847,40.4478971],[-79.9569372,40.4478597],[-79.9569166,40.447875],[-79.956867,40.4478359],[-79.9569925,40.4477429]]]}},{"type":"Feature","id":"543158273","properties":{"kind":"building"},"geometry":{"type":"Polygon","coordinates":[[[-79.9569232,40.4479704],[-79.9569728,40.4480086],[-79.9569377,40.4480352],[-79.956888,40.447997],[-79.9569232,40.4479704]]]}},{"type":"Feature","id":"543158274","properties":{"kind":"building"},"geometry":{"type":"Polygon","coordinates":[[[-79.9571233,40.4478176],[-79.9572247,40.4478974],[-79.957087,40.4479994],[-79.9570445,40.4479659],[-79.9570234,40.4479815],[-79.9569762,40.4479444],[-79.9570759,40.4478706],[-79.9570642,40.4478614],[-79.9571233,40.4478176]]]}},{"type":"Feature","id":"543158275","properties":{"kind":"building"},"geometry":{"type":"Polygon","coordinates":[[[-79.955032,40.4478774],[-79.9550872,40.4479256],[-79.9550193,40.4479711],[-79.9549641,40.4479229],[-79.955032,40.4478774]]]}},{"type":"Feature","id":"543158276","properties":{"kind":"building"},"geometry":{"type":"Polygon","coordinates":[[[-79.9537585,40.4478478],[-79.9539136,40.4479677],[-79.9538753,40.4479966],[-79.9539093,40.4480229],[-79.9538078,40.4480995],[-79.9536187,40.4479533],[-79.9537585,40.4478478]]]}},{"type":"Feature","id":"543158277","properties":{"kind":"building"},"geometry":{"type":"Polygon","coordinates":[[[-79.9544362,40.4477648],[-79.9545486,40.4478547],[-79.9544346,40.4479379],[-79.9543222,40.447848],[-79.9544362,40.4477648]]]}},{"type":"Feature","id":"543158279","properties":{"kind":"building"},"geometry":{"type":"Polygon","coordinates":[[[-79.9567722,40.4478219],[-79.9568166,40.4478569],[-79.9567596,40.4478991],[-79.9567152,40.4478642],[-79.9567722,40.4478219]]]}},{"type":"Feature","id":"543158280","properties":{"kind":"building"},"geometry":{"type":"Polygon","coordinates":[[[-79.9563184,40.4488929],[-79.9563975,40.4489568],[-79.9563045,40.4490239],[-79.9562255,40.44896],[-79.9563184,40.4488929]]]}},{"type":"Feature","id":"543158281","properties":{"kind":"building"},"geometry":{"type":"Polygon","coordinates":[[[-79.9566728,40.4478452],[-79.9567187,40.4478847],[-79.9566602,40.4479244],[-79.9566143,40.4478848],[-79.9566728,40.4478452]]]}},{"type":"Feature","id":"543158282","properties":{"kind":"building"},"geometry":{"type":"Polygon","coordinates":[[[-79.9549489,40.4488524],[-79.9549949,40.4488883],[-79.9549878,40.4488937],[-79.9550758,40.4489622],[-79.9550682,40.4489679],[-79.9551008,40.4489932],[-79.9550695,40.4490167],[-79.9550298,40.4489858],[-79.9549857,40.4490189],[-79.9549117,40.4489613],[-79.9548797,40.4489854],[-79.9548266,40.4489441],[-79.9549489,40.4488524]]]}},{"type":"Feature","id":"543158283","properties":{"kind":"building"},"geometry":{"type":"Polygon","coordinates":[[[-79.9565082,40.4478798],[-79.9566055,40.4479564],[-79.9564957,40.4480378],[-79.9563984,40.4479612],[-79.9565082,40.4478798]]]}},{"type":"Feature","id":"543158284","properties":{"kind":"building"},"geometry":{"type":"Polygon","coordinates":[[[-79.9568987,40.4479204],[-79.9569365,40.4479531],[-79.95688,40.4479911],[-79.9568423,40.4479585],[-79.9568987,40.4479204]]]}},{"type":"Feature","id":"543158285","properties":{"kind":"building"},"geometry":{"type":"Polygon","coordinates":[[[-79.9563919,40.4477754],[-79.9564747,40.4478406],[-79.9563811,40.44791],[-79.9562983,40.4478447],[-79.9563919,40.4477754]]]}},{"type":"Feature","id":"543158287","properties":{"kind":"building"},"geometry":{"type":"Polygon","coordinates":[[[-79.9545987,40.4479011],[-79.9546943,40.4479776],[-79.9545831,40.4480588],[-79.9544874,40.4479822],[-79.9545987,40.4479011]]]}},{"type":"Feature","id":"543158288","properties":{"kind":"building"},"geometry":{"type":"Polygon","coordinates":[[[-79.957483,40.4488481],[-79.9575567,40.4489101],[-79.9574406,40.4489907],[-79.9573669,40.4489288],[-79.957483,40.4488481]]]}},{"type":"Feature","id":"543158291","properties":{"kind":"building"},"geometry":{"type":"Polygon","coordinates":[[[-79.9559718,40.4485005],[-79.9560432,40.4485602],[-79.9559712,40.4486105],[-79.9558998,40.4485509],[-79.9559718,40.4485005]]]}},{"type":"Feature","id":"543158298","properties":{"kind":"building"},"geometry":{"type":"Polygon","coordinates":[[[-79.9548612,40.4477395],[-79.9549432,40.4478052],[-79.9548821,40.4478498],[-79.9548001,40.4477841],[-79.9548612,40.4477395]]]}},{"type":"Feature","id":"543158299","properties":{"kind":"building"},"geometry":{"type":"Polygon","coordinates":[[[-79.9566395,40.4477131],[-79.9566882,40.4477554],[-79.9566356,40.4477908],[-79.9565869,40.4477485],[-79.9566395,40.4477131]]]}},{"type":"Feature","id":"543158300","properties":{"kind":"building"},"geometry":{"type":"Polygon","coordinates":[[[-79.9580995,40.448397],[-79.9581916,40.4484744],[-79.9581118,40.4485298],[-79.9580197,40.4484524],[-79.9580995,40.448397]]]}},{"type":"Feature","id":"543158301","properties":{"kind":"building"},"geometry":{"type":"Polygon","coordinates":[[[-79.9579639,40.4484891],[-79.9580464,40.4485585],[-79.9579706,40.4486112],[-79.957888,40.4485418],[-79.9579639,40.4484891]]]}},{"type":"Feature","id":"543158302","properties":{"kind":"building"},"geometry":{"type":"Polygon","coordinates":[[[-79.9542258,40.4486668],[-79.9542711,40.448703],[-79.9542281,40.4487345],[-79.9541828,40.4486983],[-79.9542258,40.4486668]]]}},{"type":"Feature","id":"543158303","properties":{"kind":"building"},"geometry":{"type":"Polygon","coordinates":[[[-79.9563773,40.4483599],[-79.9564684,40.4484358],[-79.956446,40.4484514],[-79.9564545,40.4484585],[-79.956321,40.448552],[-79.9562958,40.448531],[-79.9562692,40.4485496],[-79.9562088,40.4484992],[-79.956238,40.4484787],[-79.9562315,40.4484732],[-79.9562692,40.4484468],[-79.9562618,40.4484407],[-79.9563773,40.4483599]]]}},{"type":"Feature","id":"543158304","properties":{"kind":"building"},"geometry":{"type":"Polygon","coordinates":[[[-79.956052,40.4485765],[-79.9561108,40.4486253],[-79.956045,40.4486715],[-79.9559862,40.4486227],[-79.956052,40.4485765]]]}},{"type":"Feature","id":"543158306","properties":{"kind":"building"},"geometry":{"type":"Polygon","coordinates":[[[-79.954608,40.448565],[-79.9546733,40.4486171],[-79.9545534,40.4487048],[-79.9545336,40.448689],[-79.9545078,40.4487078],[-79.954438,40.4486522],[-79.9545539,40.4485674],[-79.9545782,40.4485868],[-79.954608,40.448565]]]}},{"type":"Feature","id":"543158307","properties":{"kind":"building"},"geometry":{"type":"Polygon","coordinates":[[[-79.956946,40.4484286],[-79.9570565,40.448518],[-79.956948,40.4485963],[-79.9568644,40.4485286],[-79.956902,40.4485015],[-79.9568751,40.4484797],[-79.956946,40.4484286]]]}},{"type":"Feature","id":"543158308","properties":{"kind":"building"},"geometry":{"type":"Polygon","coordinates":[[[-79.9572606,40.4489682],[-79.9573519,40.449045],[-79.957248,40.4491172],[-79.9571566,40.4490404],[-79.9572606,40.4489682]]]}},{"type":"Feature","id":"543158309","properties":{"kind":"building"},"geometry":{"type":"Polygon","coordinates":[[[-79.9562576,40.4476605],[-79.9563079,40.4477025],[-79.9563372,40.4476821],[-79.9563852,40.4477221],[-79.9562483,40.4478179],[-79.9562076,40.4477839],[-79.9562187,40.4477762],[-79.9561496,40.4477187],[-79.956212,40.447675],[-79.9562234,40.4476845],[-79.9562576,40.4476605]]]}},{"type":"Feature","id":"543158310","properties":{"kind":"building"},"geometry":{"type":"Polygon","coordinates":[[[-79.9562143,40.447478],[-79.9562737,40.4475283],[-79.9562171,40.4475673],[-79.9561576,40.4475171],[-79.9562143,40.447478]]]}},{"type":"Feature","id":"543158311","properties":{"kind":"building"},"geometry":{"type":"Polygon","coordinates":[[[-79.9565947,40.4486924],[-79.9566313,40.4487219],[-79.9565919,40.4487504],[-79.9566715,40.4488147],[-79.9565366,40.4489122],[-79.9564886,40.4488734],[-79.9565663,40.4488173],[-79.9565342,40.4487913],[-79.9565223,40.4487999],[-79.9564902,40.448774],[-79.9564994,40.4487674],[-79.9564651,40.4487397],[-79.9565198,40.4487002],[-79.95655,40.4487246],[-79.9565947,40.4486924]]]}},{"type":"Feature","id":"543158312","properties":{"kind":"building"},"geometry":{"type":"Polygon","coordinates":[[[-79.9550268,40.4477511],[-79.9550789,40.4477934],[-79.9550204,40.4478354],[-79.9549683,40.4477932],[-79.9550268,40.4477511]]]}},{"type":"Feature","id":"543158313","properties":{"kind":"building"},"geometry":{"type":"Polygon","coordinates":[[[-79.9568787,40.4476451],[-79.9569722,40.4477188],[-79.9568561,40.4478048],[-79.9568303,40.4477845],[-79.9568024,40.4478052],[-79.9567347,40.4477518],[-79.9568787,40.4476451]]]}},{"type":"Feature","id":"543158314","properties":{"kind":"building"},"geometry":{"type":"Polygon","coordinates":[[[-79.9565661,40.4477489],[-79.9565987,40.447776],[-79.9565517,40.447809],[-79.9565191,40.4477819],[-79.9565661,40.4477489]]]}},{"type":"Feature","id":"543158315","properties":{"kind":"building"},"geometry":{"type":"Polygon","coordinates":[[[-79.9576073,40.4487353],[-79.9577165,40.4488271],[-79.9576582,40.4488676],[-79.9576357,40.4488487],[-79.9575946,40.4488773],[-79.9575078,40.4488044],[-79.9576073,40.4487353]]]}},{"type":"Feature","id":"543158316","properties":{"kind":"building"},"geometry":{"type":"Polygon","coordinates":[[[-79.9544314,40.4484457],[-79.9544896,40.4484922],[-79.954374,40.4485767],[-79.9543158,40.4485303],[-79.9544314,40.4484457]]]}},{"type":"Feature","id":"543158317","properties":{"kind":"building"},"geometry":{"type":"Polygon","coordinates":[[[-79.9551922,40.4484034],[-79.9552538,40.4484516],[-79.9553007,40.4484167],[-79.9553317,40.448441],[-79.9552869,40.4484745],[-79.9553279,40.4485066],[-79.9552373,40.4485742],[-79.9551036,40.4484694],[-79.9551922,40.4484034]]]}},{"type":"Feature","id":"543158319","properties":{"kind":"building"},"geometry":{"type":"Polygon","coordinates":[[[-79.9574846,40.4462667],[-79.9573004,40.4461233],[-79.9573118,40.446115],[-79.9572484,40.446064],[-79.9572435,40.4460675],[-79.9571719,40.4460099],[-79.9574757,40.4457896],[-79.9574891,40.4458004],[-79.9575557,40.4457521],[-79.9575316,40.4457328],[-79.9578679,40.4454889],[-79.9579087,40.4455223],[-79.9579664,40.4454764],[-79.9581546,40.4456353],[-79.9577714,40.4459113],[-79.957856,40.4459847],[-79.957781,40.446037],[-79.9577826,40.446054],[-79.9574846,40.4462667]]]}},{"type":"Feature","id":"543159674","properties":{"kind":"building"},"geometry":{"type":"Polygon","coordinates":[[[-79.9487945,40.4483979],[-79.9488545,40.448512],[-79.9481991,40.448713],[-79.9481392,40.4485988],[-79.9487945,40.4483979]]]}},{"type":"Feature","id":"543159675","properties":{"kind":"building"},"geometry":{"type":"Polygon","coordinates":[[[-79.9493746,40.4458651],[-79.9493848,40.4459489],[-79.9492688,40.4459572],[-79.9492586,40.4458734],[-79.9493746,40.4458651]]]}},{"type":"Feature","id":"543159676","properties":{"kind":"building"},"geometry":{"type":"Polygon","coordinates":[[[-79.9498113,40.445859],[-79.9498474,40.4461478],[-79.9497366,40.4461559],[-79.9497039,40.4458944],[-79.9496685,40.445897],[-79.9496651,40.4458697],[-79.9498113,40.445859]]]}},{"type":"Feature","id":"543159677","properties":{"kind":"building"},"geometry":{"type":"Polygon","coordinates":[[[-79.9491446,40.4458613],[-79.9491553,40.4459497],[-79.9489929,40.4459612],[-79.9489822,40.4458728],[-79.9491446,40.4458613]]]}},{"type":"Feature","id":"543159678","properties":{"kind":"building"},"geometry":{"type":"Polygon","coordinates":[[[-79.9484109,40.4456976],[-79.948423,40.4457877],[-79.9483399,40.4457942],[-79.9483279,40.4457041],[-79.9484109,40.4456976]]]}},{"type":"Feature","id":"543159679","properties":{"kind":"building"},"geometry":{"type":"Polygon","coordinates":[[[-79.9483089,40.4457073],[-79.9483204,40.4457936],[-79.9482362,40.4458001],[-79.9482247,40.4457138],[-79.9483089,40.4457073]]]}},{"type":"Feature","id":"543159680","properties":{"kind":"building"},"geometry":{"type":"Polygon","coordinates":[[[-79.9486315,40.4453528],[-79.9486567,40.4455694],[-79.9487018,40.4455663],[-79.9487127,40.4456593],[-79.9486114,40.4456661],[-79.9486191,40.4457322],[-79.9487276,40.4457249],[-79.9487342,40.4457819],[-79.9484973,40.4457978],[-79.9484922,40.4457541],[-79.9484674,40.4457558],[-79.9484702,40.4457805],[-79.9484333,40.4457829],[-79.9484193,40.4456627],[-79.9483989,40.4454874],[-79.9484585,40.4454834],[-79.9484448,40.4453654],[-79.9486315,40.4453528]]]}},{"type":"Feature","id":"543159681","properties":{"kind":"building"},"geometry":{"type":"Polygon","coordinates":[[[-79.9475815,40.4459821],[-79.9475974,40.4461133],[-79.9475252,40.4461184],[-79.9475092,40.4459872],[-79.9475815,40.4459821]]]}},{"type":"Feature","id":"543159682","properties":{"kind":"building"},"geometry":{"type":"Polygon","coordinates":[[[-79.9473435,40.4463185],[-79.9473536,40.4464023],[-79.9472708,40.4464081],[-79.9472607,40.4463244],[-79.9473435,40.4463185]]]}},{"type":"Feature","id":"543159683","properties":{"kind":"building"},"geometry":{"type":"Polygon","coordinates":[[[-79.9475967,40.445584],[-79.9476003,40.4456111],[-79.9475368,40.4456161],[-79.9475331,40.445589],[-79.9475967,40.445584]]]}},{"type":"Feature","id":"543159685","properties":{"kind":"building"},"geometry":{"type":"Polygon","coordinates":[[[-79.9469793,40.4455397],[-79.9469874,40.4455977],[-79.9468519,40.4456086],[-79.9468439,40.4455506],[-79.9469793,40.4455397]]]}},{"type":"Feature","id":"543159687","properties":{"kind":"building"},"geometry":{"type":"Polygon","coordinates":[[[-79.9478327,40.4454044],[-79.9478435,40.4454932],[-79.9476993,40.4455035],[-79.9476885,40.4454147],[-79.9478327,40.4454044]]]}},{"type":"Feature","id":"543159688","properties":{"kind":"building"},"geometry":{"type":"Polygon","coordinates":[[[-79.9469694,40.4456676],[-79.9469929,40.4457167],[-79.9470402,40.4457035],[-79.9470602,40.4457454],[-79.9469092,40.4457874],[-79.9468659,40.4456964],[-79.9469613,40.4456699],[-79.9469694,40.4456676]]]}},{"type":"Feature","id":"543159689","properties":{"kind":"building"},"geometry":{"type":"Polygon","coordinates":[[[-79.9474123,40.4454654],[-79.9474275,40.4455742],[-79.9473636,40.4455794],[-79.9473659,40.445596],[-79.9472958,40.4456017],[-79.9472824,40.4455052],[-79.9473482,40.4454999],[-79.9473441,40.4454709],[-79.9474123,40.4454654]]]}},{"type":"Feature","id":"543159690","properties":{"kind":"building"},"geometry":{"type":"Polygon","coordinates":[[[-79.9474861,40.4460076],[-79.9475014,40.4461333],[-79.9474099,40.4461398],[-79.9473947,40.4460141],[-79.9474861,40.4460076]]]}},{"type":"Feature","id":"543159691","properties":{"kind":"building"},"geometry":{"type":"Polygon","coordinates":[[[-79.948132,40.4453966],[-79.9481432,40.4454804],[-79.9480644,40.4454865],[-79.9480533,40.4454027],[-79.948132,40.4453966]]]}},{"type":"Feature","id":"543159692","properties":{"kind":"building"},"geometry":{"type":"Polygon","coordinates":[[[-79.9473666,40.4460222],[-79.9473762,40.4461017],[-79.947342,40.4461041],[-79.9473324,40.4460246],[-79.9473666,40.4460222]]]}},{"type":"Feature","id":"543159693","properties":{"kind":"building"},"geometry":{"type":"Polygon","coordinates":[[[-79.9476701,40.445746],[-79.9476819,40.4458338],[-79.9475669,40.4458427],[-79.9475552,40.445755],[-79.9476701,40.445746]]]}},{"type":"Feature","id":"543159694","properties":{"kind":"building"},"geometry":{"type":"Polygon","coordinates":[[[-79.9479216,40.4461938],[-79.9479447,40.4463843],[-79.9478782,40.446389],[-79.9478551,40.4461985],[-79.9479216,40.4461938]]]}},{"type":"Feature","id":"543159695","properties":{"kind":"building"},"geometry":{"type":"Polygon","coordinates":[[[-79.9472521,40.4460123],[-79.9472635,40.4461066],[-79.9471983,40.4461112],[-79.9471869,40.446017],[-79.9472521,40.4460123]]]}},{"type":"Feature","id":"543159696","properties":{"kind":"building"},"geometry":{"type":"Polygon","coordinates":[[[-79.9469768,40.4456015],[-79.9469799,40.4456279],[-79.9470318,40.4456244],[-79.9470355,40.4456568],[-79.9468388,40.44567],[-79.946832,40.4456113],[-79.9469768,40.4456015]]]}},{"type":"Feature","id":"543159697","properties":{"kind":"building"},"geometry":{"type":"Polygon","coordinates":[[[-79.9473311,40.4461229],[-79.9473418,40.4462114],[-79.9472874,40.4462152],[-79.9472767,40.4461267],[-79.9473311,40.4461229]]]}},{"type":"Feature","id":"543159698","properties":{"kind":"building"},"geometry":{"type":"Polygon","coordinates":[[[-79.9470218,40.445467],[-79.9470304,40.4455315],[-79.9468492,40.4455456],[-79.9468406,40.4454812],[-79.9470218,40.445467]]]}},{"type":"Feature","id":"543159699","properties":{"kind":"building"},"geometry":{"type":"Polygon","coordinates":[[[-79.9474924,40.4457603],[-79.9475045,40.4458513],[-79.9474207,40.4458578],[-79.9474085,40.4457668],[-79.9474924,40.4457603]]]}},{"type":"Feature","id":"543159700","properties":{"kind":"building"},"geometry":{"type":"Polygon","coordinates":[[[-79.9478089,40.4459675],[-79.9478272,40.4461182],[-79.947783,40.4461214],[-79.9477784,40.4460836],[-79.9477518,40.4460855],[-79.9477564,40.4461236],[-79.9476875,40.4461285],[-79.9476692,40.4459774],[-79.9478089,40.4459675]]]}},{"type":"Feature","id":"543159701","properties":{"kind":"building"},"geometry":{"type":"Polygon","coordinates":[[[-79.9475045,40.4455585],[-79.947518,40.4456888],[-79.9473959,40.4456962],[-79.9473885,40.445624],[-79.9475045,40.4455585]]]}},{"type":"Feature","id":"543159702","properties":{"kind":"building"},"geometry":{"type":"Polygon","coordinates":[[[-79.9475025,40.4462634],[-79.9475187,40.4463969],[-79.9474752,40.4464],[-79.947459,40.4462665],[-79.9475025,40.4462634]]]}},{"type":"Feature","id":"543159703","properties":{"kind":"building"},"geometry":{"type":"Polygon","coordinates":[[[-79.9474482,40.4462824],[-79.9474582,40.4463652],[-79.9474094,40.4463687],[-79.9473994,40.4462859],[-79.9474482,40.4462824]]]}},{"type":"Feature","id":"543159704","properties":{"kind":"building"},"geometry":{"type":"Polygon","coordinates":[[[-79.9478467,40.4462509],[-79.9478623,40.4463796],[-79.9477437,40.446388],[-79.9477281,40.4462593],[-79.9478467,40.4462509]]]}},{"type":"Feature","id":"543159705","properties":{"kind":"building"},"geometry":{"type":"Polygon","coordinates":[[[-79.9480086,40.4461822],[-79.9480278,40.4463405],[-79.9479499,40.446346],[-79.9479307,40.4461877],[-79.9480086,40.4461822]]]}},{"type":"Feature","id":"543159706","properties":{"kind":"building"},"geometry":{"type":"Polygon","coordinates":[[[-79.9472383,40.445775],[-79.9472537,40.4458908],[-79.9471311,40.4459004],[-79.9471203,40.4458199],[-79.9471499,40.4458175],[-79.9471452,40.4457823],[-79.9472383,40.445775]]]}},{"type":"Feature","id":"543159707","properties":{"kind":"building"},"geometry":{"type":"Polygon","coordinates":[[[-79.9477025,40.4462472],[-79.9477173,40.4463688],[-79.9476496,40.4463736],[-79.9476349,40.446252],[-79.9477025,40.4462472]]]}},{"type":"Feature","id":"544174649","properties":{"kind":"building"},"geometry":{"type":"Polygon","coordinates":[[[-79.9439916,40.4468895],[-79.9440889,40.4468883],[-79.9440911,40.4469922],[-79.9439938,40.4469934],[-79.9439916,40.4468895]]]}},{"type":"Feature","id":"544174653","properties":{"kind":"building"},"geometry":{"type":"Polygon","coordinates":[[[-79.943962,40.4462078],[-79.9440453,40.4462067],[-79.9440471,40.4462944],[-79.9440645,40.4462941],[-79.9440658,40.4463557],[-79.9439352,40.4463573],[-79.9439327,40.4462389],[-79.9439627,40.4462385],[-79.943962,40.4462078]]]}},{"type":"Feature","id":"544174660","properties":{"kind":"building"},"geometry":{"type":"Polygon","coordinates":[[[-79.9439905,40.4467066],[-79.944089,40.4467054],[-79.9440904,40.4467747],[-79.9440713,40.446775],[-79.9440728,40.4468458],[-79.9439485,40.4468474],[-79.9439471,40.4467817],[-79.943992,40.4467811],[-79.9439905,40.4467066]]]}},{"type":"Feature","id":"544174662","properties":{"kind":"building"},"geometry":{"type":"Polygon","coordinates":[[[-79.9439944,40.4465402],[-79.9440675,40.4465393],[-79.9440692,40.446623],[-79.9440809,40.4466229],[-79.9440822,40.4466856],[-79.9439593,40.4466871],[-79.9439579,40.4466184],[-79.943996,40.4466179],[-79.9439944,40.4465402]]]}},{"type":"Feature","id":"544174664","properties":{"kind":"building"},"geometry":{"type":"Polygon","coordinates":[[[-79.9464327,40.4455953],[-79.9465775,40.4459402],[-79.9465594,40.4459446],[-79.9465809,40.4459958],[-79.9465553,40.4460021],[-79.9465702,40.4460376],[-79.9465233,40.446049],[-79.9465286,40.4460615],[-79.9464227,40.4460872],[-79.9464158,40.4460708],[-79.9463691,40.4460821],[-79.9463547,40.4460477],[-79.946317,40.4460569],[-79.9462978,40.4460111],[-79.9462726,40.4460173],[-79.9461266,40.4456697],[-79.9464327,40.4455953]]]}},{"type":"Feature","id":"544174668","properties":{"kind":"building"},"geometry":{"type":"Polygon","coordinates":[[[-79.9439494,40.4464009],[-79.944033,40.4463998],[-79.944034,40.4464483],[-79.9441339,40.4464471],[-79.9441353,40.446516],[-79.9439519,40.4465183],[-79.9439494,40.4464009]]]}},{"type":"Feature","id":"544174669","properties":{"kind":"building"},"geometry":{"type":"Polygon","coordinates":[[[-79.944001,40.4470522],[-79.9441088,40.4470508],[-79.9441107,40.4471415],[-79.9440029,40.4471428],[-79.944001,40.4470522]]]}},{"type":"Feature","id":"544174671","properties":{"kind":"building"},"geometry":{"type":"Polygon","coordinates":[[[-79.9455434,40.4464059],[-79.9455437,40.4464086],[-79.9455583,40.4465178],[-79.9455897,40.4467389],[-79.9455748,40.4467394],[-79.9455772,40.4467476],[-79.9455768,40.4467514],[-79.9455764,40.4467546],[-79.9455746,40.4467625],[-79.9457075,40.4467517],[-79.9457184,40.4467587],[-79.945727,40.4467536],[-79.9457365,40.4467527],[-79.9457455,40.4467531],[-79.9457525,40.4467558],[-79.945759,40.4467586],[-79.9457641,40.4467623],[-79.9457637,40.4467581],[-79.9457754,40.4467574],[-79.9457789,40.4467581],[-79.9457808,40.446761],[-79.9458033,40.4467592],[-79.945822,40.4467582],[-79.945823,40.4467549],[-79.9458261,40.4467525],[-79.9458417,40.4467519],[-79.9458417,40.4467545],[-79.9458469,40.4467492],[-79.945855,40.4467442],[-79.9458657,40.4467433],[-79.945875,40.4467439],[-79.9458851,40.4467474],[-79.9458924,40.4467522],[-79.945895,40.4467594],[-79.9458976,40.4467785],[-79.9462267,40.4467521],[-79.9462347,40.4468226],[-79.946258,40.4468206],[-79.9462608,40.44684],[-79.946264,40.4468623],[-79.9462395,40.4468645],[-79.9462471,40.4469319],[-79.9459151,40.446955],[-79.9459214,40.4469608],[-79.9459241,40.4469685],[-79.9459223,40.4469769],[-79.9459149,40.4469845],[-79.9459039,40.4469895],[-79.9458909,40.4469907],[-79.9458795,40.446988],[-79.9458708,40.4469822],[-79.9458305,40.4469849],[-79.9457933,40.4469873],[-79.9457864,40.4469946],[-79.9457738,40.4469987],[-79.945765,40.4469999],[-79.9457619,40.4470004],[-79.9457508,40.4469969],[-79.9457421,40.4469923],[-79.9457369,40.4469851],[-79.9457362,40.4469774],[-79.9457384,40.4469701],[-79.9454047,40.4469929],[-79.9453959,40.4469258],[-79.9453723,40.4469277],[-79.9453693,40.446908],[-79.945366,40.4468857],[-79.9453905,40.4468841],[-79.9453828,40.4468246],[-79.9453836,40.4468192],[-79.9453882,40.4468154],[-79.9453954,40.4468133],[-79.9454569,40.4468077],[-79.945451,40.4467482],[-79.9453817,40.4467532],[-79.9453784,40.4467241],[-79.9453155,40.4467291],[-79.9453047,40.4467268],[-79.945296,40.4467222],[-79.9452896,40.4467143],[-79.9452866,40.4467054],[-79.9452882,40.4466974],[-79.9452939,40.4466893],[-79.9453013,40.4466843],[-79.9453106,40.4466813],[-79.9453724,40.4466754],[-79.9453514,40.4465051],[-79.9453035,40.4465073],[-79.9452982,40.4464403],[-79.945308,40.44644],[-79.9453431,40.4464381],[-79.9453418,40.446423],[-79.9455434,40.4464059]]]}},{"type":"Feature","id":"544174672","properties":{"kind":"building"},"geometry":{"type":"Polygon","coordinates":[[[-79.9464021,40.4463927],[-79.9464092,40.4463972],[-79.9464131,40.446406],[-79.9464148,40.4464145],[-79.9464115,40.4464235],[-79.946406,40.4464299],[-79.946398,40.4464349],[-79.9463871,40.4464389],[-79.9464098,40.446621],[-79.9464183,40.446622],[-79.9464267,40.4466256],[-79.9464326,40.4466317],[-79.9464344,40.4466397],[-79.9464335,40.4466458],[-79.9464288,40.4466518],[-79.9464219,40.4466567],[-79.9464135,40.446659],[-79.946404,40.4466576],[-79.9463975,40.4466541],[-79.9463927,40.44665],[-79.9463908,40.4466452],[-79.9463181,40.4466503],[-79.9463164,40.4466566],[-79.9463126,40.4466617],[-79.9463067,40.4466662],[-79.9462974,40.4466679],[-79.9462871,40.4466672],[-79.946279,40.4466631],[-79.9462729,40.4466578],[-79.9462695,40.4466511],[-79.94627,40.4466437],[-79.9462735,40.4466374],[-79.9462797,40.4466332],[-79.9462863,40.4466307],[-79.9462714,40.4465166],[-79.9462521,40.446518],[-79.9461084,40.4465285],[-79.946119,40.446613],[-79.9461185,40.4466169],[-79.9461173,40.4466207],[-79.9461154,40.4466243],[-79.9461128,40.4466277],[-79.9461096,40.4466308],[-79.9461059,40.4466335],[-79.9461017,40.4466357],[-79.9460971,40.4466374],[-79.9460922,40.4466386],[-79.9460872,40.4466393],[-79.946082,40.4466394],[-79.9460769,40.4466389],[-79.946072,40.4466379],[-79.9460673,40.4466363],[-79.946063,40.4466342],[-79.9460591,40.4466316],[-79.9460557,40.4466287],[-79.9460529,40.4466254],[-79.9460508,40.4466218],[-79.9460494,40.4466181],[-79.9460483,40.4466093],[-79.9460136,40.4466118],[-79.946009,40.4465745],[-79.9460458,40.4465713],[-79.9460428,40.4465456],[-79.9460345,40.4465437],[-79.9460275,40.44654],[-79.946022,40.4465345],[-79.9460201,40.4465281],[-79.9460206,40.4465208],[-79.9460245,40.4465141],[-79.9460305,40.4465095],[-79.9460375,40.4465059],[-79.9460357,40.44649],[-79.9460319,40.4464574],[-79.9460241,40.4464562],[-79.9460175,40.4464528],[-79.9460122,40.4464477],[-79.9460111,40.4464445],[-79.9460097,40.4464408],[-79.9460096,40.4464332],[-79.9460143,40.4464268],[-79.946022,40.4464216],[-79.946031,40.4464193],[-79.9460404,40.446419],[-79.9460494,40.4464218],[-79.9460559,40.4464264],[-79.9460596,40.4464334],[-79.9461062,40.44643],[-79.9463469,40.4464124],[-79.9463507,40.4464018],[-79.9463588,40.4463931],[-79.9463699,40.4463885],[-79.9463828,40.4463866],[-79.9463918,40.4463878],[-79.9464021,40.4463927]]]}},{"type":"Feature","id":"544174673","properties":{"kind":"building"},"geometry":{"type":"Polygon","coordinates":[[[-79.9448306,40.4464102],[-79.9449724,40.4464078],[-79.9449741,40.446463],[-79.9449756,40.4465139],[-79.944835,40.4465164],[-79.9448371,40.4465861],[-79.9449805,40.4465836],[-79.9449837,40.4466896],[-79.944842,40.446692],[-79.9448441,40.4467618],[-79.9449866,40.4467593],[-79.9449899,40.4468681],[-79.9449159,40.4468693],[-79.944918,40.4469389],[-79.9449915,40.4469376],[-79.9449946,40.4470436],[-79.9448483,40.4470462],[-79.9448469,40.446998],[-79.9448289,40.4469983],[-79.9448295,40.4470201],[-79.9447943,40.4470207],[-79.9447951,40.4470465],[-79.9446745,40.4470486],[-79.9445047,40.4470515],[-79.9444982,40.4468309],[-79.9445266,40.4468304],[-79.9445234,40.4467212],[-79.9445517,40.4467207],[-79.9445492,40.4466363],[-79.9444933,40.4466373],[-79.9444919,40.4465877],[-79.9444573,40.4465883],[-79.9444562,40.44655],[-79.9444149,40.4465508],[-79.944411,40.4464194],[-79.9447746,40.4464131],[-79.9447755,40.4464424],[-79.9448101,40.4464418],[-79.9448107,40.4464597],[-79.944832,40.4464593],[-79.9448306,40.4464102]]]}},{"type":"Feature","id":"545283414","properties":{"kind":"building"},"geometry":{"type":"Polygon","coordinates":[[[-79.9468135,40.4480796],[-79.9471225,40.4482686],[-79.9470195,40.448367],[-79.9468287,40.4482503],[-79.9467452,40.4483301],[-79.9469408,40.4484497],[-79.946842,40.448544],[-79.9466432,40.4484224],[-79.9465706,40.4484917],[-79.9467636,40.4486097],[-79.9466596,40.4487089],[-79.9463516,40.4485205],[-79.9468135,40.4480796]]]}},{"type":"Feature","id":"545283419","properties":{"kind":"building"},"geometry":{"type":"Polygon","coordinates":[[[-79.9472937,40.4474146],[-79.9473031,40.4474859],[-79.9473474,40.4474825],[-79.947357,40.4475555],[-79.9472484,40.4475638],[-79.9472463,40.4475476],[-79.9470448,40.447563],[-79.947028,40.4474349],[-79.9472937,40.4474146]]]}},{"type":"Feature","id":"545283446","properties":{"kind":"building"},"geometry":{"type":"Polygon","coordinates":[[[-79.94527,40.4480501],[-79.9452759,40.4481067],[-79.9453372,40.448103],[-79.9453482,40.4482094],[-79.9452927,40.4482127],[-79.9452989,40.4482731],[-79.9452308,40.4482772],[-79.94523,40.4482686],[-79.9451101,40.4482759],[-79.9451122,40.4482959],[-79.9451921,40.4482911],[-79.9451949,40.4483175],[-79.9451649,40.4483193],[-79.9451699,40.4483675],[-79.9451927,40.4483824],[-79.9450461,40.4485139],[-79.9449365,40.4484426],[-79.9449524,40.4484283],[-79.9449336,40.4484295],[-79.9449165,40.4482646],[-79.9449347,40.4482635],[-79.9449163,40.4480861],[-79.9452049,40.4480686],[-79.9452034,40.4480541],[-79.94527,40.4480501]]]}},{"type":"Feature","id":"545283450","properties":{"kind":"building"},"geometry":{"type":"Polygon","coordinates":[[[-79.9469405,40.4472718],[-79.9469556,40.4473871],[-79.9466861,40.4474077],[-79.946715,40.4476272],[-79.946563,40.4476387],[-79.9465189,40.4473039],[-79.9469405,40.4472718]]]}},{"type":"Feature","id":"545283459","properties":{"kind":"building"},"geometry":{"type":"Polygon","coordinates":[[[-79.9448548,40.4483128],[-79.9449169,40.4483124],[-79.9449179,40.4483893],[-79.9448558,40.4483898],[-79.9448548,40.4483128]]]}},{"type":"Feature","id":"545283472","properties":{"kind":"building"},"geometry":{"type":"Polygon","coordinates":[[[-79.9461073,40.448129],[-79.9462426,40.4482119],[-79.9460859,40.4483612],[-79.9459506,40.4482783],[-79.9461073,40.448129]]]}},{"type":"Feature","id":"545283477","properties":{"kind":"building"},"geometry":{"type":"Polygon","coordinates":[[[-79.9444511,40.4482079],[-79.9446062,40.4482055],[-79.9446066,40.448221],[-79.9446263,40.4482338],[-79.9446268,40.4482459],[-79.9446126,40.4482622],[-79.9446684,40.4482624],[-79.9446716,40.4483281],[-79.9444442,40.4483318],[-79.9444428,40.4482785],[-79.944418,40.4482789],[-79.9444168,40.4482331],[-79.9444518,40.4482326],[-79.9444511,40.4482079]]]}},{"type":"Feature","id":"545283480","properties":{"kind":"building"},"geometry":{"type":"Polygon","coordinates":[[[-79.9444697,40.448381],[-79.9445511,40.4483797],[-79.9445515,40.4483937],[-79.9446209,40.4483926],[-79.9446217,40.4484197],[-79.9446824,40.4484187],[-79.9446848,40.4485078],[-79.9446007,40.4485091],[-79.9446014,40.4485342],[-79.9444989,40.4485358],[-79.944498,40.4485002],[-79.9444546,40.4485009],[-79.9444521,40.4484104],[-79.9444705,40.4484101],[-79.9444697,40.448381]]]}},{"type":"Feature","id":"545283483","properties":{"kind":"building"},"geometry":{"type":"Polygon","coordinates":[[[-79.9458341,40.4480001],[-79.9460292,40.4481196],[-79.9458794,40.4482624],[-79.9456842,40.4481429],[-79.9458341,40.4480001]]]}},{"type":"Feature","id":"545283486","properties":{"kind":"building"},"geometry":{"type":"Polygon","coordinates":[[[-79.9463986,40.448179],[-79.9465141,40.4482496],[-79.9462758,40.4484769],[-79.9461603,40.4484063],[-79.9463986,40.448179]]]}},{"type":"Feature","id":"545283490","properties":{"kind":"building"},"geometry":{"type":"Polygon","coordinates":[[[-79.9453466,40.4489798],[-79.9453661,40.4490224],[-79.9452903,40.4490427],[-79.9452707,40.4490002],[-79.9453466,40.4489798]]]}},{"type":"Feature","id":"545283494","properties":{"kind":"building"},"geometry":{"type":"Polygon","coordinates":[[[-79.9463595,40.4474983],[-79.9463627,40.4475239],[-79.9464487,40.4475175],[-79.9464799,40.4477658],[-79.9461797,40.4477879],[-79.9461483,40.4475384],[-79.9462448,40.4475313],[-79.9462418,40.447507],[-79.9463595,40.4474983]]]}},{"type":"Feature","id":"545283502","properties":{"kind":"building"},"geometry":{"type":"Polygon","coordinates":[[[-79.9455902,40.4488761],[-79.9456905,40.4489363],[-79.9456145,40.4490097],[-79.9455142,40.4489495],[-79.9455902,40.4488761]]]}},{"type":"Feature","id":"545283508","properties":{"kind":"building"},"geometry":{"type":"Polygon","coordinates":[[[-79.9461536,40.448668],[-79.9465533,40.4489152],[-79.9464671,40.4489966],[-79.9460674,40.4487494],[-79.9461536,40.448668]]]}},{"type":"Feature","id":"545283515","properties":{"kind":"building"},"geometry":{"type":"Polygon","coordinates":[[[-79.9471662,40.4480708],[-79.9472641,40.4481336],[-79.9471653,40.4482236],[-79.9471503,40.4482139],[-79.9471145,40.4481179],[-79.9471662,40.4480708]]]}},{"type":"Feature","id":"545283527","properties":{"kind":"building"},"geometry":{"type":"Polygon","coordinates":[[[-79.9447831,40.4480967],[-79.9448997,40.4480958],[-79.9449005,40.4481589],[-79.9448661,40.4481591],[-79.9448667,40.4482116],[-79.9447846,40.4482122],[-79.9447831,40.4480967]]]}},{"type":"Feature","id":"545283540","properties":{"kind":"building"},"geometry":{"type":"Polygon","coordinates":[[[-79.9459769,40.4489481],[-79.9462339,40.449107],[-79.9461697,40.4491676],[-79.9459127,40.4490087],[-79.9459769,40.4489481]]]}},{"type":"Feature","id":"545283549","properties":{"kind":"building"},"geometry":{"type":"Polygon","coordinates":[[[-79.9472793,40.4476221],[-79.9472874,40.4476813],[-79.9473825,40.4476738],[-79.947487,40.4479209],[-79.9473224,40.4480842],[-79.947216,40.4480216],[-79.9473785,40.4478603],[-79.9473691,40.4478525],[-79.9473593,40.4478425],[-79.9473517,40.4478327],[-79.9473453,40.4478221],[-79.9473405,40.4478111],[-79.9473372,40.4477999],[-79.9473355,40.4477884],[-79.9473353,40.4477768],[-79.9473367,40.4477653],[-79.9473391,40.4477558],[-79.9467228,40.4478051],[-79.9467188,40.4477759],[-79.9466082,40.4477848],[-79.9466116,40.4478089],[-79.9466364,40.4478069],[-79.946647,40.4478846],[-79.9466115,40.4478874],[-79.9466139,40.4479049],[-79.9465497,40.44791],[-79.946526,40.4477369],[-79.9466182,40.4477296],[-79.9466133,40.4476932],[-79.9468222,40.4476765],[-79.9468198,40.4476588],[-79.9472793,40.4476221]]]}},{"type":"Feature","id":"545283598","properties":{"kind":"building"},"geometry":{"type":"Polygon","coordinates":[[[-79.9448176,40.4479886],[-79.9449348,40.4479899],[-79.9449332,40.4480749],[-79.944816,40.4480736],[-79.9448176,40.4479886]]]}},{"type":"Feature","id":"545283627","properties":{"kind":"building"},"geometry":{"type":"Polygon","coordinates":[[[-79.9452212,40.4478101],[-79.9452493,40.4480269],[-79.9450855,40.4480393],[-79.9450787,40.447987],[-79.9450573,40.4478225],[-79.9452212,40.4478101]]]}},{"type":"Feature","id":"545283633","properties":{"kind":"building"},"geometry":{"type":"Polygon","coordinates":[[[-79.943556,40.4485738],[-79.9435635,40.4486244],[-79.9436848,40.4486139],[-79.9436803,40.4485836],[-79.9438191,40.4485716],[-79.9438245,40.4486079],[-79.9439872,40.4485939],[-79.9440263,40.4488587],[-79.9438439,40.4488744],[-79.9438474,40.4488982],[-79.9437049,40.4489105],[-79.9436933,40.4488323],[-79.9437785,40.4488249],[-79.9437573,40.4486815],[-79.9436945,40.448687],[-79.9436905,40.4486598],[-79.9436327,40.4486648],[-79.9436379,40.4487005],[-79.9435426,40.4487087],[-79.9435381,40.4486779],[-79.9434653,40.4486842],[-79.9434504,40.4485829],[-79.943556,40.4485738]]]}},{"type":"Feature","id":"545283638","properties":{"kind":"building"},"geometry":{"type":"Polygon","coordinates":[[[-79.9449546,40.4484657],[-79.9449775,40.4485093],[-79.9449969,40.4485034],[-79.9450068,40.4485222],[-79.9450353,40.4485135],[-79.945055,40.4485512],[-79.9448464,40.448615],[-79.9447939,40.4485149],[-79.9449546,40.4484657]]]}},{"type":"Feature","id":"545283674","properties":{"kind":"building"},"geometry":{"type":"Polygon","coordinates":[[[-79.9444308,40.447923],[-79.9446184,40.4479251],[-79.9446176,40.4479639],[-79.9447058,40.4479649],[-79.944704,40.4480597],[-79.9444282,40.4480566],[-79.9444308,40.447923]]]}},{"type":"Feature","id":"545283678","properties":{"kind":"building"},"geometry":{"type":"Polygon","coordinates":[[[-79.9446873,40.4487922],[-79.9446999,40.4488251],[-79.9447348,40.4488173],[-79.9447541,40.4488677],[-79.9447844,40.4488609],[-79.9447979,40.4488961],[-79.9449366,40.448865],[-79.944964,40.4489366],[-79.9447542,40.4489835],[-79.9447708,40.4490269],[-79.9447799,40.4490505],[-79.9447229,40.4490633],[-79.9447147,40.4490419],[-79.9446959,40.4489928],[-79.9446505,40.449003],[-79.944579,40.4488164],[-79.9446873,40.4487922]]]}},{"type":"Feature","id":"545283695","properties":{"kind":"building"},"geometry":{"type":"Polygon","coordinates":[[[-79.9440573,40.4489547],[-79.9440984,40.4490449],[-79.9441129,40.449041],[-79.9441375,40.4490952],[-79.9440624,40.4491152],[-79.9440765,40.4491461],[-79.9439766,40.4491727],[-79.943913,40.4490334],[-79.944014,40.4490065],[-79.9439976,40.4489706],[-79.9440573,40.4489547]]]}},{"type":"Feature","id":"583510520","properties":{"kind":"building"},"geometry":{"type":"Polygon","coordinates":[[[-79.9445439,40.4455943],[-79.9446134,40.4455919],[-79.9447895,40.4455858],[-79.9449341,40.4455808],[-79.9451528,40.4455733],[-79.9452198,40.4455715],[-79.9452661,40.4455703],[-79.9454988,40.4452289],[-79.9456631,40.4449722],[-79.9461284,40.4449605],[-79.9461288,40.4449508],[-79.9461241,40.4448417],[-79.9461834,40.4448395],[-79.9461941,40.4447507],[-79.9461149,40.4447533],[-79.9461105,40.4446865],[-79.9458272,40.4446665],[-79.9457097,40.4447153],[-79.9456849,40.4446978],[-79.9456506,40.4446737],[-79.9455068,40.4447303],[-79.9450589,40.4447466],[-79.9448825,40.4450047],[-79.9448591,40.445039],[-79.9450321,40.4451084],[-79.944953,40.4452219],[-79.9448758,40.4453325],[-79.9447203,40.4453381],[-79.9446348,40.4454623],[-79.9445439,40.4455943]]]}},{"type":"Feature","id":"612697570","properties":{"kind":"building"},"geometry":{"type":"Polygon","coordinates":[[[-79.9527932,40.4425803],[-79.9527749,40.4425926],[-79.9527947,40.4426096],[-79.9527751,40.4426229],[-79.9527571,40.4426074],[-79.9527277,40.4426273],[-79.9526769,40.4425837],[-79.9526852,40.4425781],[-79.9526772,40.4425712],[-79.952685,40.4425659],[-79.952692,40.442572],[-79.9527432,40.4425374],[-79.9527932,40.4425803]]]}},{"type":"Feature","id":"660747099","properties":{"kind":"park"},"geometry":{"type":"Polygon","coordinates":[[[-79.9614636,40.4453605],[-79.961396,40.445452],[-79.9613465,40.4454198],[-79.9611647,40.4451579],[-79.9614636,40.4453605]]]}},{"type":"Feature","id":"660747100","properties":{"kind":"park"},"geometry":{"type":"Polygon","coordinates":[[[-79.9614998,40.4454079],[-79.9614485,40.4454598],[-79.9615982,40.4454754],[-79.9614998,40.4454079]]]}},{"type":"Feature","id":"729953566","properties":{"kind":"building"},"geometry":{"type":"Polygon","coordinates":[[[-79.9574137,40.4407682],[-79.9574301,40.4407563],[-79.957461,40.440781],[-79.9575219,40.440737],[-79.9575044,40.440723],[-79.9575223,40.44071],[-79.9575066,40.4406974],[-79.957567,40.4406539],[-79.9576121,40.4406901],[-79.9578123,40.4405455],[-79.9577678,40.4405098],[-79.9578431,40.4404554],[-79.9578499,40.4404608],[-79.957938,40.4403972],[-79.9579064,40.4403718],[-79.9578308,40.4403112],[-79.9577724,40.4402643],[-79.9576513,40.4401672],[-79.9576699,40.4401537],[-79.9575944,40.4400932],[-79.9575568,40.4401203],[-79.9575413,40.4401078],[-79.9570105,40.4404912],[-79.9572191,40.4406585],[-79.9573146,40.4407351],[-79.957345,40.4407131],[-79.9573878,40.4407474],[-79.9574137,40.4407682]]]}},{"type":"Feature","id":"739910512","properties":{"kind":"building"},"geometry":{"type":"Polygon","coordinates":[[[-79.9470528,40.4469682],[-79.9469506,40.446736],[-79.9465193,40.4467677],[-79.9465508,40.447004],[-79.9470528,40.4469682]]]}},{"type":"Feature","id":"763516195","properties":{"kind":"building"},"geometry":{"type":"Polygon","coordinates":[[[-79.9566783,40.4425459],[-79.9567412,40.4424996],[-79.9566779,40.4424499],[-79.9566156,40.4424944],[-79.9566783,40.4425459]]]}},{"type":"Feature","id":"768281605","properties":{"kind":"building"},"geometry":{"type":"Polygon","coordinates":[[[-79.9562162,40.442235],[-79.9563596,40.4423523],[-79.95664,40.4421491],[-79.956463,40.4420532],[-79.9562162,40.442235]]]}},{"type":"Feature","id":"768281606","properties":{"kind":"building"},"geometry":{"type":"Polygon","coordinates":[[[-79.9562162,40.442235],[-79.956147,40.4422841],[-79.956405,40.4424949],[-79.9564541,40.442535],[-79.9565628,40.442458],[-79.9564271,40.4423471],[-79.9563876,40.4423751],[-79.9563596,40.4423523],[-79.9562162,40.442235]]]}},{"type":"Feature","id":"768281607","properties":{"kind":"building"},"geometry":{"type":"Polygon","coordinates":[[[-79.9568358,40.4422583],[-79.9566816,40.4421746],[-79.9565153,40.4422889],[-79.9565595,40.4423246],[-79.956577,40.4423114],[-79.9566695,40.4423828],[-79.9568358,40.4422583]]]}},{"type":"Feature","id":"782256840","properties":{"kind":"building"},"geometry":{"type":"Polygon","coordinates":[[[-79.9580708,40.4406562],[-79.958026,40.4406206],[-79.9580092,40.4406135],[-79.9579944,40.4406008],[-79.9579902,40.4405868],[-79.9579323,40.4405414],[-79.9579073,40.4405605],[-79.9579625,40.4406046],[-79.9579803,40.4406101],[-79.9579984,40.4406233],[-79.9580055,40.4406349],[-79.9580498,40.4406713],[-79.9579216,40.4407638],[-79.9578823,40.4407327],[-79.9578638,40.4407253],[-79.9578442,40.4407097],[-79.9578385,40.4406957],[-79.9577822,40.4406519],[-79.957746,40.4406786],[-79.9578015,40.4407228],[-79.9578182,40.4407299],[-79.957836,40.4407433],[-79.9578449,40.4407558],[-79.957887,40.4407887],[-79.9577572,40.440882],[-79.9577187,40.4408506],[-79.9577013,40.4408425],[-79.9576855,40.4408284],[-79.9576771,40.4408139],[-79.9576208,40.4407695],[-79.9575987,40.4407862],[-79.9576535,40.4408303],[-79.9576733,40.4408404],[-79.9576894,40.4408534],[-79.9576979,40.4408639],[-79.9577365,40.4408972],[-79.9576093,40.440989],[-79.9574027,40.440823],[-79.957461,40.440781],[-79.9575219,40.440737],[-79.9575044,40.440723],[-79.9575223,40.44071],[-79.9575066,40.4406974],[-79.957567,40.4406539],[-79.9576121,40.4406901],[-79.9578123,40.4405455],[-79.9577678,40.4405098],[-79.9578431,40.4404554],[-79.9578499,40.4404608],[-79.957938,40.4403972],[-79.9579484,40.4403899],[-79.9579675,40.4404053],[-79.9579876,40.4403908],[-79.958201,40.4405623],[-79.9580708,40.4406562]]]}},{"type":"Feature","id":"806352458","properties":{"kind":"park"},"geometry":{"type":"Polygon","coordinates":[[[-79.9564591,40.4445136],[-79.9562114,40.4446934],[-79.9559897,40.4448541],[-79.9557855,40.4450015],[-79.9557392,40.445035],[-79.9557269,40.4450241],[-79.9556009,40.444921],[-79.9556479,40.4448858],[-79.9554778,40.4447482],[-79.9554286,40.4447829],[-79.9550597,40.4444854],[-79.9550161,40.4444517],[-79.9550843,40.4444032],[-79.9552956,40.4442499],[-79.955461,40.4441299],[-79.9556699,40.4439784],[-79.9557363,40.4439302],[-79.9557799,40.4439654],[-79.9560557,40.4441881],[-79.9561465,40.4442614],[-79.9564402,40.4444986],[-79.9564591,40.4445136]]]}},{"type":"Feature","id":"810055248","properties":{"kind":"building"},"geometry":{"type":"Polygon","coordinates":[[[-79.9568377,40.4462783],[-79.9565463,40.4464854],[-79.9563465,40.4463225],[-79.9564651,40.4462382],[-79.9562382,40.4460533],[-79.9564109,40.4459305],[-79.9568377,40.4462783]]]}},{"type":"Feature","id":"810055249","properties":{"kind":"building"},"geometry":{"type":"Polygon","coordinates":[[[-79.9564071,40.4462549],[-79.9562357,40.4463762],[-79.9560057,40.4461743],[-79.9561677,40.4460576],[-79.9564071,40.4462549]]]}},{"type":"Feature","id":"810065705","properties":{"kind":"building"},"geometry":{"type":"Polygon","coordinates":[[[-79.9614087,40.4389405],[-79.9613894,40.4389531],[-79.9613922,40.4389614],[-79.9606543,40.4394927],[-79.9605827,40.4394392],[-79.960562,40.4394518],[-79.9605317,40.4394267],[-79.9605428,40.439412],[-79.9603404,40.4392412],[-79.9605166,40.4391092],[-79.9606102,40.4391825],[-79.9605978,40.4391899],[-79.9606598,40.4392381],[-79.9607768,40.4391532],[-79.9607396,40.4391259],[-79.960719,40.4391343],[-79.9607038,40.4391218],[-79.9606942,40.439128],[-79.9606006,40.4390516],[-79.9608167,40.4388954],[-79.9608484,40.4389153],[-79.9609255,40.4388609],[-79.9608979,40.4388357],[-79.961081,40.4386984],[-79.9611581,40.4387634],[-79.9611733,40.4387634],[-79.9612008,40.4387875],[-79.9611898,40.4387948],[-79.9612683,40.4388556],[-79.961282,40.4388493],[-79.9613109,40.4388755],[-79.961322,40.4388692],[-79.9614087,40.4389405]]]}},{"type":"Feature","id":"810081482","properties":{"kind":"building"},"geometry":{"type":"Polygon","coordinates":[[[-79.9612359,40.4419747],[-79.9608843,40.4417991],[-79.9609037,40.4417731],[-79.9608547,40.4417497],[-79.9610905,40.4415251],[-79.9611209,40.4415404],[-79.961477,40.4417194],[-79.9612359,40.4419747]]]}},{"type":"Feature","id":"810149910","properties":{"kind":"building"},"geometry":{"type":"Polygon","coordinates":[[[-79.951314,40.4418309],[-79.9512365,40.441931],[-79.9508752,40.4417625],[-79.9508457,40.4417487],[-79.9507751,40.4418389],[-79.9506112,40.4417641],[-79.95076,40.4415732],[-79.9507083,40.4415482],[-79.9508104,40.4414197],[-79.9508596,40.4414369],[-79.9508684,40.4414312],[-79.9508785,40.4414292],[-79.9509604,40.4413189],[-79.951026,40.4413439],[-79.9511381,40.441204],[-79.9512089,40.441234],[-79.9511007,40.4413747],[-79.9511311,40.4413916],[-79.951128,40.4414016],[-79.9515079,40.4415869],[-79.9514342,40.4416823],[-79.9513917,40.4416638],[-79.9513392,40.441732],[-79.9512786,40.4418107],[-79.951314,40.4418309]]]}},{"type":"Feature","id":"810153981","properties":{"kind":"building"},"geometry":{"type":"Polygon","coordinates":[[[-79.9492805,40.4446018],[-79.9490124,40.4446712],[-79.9489343,40.4445117],[-79.9493313,40.4444131],[-79.9493943,40.4445324],[-79.949278,40.4445945],[-79.9492805,40.4446018]]]}},{"type":"Feature","id":"836140839","properties":{"kind":"park"},"geometry":{"type":"Polygon","coordinates":[[[-79.9513481,40.4434675],[-79.9515336,40.4434151],[-79.951322,40.4429625],[-79.951153,40.4430051],[-79.9511358,40.4430126],[-79.9511321,40.4430178],[-79.9511421,40.4430396],[-79.9511137,40.4430456],[-79.9512314,40.4433059],[-79.951275,40.4432954],[-79.9513481,40.4434675]]]}},{"type":"Feature","id":"836148042","properties":{"kind":"park"},"geometry":{"type":"Polygon","coordinates":[[[-79.9552488,40.4431809],[-79.9552447,40.4431738],[-79.9552447,40.4431635],[-79.9552517,40.443153],[-79.9552615,40.4431421],[-79.9552778,40.4431303],[-79.9552912,40.4431229],[-79.9553055,40.4431176],[-79.955319,40.4431166],[-79.9553312,40.4431204],[-79.9553361,40.4431253],[-79.9553373,40.4431346],[-79.9553345,40.4431449],[-79.9553267,40.4431564],[-79.9553116,40.4431688],[-79.9552994,40.4431762],[-79.9552851,40.4431821],[-79.9552725,40.4431852],[-79.9552594,40.4431852],[-79.9552488,40.4431809]]]}},{"type":"Feature","id":"836148065","properties":{"kind":"park"},"geometry":{"type":"Polygon","coordinates":[[[-79.9554896,40.4434137],[-79.955493,40.4434221],[-79.9555035,40.4434254],[-79.9555164,40.4434283],[-79.9555355,40.4434279],[-79.9555493,40.4434243],[-79.9555679,40.4434148],[-79.9555846,40.4434036],[-79.9556018,40.4433883],[-79.9556114,40.4433738],[-79.9556133,40.4433669],[-79.9556128,40.4433614],[-79.9556104,40.4433574],[-79.9556033,40.4433541],[-79.9555937,40.4433487],[-79.9555904,40.4433411],[-79.9555861,40.4433367],[-79.9555713,40.443336],[-79.9555469,40.4433411],[-79.9555278,40.443352],[-79.955514,40.4433614],[-79.955504,40.4433723],[-79.9554935,40.4433836],[-79.9554887,40.4433948],[-79.9554868,40.4434046],[-79.9554896,40.4434137]]]}},{"type":"Feature","id":"836148066","properties":{"kind":"park"},"geometry":{"type":"Polygon","coordinates":[[[-79.9556145,40.4433145],[-79.9556159,40.4433218],[-79.95562,40.4433278],[-79.9556264,40.4433325],[-79.9556343,40.4433354],[-79.9556431,40.4433364],[-79.9556518,40.4433352],[-79.9556596,40.443332],[-79.9556657,40.4433271],[-79.9556696,40.4433211],[-79.9556707,40.4433144],[-79.9556691,40.4433078],[-79.9556643,40.4433013],[-79.9556569,40.4432965],[-79.9556478,40.4432939],[-79.9556381,40.4432938],[-79.9556289,40.4432962],[-79.9556214,40.4433009],[-79.9556163,40.4433072],[-79.9556145,40.4433145]]]}},{"type":"Feature","id":"839133826","properties":{"kind":"park"},"geometry":{"type":"Polygon","coordinates":[[[-79.953015,40.4429873],[-79.9521466,40.4432136],[-79.951873,40.4425793],[-79.9519736,40.442566],[-79.9520528,40.4425558],[-79.9521299,40.4425482],[-79.9523444,40.4425318],[-79.9523706,40.4425681],[-79.9524068,40.4425977],[-79.9524363,40.442614],[-79.9524685,40.4426252],[-79.9524987,40.4426308],[-79.9525262,40.4426308],[-79.9525604,40.4426252],[-79.9525805,40.4426196],[-79.953015,40.4429873]]]}},{"type":"Feature","id":"839133827","properties":{"kind":"building"},"geometry":{"type":"Polygon","coordinates":[[[-79.9525439,40.4425977],[-79.9525899,40.4425801],[-79.9526187,40.4425533],[-79.9526268,40.4425089],[-79.9526063,40.442464],[-79.9525701,40.4424316],[-79.9525262,40.4424109],[-79.9524645,40.442405],[-79.9524199,40.4424142],[-79.9523907,40.4424359],[-79.9523733,40.4424757],[-79.95238,40.4425219],[-79.9523991,40.442551],[-79.9524437,40.4425813],[-79.9524953,40.4425977],[-79.9525439,40.4425977]]]}},{"type":"Feature","id":"839133861","properties":{"kind":"building"},"geometry":{"type":"Polygon","coordinates":[[[-79.9531064,40.4431137],[-79.9531055,40.4431065],[-79.9531071,40.4430993],[-79.953111,40.4430926],[-79.9531169,40.4430868],[-79.9531245,40.4430824],[-79.9531334,40.4430795],[-79.9531428,40.4430784],[-79.9531524,40.4430792],[-79.9531614,40.4430817],[-79.9531693,40.4430858],[-79.9531756,40.4430913],[-79.9531799,40.4430979],[-79.953182,40.443105],[-79.9531816,40.4431123],[-79.9531789,40.4431193],[-79.9531739,40.4431256],[-79.9531671,40.4431307],[-79.9531588,40.4431344],[-79.9531496,40.4431364],[-79.95314,40.4431366],[-79.9531306,40.4431349],[-79.9531221,40.4431316],[-79.9531149,40.4431267],[-79.9531096,40.4431206],[-79.9531064,40.4431137]]]}},{"type":"Feature","id":"839133862","properties":{"kind":"building"},"geometry":{"type":"Polygon","coordinates":[[[-79.9530276,40.443048],[-79.9530267,40.4430408],[-79.9530283,40.4430335],[-79.9530322,40.4430269],[-79.9530381,40.4430211],[-79.9530457,40.4430167],[-79.9530546,40.4430138],[-79.953064,40.4430127],[-79.9530736,40.4430135],[-79.9530826,40.443016],[-79.9530905,40.4430201],[-79.9530968,40.4430256],[-79.9531011,40.4430322],[-79.9531031,40.4430393],[-79.9531028,40.4430466],[-79.9531,40.4430536],[-79.9530951,40.4430599],[-79.9530883,40.443065],[-79.95308,40.4430687],[-79.9530708,40.4430707],[-79.9530612,40.4430709],[-79.9530518,40.4430692],[-79.9530433,40.4430659],[-79.9530361,40.443061],[-79.9530308,40.4430549],[-79.9530276,40.443048]]]}},{"type":"Feature","id":"839681140","properties":{"kind":"park"},"geometry":{"type":"Polygon","coordinates":[[[-79.9560749,40.4428921],[-79.9561443,40.442842],[-79.9561752,40.4428646],[-79.9561829,40.4428874],[-79.9561708,40.4428919],[-79.9561831,40.4429299],[-79.9561995,40.4429262],[-79.9562177,40.4429515],[-79.9562025,40.442962],[-79.9562393,40.4429907],[-79.9562535,40.4429806],[-79.9562841,40.4429958],[-79.9562764,40.4430103],[-79.9563302,40.4430214],[-79.9563353,40.4430068],[-79.9563592,40.4430068],[-79.9564222,40.4430594],[-79.9563478,40.4431133],[-79.9560749,40.4428921]]]}},{"type":"Feature","id":"839705478","properties":{"kind":"park"},"geometry":{"type":"Polygon","coordinates":[[[-79.9519283,40.4424969],[-79.9519307,40.4425028],[-79.9519346,40.4425088],[-79.9519396,40.4425131],[-79.9519468,40.4425142],[-79.9520699,40.4425137],[-79.9521436,40.4425104],[-79.952268,40.4425025],[-79.9523374,40.4424977],[-79.9523361,40.4424821],[-79.9523374,40.4424683],[-79.9523418,40.4424553],[-79.9523491,40.4424395],[-79.9523589,40.4424252],[-79.952378,40.4424055],[-79.9523964,40.442392],[-79.9524219,40.4423826],[-79.9524611,40.4423744],[-79.952491,40.4423734],[-79.9525275,40.4423762],[-79.9525456,40.4423805],[-79.9526754,40.442134],[-79.9526844,40.4421162],[-79.9526881,40.4420876],[-79.9526951,40.442059],[-79.9526898,40.4420542],[-79.9526774,40.4420501],[-79.9526645,40.4420474],[-79.952616,40.4421154],[-79.9525121,40.4422381],[-79.9524444,40.4422945],[-79.9523693,40.4423466],[-79.9523035,40.4423874],[-79.952217,40.4424278],[-79.9521389,40.4424581],[-79.9520474,40.4424816],[-79.9519602,40.4424954],[-79.9519283,40.4424969]]]}},{"type":"Feature","id":"840918309","properties":{"kind":"park"},"geometry":{"type":"Polygon","coordinates":[[[-79.95503,40.4416079],[-79.9549275,40.4416347],[-79.9549183,40.4416145],[-79.9550208,40.4415877],[-79.95503,40.4416079]]]}},{"type":"Feature","id":"840918310","properties":{"kind":"park"},"geometry":{"type":"Polygon","coordinates":[[[-79.9548312,40.4414208],[-79.9549344,40.4413938],[-79.9549984,40.4415353],[-79.9548952,40.4415624],[-79.9548639,40.4414932],[-79.954895,40.4414851],[-79.9548714,40.4414329],[-79.9548403,40.4414411],[-79.9548312,40.4414208]]]}},{"type":"Feature","id":"840918311","properties":{"kind":"park"},"geometry":{"type":"Polygon","coordinates":[[[-79.9550887,40.4414077],[-79.9551159,40.4413981],[-79.9551091,40.4413889],[-79.9550927,40.4413689],[-79.9550707,40.4413525],[-79.9550443,40.4413403],[-79.955015,40.441333],[-79.9549842,40.4413312],[-79.9549537,40.4413347],[-79.9549162,40.4413439],[-79.9549268,40.4413657],[-79.9549423,40.4413613],[-79.9549616,40.4413566],[-79.9549853,40.4413538],[-79.9550092,40.4413552],[-79.955032,40.4413608],[-79.9550525,40.4413703],[-79.9550695,40.4413831],[-79.9550823,40.4413986],[-79.9550887,40.4414077]]]}},{"type":"Feature","id":"840918312","properties":{"kind":"park"},"geometry":{"type":"Polygon","coordinates":[[[-79.9533322,40.4414619],[-79.953431,40.4414367],[-79.9534721,40.44153],[-79.9533734,40.4415552],[-79.9533322,40.4414619]]]}},{"type":"Feature","id":"840918313","properties":{"kind":"park"},"geometry":{"type":"Polygon","coordinates":[[[-79.9534678,40.4414267],[-79.9536355,40.4413839],[-79.9536766,40.4414772],[-79.9535089,40.44152],[-79.9534678,40.4414267]]]}},{"type":"Feature","id":"840918314","properties":{"kind":"park"},"geometry":{"type":"Polygon","coordinates":[[[-79.9536702,40.4413726],[-79.9538379,40.4413298],[-79.953879,40.4414231],[-79.9537113,40.4414659],[-79.9536702,40.4413726]]]}},{"type":"Feature","id":"853372506","properties":{"kind":"building"},"geometry":{"type":"Polygon","coordinates":[[[-79.9565165,40.4400943],[-79.9564598,40.4400497],[-79.9564802,40.440035],[-79.9565566,40.43998],[-79.9566916,40.4398829],[-79.9567502,40.4399266],[-79.9566445,40.4400024],[-79.9566331,40.4399923],[-79.9566083,40.4400098],[-79.956621,40.4400189],[-79.9565165,40.4400943]]]}},{"type":"Feature","id":"853372507","properties":{"kind":"building"},"geometry":{"type":"Polygon","coordinates":[[[-79.956827,40.4401326],[-79.9568721,40.4401683],[-79.9567345,40.4402681],[-79.9565959,40.4401536],[-79.956686,40.4400887],[-79.9567023,40.4401014],[-79.9566912,40.4401094],[-79.9567701,40.4401735],[-79.956827,40.4401326]]]}},{"type":"Feature","id":"853372508","properties":{"kind":"building"},"geometry":{"type":"Polygon","coordinates":[[[-79.9489762,40.4446751],[-79.948824,40.4446774],[-79.9488122,40.4445692],[-79.9488006,40.4445679],[-79.9488072,40.4445134],[-79.9489059,40.4444891],[-79.9489111,40.4444878],[-79.9489762,40.4446751]]]}},{"type":"Feature","id":"855155659","properties":{"kind":"building"},"geometry":{"type":"Polygon","coordinates":[[[-79.9496287,40.4457022],[-79.9495744,40.4452925],[-79.9502748,40.4452404],[-79.9502868,40.4453423],[-79.9502466,40.4453454],[-79.9502492,40.4453689],[-79.9502653,40.4455132],[-79.9502697,40.4455529],[-79.950312,40.4455514],[-79.9503251,40.4456517],[-79.9496287,40.4457022]]]}},{"type":"Feature","id":"864217063","properties":{"kind":"park"},"geometry":{"type":"Polygon","coordinates":[[[-79.9563384,40.4447227],[-79.9562911,40.4446839],[-79.9564934,40.4445381],[-79.9566485,40.444662],[-79.956595,40.444699],[-79.9564906,40.4446139],[-79.9563384,40.4447227]]]}},{"type":"Feature","id":"864217064","properties":{"kind":"park"},"geometry":{"type":"Polygon","coordinates":[[[-79.9559727,40.4449157],[-79.9560182,40.4449518],[-79.9558626,40.4450631],[-79.9559725,40.4451476],[-79.9560607,40.4450837],[-79.9562006,40.4452],[-79.9561321,40.4452479],[-79.9561469,40.4452598],[-79.9560699,40.4453184],[-79.9560616,40.4453209],[-79.9560526,40.4453156],[-79.9558424,40.4451449],[-79.9558387,40.4451357],[-79.9558482,40.4451263],[-79.9557698,40.4450612],[-79.9559727,40.4449157]]]}},{"type":"Feature","id":"864217066","properties":{"kind":"park"},"geometry":{"type":"Polygon","coordinates":[[[-79.9561656,40.4454061],[-79.9561665,40.4454004],[-79.9561704,40.4453938],[-79.9562464,40.4453379],[-79.9562655,40.4453529],[-79.9562994,40.4453284],[-79.9565184,40.4455044],[-79.9565226,40.4455165],[-79.956415,40.4455932],[-79.9564078,40.4455948],[-79.9564004,40.445594],[-79.9563833,40.445584],[-79.9561656,40.4454061]]]}},{"type":"Feature","id":"864217067","properties":{"kind":"park"},"geometry":{"type":"Polygon","coordinates":[[[-79.9563294,40.4453071],[-79.9563156,40.4453184],[-79.95654,40.4455021],[-79.9566108,40.445451],[-79.9565287,40.445383],[-79.9564708,40.4454248],[-79.9563294,40.4453071]]]}},{"type":"Feature","id":"864217076","properties":{"kind":"park"},"geometry":{"type":"Polygon","coordinates":[[[-79.9569482,40.4451982],[-79.9569207,40.4451759],[-79.9570108,40.4451138],[-79.9570424,40.4450855],[-79.957062,40.4450612],[-79.9570557,40.4450447],[-79.9570328,40.4450205],[-79.9570293,40.444971],[-79.9570288,40.4449647],[-79.9570346,40.4449591],[-79.9571386,40.4450394],[-79.9571433,40.4450511],[-79.9571433,40.4450624],[-79.9569482,40.4451982]]]}},{"type":"Feature","id":"864276926","properties":{"kind":"building"},"geometry":{"type":"Polygon","coordinates":[[[-79.9552712,40.4450474],[-79.9546776,40.4454798],[-79.9546187,40.445433],[-79.9546001,40.4454182],[-79.9544759,40.4453195],[-79.9546376,40.4452017],[-79.954598,40.4451703],[-79.9546969,40.4450982],[-79.9547059,40.4451053],[-79.954731,40.445087],[-79.9547513,40.4451031],[-79.9547769,40.4450845],[-79.9547583,40.4450697],[-79.9548986,40.4449675],[-79.9548839,40.4449557],[-79.9550258,40.4448524],[-79.95521,40.4449988],[-79.9552403,40.4450229],[-79.9552712,40.4450474]]]}},{"type":"Feature","id":"867827235","properties":{"kind":"building"},"geometry":{"type":"Polygon","coordinates":[[[-79.9459693,40.4486414],[-79.945744,40.4488537],[-79.9456543,40.4487986],[-79.9458795,40.4485862],[-79.9459693,40.4486414]]]}},{"type":"Feature","id":"867827236","properties":{"kind":"building"},"geometry":{"type":"Polygon","coordinates":[[[-79.9456059,40.4487689],[-79.9458285,40.4485576],[-79.9457413,40.4485045],[-79.9455187,40.4487168],[-79.9456059,40.4487689]]]}},{"type":"Feature","id":"868924631","properties":{"kind":"building"},"geometry":{"type":"Polygon","coordinates":[[[-79.9573797,40.4400048],[-79.9574255,40.4399726],[-79.9574017,40.4399529],[-79.9573559,40.4399851],[-79.9573797,40.4400048]]]}},{"type":"Feature","id":"868924641","properties":{"kind":"park"},"geometry":{"type":"Polygon","coordinates":[[[-79.9578779,40.4423685],[-79.9578962,40.4423568],[-79.9579142,40.4423515],[-79.9579334,40.4423498],[-79.9579587,40.4423508],[-79.9579902,40.4423602],[-79.9580619,40.4423841],[-79.9580798,40.4423881],[-79.9580868,40.4423981],[-79.9580868,40.4424124],[-79.9580754,40.442433],[-79.9580147,40.4424932],[-79.9580083,40.442502],[-79.9580036,40.4424986],[-79.9579806,40.4424905],[-79.9579554,40.4424887],[-79.9579308,40.4424934],[-79.9579096,40.442504],[-79.9578968,40.4425213],[-79.957892,40.4425404],[-79.9578908,40.4425608],[-79.9578897,40.442587],[-79.9578831,40.4426205],[-79.9578683,40.4426465],[-79.95786,40.4426521],[-79.9578451,40.4426508],[-79.9578241,40.4426382],[-79.9577385,40.4425916],[-79.9576869,40.442557],[-79.9576769,40.4425414],[-79.9576791,40.4425274],[-79.9576839,40.4425128],[-79.9577009,40.4424982],[-79.9577949,40.4424273],[-79.9578779,40.4423685]]]}},{"type":"Feature","id":"874465345","properties":{"kind":"park"},"geometry":{"type":"Polygon","coordinates":[[[-79.9471377,40.4402412],[-79.9471683,40.4402596],[-79.9471881,40.4402673],[-79.9472051,40.4402722],[-79.9472289,40.4402764],[-79.9472541,40.440278],[-79.9472686,40.4402761],[-79.9472848,40.44027],[-79.9472978,40.4402648],[-79.9473064,40.4402552],[-79.9473136,40.440242],[-79.9473136,40.4402278],[-79.9473104,40.4402132],[-79.947301,40.4401951],[-79.9472895,40.4401819],[-79.9472769,40.4401693],[-79.9472502,40.4401509],[-79.9472307,40.4401419],[-79.947217,40.4401366],[-79.9471932,40.4401301],[-79.9471694,40.4401257],[-79.9471478,40.4401268],[-79.9471232,40.4401292],[-79.9471041,40.4401383],[-79.9470919,40.4401534],[-79.947089,40.4401688],[-79.9470915,40.4401874],[-79.9470973,40.4402006],[-79.9471124,40.4402198],[-79.947125,40.4402324],[-79.9471377,40.4402412]]]}},{"type":"Feature","id":"874465346","properties":{"kind":"park"},"geometry":{"type":"Polygon","coordinates":[[[-79.9482112,40.4406081],[-79.9482264,40.4406197],[-79.9482419,40.4406218],[-79.948254,40.4406172],[-79.9483055,40.4405775],[-79.9479178,40.439841],[-79.9475413,40.4401046],[-79.9475377,40.4401174],[-79.9475423,40.4401326],[-79.9479771,40.4404456],[-79.9482112,40.4406081]]]}},{"type":"Feature","id":"874465347","properties":{"kind":"park"},"geometry":{"type":"Polygon","coordinates":[[[-79.9479023,40.4398144],[-79.9477902,40.4396379],[-79.9476689,40.43948],[-79.9475998,40.4394135],[-79.9475709,40.4394416],[-79.9475304,40.4394637],[-79.9474777,40.4394798],[-79.947425,40.4394898],[-79.9474146,40.4394735],[-79.9473986,40.4394098],[-79.9473977,40.4394595],[-79.947389,40.4394788],[-79.9473741,40.439494],[-79.947352,40.439502],[-79.9473322,40.4395078],[-79.9473044,40.4395098],[-79.9472676,40.4394956],[-79.9472903,40.4394601],[-79.947308,40.4394235],[-79.947317,40.4393776],[-79.9473223,40.4393371],[-79.947299,40.4393796],[-79.9472742,40.4394138],[-79.9472361,40.4394524],[-79.9471893,40.4394806],[-79.9471621,40.4394854],[-79.9471392,40.4394859],[-79.9471185,40.4394797],[-79.9471057,40.4394725],[-79.947091,40.4394633],[-79.9470821,40.4394551],[-79.9471064,40.4394479],[-79.9471351,40.4394354],[-79.9472099,40.4393852],[-79.9472721,40.439317],[-79.9472638,40.4393088],[-79.9469917,40.4395031],[-79.9469909,40.4395199],[-79.946997,40.4395419],[-79.9470778,40.4396825],[-79.9471711,40.4398022],[-79.9473141,40.4399462],[-79.9474622,40.4400712],[-79.9474759,40.4400834],[-79.9475101,40.440088],[-79.9479023,40.4398144]]]}},{"type":"Feature","id":"878747158","properties":{"kind":"building"},"geometry":{"type":"Polygon","coordinates":[[[-79.948966,40.441374],[-79.948867,40.441318],[-79.948762,40.441426],[-79.94886,40.441482],[-79.948966,40.441374]]]}},{"type":"Feature","id":"878747159","properties":{"kind":"building"},"geometry":{"type":"Polygon","coordinates":[[[-79.9488674,40.4415797],[-79.9487695,40.4415268],[-79.9486665,40.4416373],[-79.9487644,40.4416902],[-79.9488674,40.4415797]]]}},{"type":"Feature","id":"878747160","properties":{"kind":"building"},"geometry":{"type":"Polygon","coordinates":[[[-79.9494362,40.4416985],[-79.949355,40.4418174],[-79.9494488,40.4418545],[-79.94953,40.4417356],[-79.9494362,40.4416985]]]}},{"type":"Feature","id":"878747161","properties":{"kind":"building"},"geometry":{"type":"Polygon","coordinates":[[[-79.9528517,40.4421183],[-79.9527524,40.4421287],[-79.9527581,40.4421614],[-79.9527164,40.4421661],[-79.9527391,40.4422991],[-79.9528196,40.442292],[-79.9528114,40.4422453],[-79.9528521,40.4422407],[-79.952845,40.442195],[-79.952865,40.4421937],[-79.9528517,40.4421183]]]}},{"type":"Feature","id":"879491687","properties":{"kind":"building"},"geometry":{"type":"Polygon","coordinates":[[[-79.9466787,40.446164],[-79.9464954,40.4462134],[-79.9464903,40.4462175],[-79.9464878,40.4462231],[-79.9464877,40.4462283],[-79.9465069,40.4462683],[-79.9465123,40.4462714],[-79.9465197,40.4462728],[-79.9465267,40.4462725],[-79.9465533,40.4462652],[-79.9466091,40.4463906],[-79.9465464,40.446407],[-79.9464983,40.4464195],[-79.9465018,40.4464473],[-79.9465202,40.446591],[-79.9466125,40.4465838],[-79.9466126,40.4465813],[-79.9466923,40.4465755],[-79.9466975,40.4465819],[-79.9467189,40.4465764],[-79.9468453,40.446544],[-79.9467987,40.4464377],[-79.9468099,40.4464347],[-79.9467944,40.4464005],[-79.946784,40.4464041],[-79.9467406,40.4463051],[-79.9467498,40.4463027],[-79.9467344,40.4462681],[-79.946725,40.4462705],[-79.9466787,40.446164]]]}},{"type":"Feature","id":"946491335","properties":{"kind":"building"},"geometry":{"type":"Polygon","coordinates":[[[-79.9473877,40.4452471],[-79.9470491,40.4452574],[-79.9470382,40.4450712],[-79.9470482,40.4450707],[-79.947049,40.4450292],[-79.9470337,40.4449872],[-79.9470166,40.4447053],[-79.9470675,40.4447046],[-79.9470661,40.4446117],[-79.9472371,40.4446109],[-79.9472803,40.4447421],[-79.947354,40.4447399],[-79.9473528,40.4447238],[-79.9474371,40.4447088],[-79.9474137,40.4448861],[-79.9474233,40.4450721],[-79.9473937,40.4450734],[-79.9473964,40.4451322],[-79.9473792,40.4451329],[-79.9473877,40.4452471]]]}},{"type":"Feature","id":"954993575","properties":{"kind":"building"},"geometry":{"type":"Polygon","coordinates":[[[-79.9528306,40.44236],[-79.952819,40.4423697],[-79.9528123,40.4423817],[-79.9528113,40.4423947],[-79.9528159,40.4424073],[-79.9528258,40.4424179],[-79.9528398,40.4424255],[-79.9528563,40.4424291],[-79.9528727,40.4424285],[-79.952888,40.4424239],[-79.9529006,40.4424159],[-79.9529091,40.4424052],[-79.9529128,40.442393],[-79.9529111,40.4423805],[-79.9529044,40.4423691],[-79.9528932,40.44236],[-79.9528788,40.442354],[-79.9528626,40.4423518],[-79.9528457,40.4423538],[-79.9528306,40.44236]]]}},{"type":"Feature","id":"964812625","properties":{"kind":"park"},"geometry":{"type":"Polygon","coordinates":[[[-79.9443977,40.4451585],[-79.9445359,40.4449574],[-79.9440128,40.4448395],[-79.9439283,40.4449656],[-79.9443977,40.4451585]]]}},{"type":"Feature","id":"964812626","properties":{"kind":"park"},"geometry":{"type":"Polygon","coordinates":[[[-79.9446827,40.4452661],[-79.9444306,40.4451702],[-79.9445714,40.4449676],[-79.9447397,40.4450064],[-79.9447478,40.4451452],[-79.9447571,40.4451442],[-79.9447592,40.4451574],[-79.9446827,40.4452661]]]}},{"type":"Feature","id":"1000417250","properties":{"kind":"park"},"geometry":{"type":"Polygon","coordinates":[[[-79.9495417,40.4441129],[-79.9494876,40.4439553],[-79.9499028,40.4438182],[-79.9500219,40.4437821],[-79.950106,40.4439642],[-79.9495417,40.4441129]]]}},{"type":"Feature","id":"1001941217","properties":{"kind":"building"},"geometry":{"type":"Polygon","coordinates":[[[-79.9467618,40.4417548],[-79.9467095,40.4417451],[-79.9466885,40.4417969],[-79.9465851,40.4417784],[-79.9465776,40.4418032],[-79.9465252,40.4417901],[-79.9464926,40.4418749],[-79.9464844,40.441874],[-79.9464454,40.4419884],[-79.9465309,40.4419966],[-79.946496,40.4420971],[-79.94648,40.4421431],[-79.9466654,40.442183],[-79.9466918,40.4420947],[-79.9466832,40.442037],[-79.9467332,40.4419105],[-79.946748,40.4419131],[-79.9467604,40.4418805],[-79.9467741,40.4418468],[-79.9467346,40.4418384],[-79.9467618,40.4417548]]]}},{"type":"Feature","id":"1007453778","properties":{"kind":"building"},"geometry":{"type":"Polygon","coordinates":[[[-79.946068,40.4478066],[-79.9460669,40.4477984],[-79.9460615,40.447756],[-79.9460418,40.4477575],[-79.9460399,40.4477423],[-79.9460165,40.447744],[-79.94601,40.4476932],[-79.9457603,40.4477119],[-79.945748,40.4476164],[-79.9457919,40.4476131],[-79.945788,40.447583],[-79.9457755,40.4474854],[-79.9458269,40.4474808],[-79.9458636,40.447535],[-79.9459669,40.4475306],[-79.9460471,40.4474828],[-79.9460457,40.4474653],[-79.9460301,40.4473443],[-79.9455618,40.4473791],[-79.945621,40.4478399],[-79.946068,40.4478066]]]}},{"type":"Feature","id":"1008923397","properties":{"kind":"park"},"geometry":{"type":"Polygon","coordinates":[[[-79.9446827,40.4452661],[-79.9447592,40.4451574],[-79.9447571,40.4451442],[-79.9447478,40.4451452],[-79.9447397,40.4450064],[-79.9445714,40.4449676],[-79.9445359,40.4449574],[-79.9440128,40.4448395],[-79.9439619,40.4448257],[-79.9437165,40.4447706],[-79.9436608,40.4448584],[-79.9438801,40.4449482],[-79.9439283,40.4449656],[-79.9443977,40.4451585],[-79.9444306,40.4451702],[-79.9446827,40.4452661]]]}},{"type":"Feature","id":"1010489527","properties":{"kind":"building"},"geometry":{"type":"Polygon","coordinates":[[[-79.9472708,40.4473118],[-79.9472082,40.4471677],[-79.9471133,40.4471751],[-79.9471388,40.4473212],[-79.9472708,40.4473118]]]}},{"type":"Feature","id":"1039983184","properties":{"kind":"park"},"geometry":{"type":"Polygon","coordinates":[[[-79.9547892,40.4439293],[-79.9547177,40.4438748],[-79.9547215,40.4438661],[-79.9549029,40.4438602],[-79.9549068,40.4438758],[-79.9549131,40.4438865],[-79.9548505,40.4439147],[-79.9547892,40.4439293]]]}},{"type":"Feature","id":"1039983185","properties":{"kind":"park"},"geometry":{"type":"Polygon","coordinates":[[[-79.9549221,40.443939],[-79.9548838,40.4440168],[-79.954825,40.4439721],[-79.954825,40.4439623],[-79.954894,40.4439409],[-79.9549221,40.443939]]]}},{"type":"Feature","id":"1039983186","properties":{"kind":"park"},"geometry":{"type":"Polygon","coordinates":[[[-79.9549655,40.4439497],[-79.9550141,40.4439672],[-79.9550039,40.4440985],[-79.9549387,40.4440518],[-79.9549298,40.4440343],[-79.9549655,40.4439497]]]}},{"type":"Feature","id":"1039983187","properties":{"kind":"park"},"geometry":{"type":"Polygon","coordinates":[[[-79.9550716,40.4439195],[-79.9550716,40.4440683],[-79.9554983,40.4437766],[-79.9555021,40.4437591],[-79.9554842,40.4437407],[-79.9554664,40.4437338],[-79.9554178,40.4437251],[-79.9553364,40.443725],[-79.9553278,40.4437674],[-79.9553071,40.4437954],[-79.955256,40.443846],[-79.9552057,40.4438826],[-79.9551481,40.4439087],[-79.9550954,40.4439196],[-79.9550716,40.4439195]]]}},{"type":"Feature","id":"1039983188","properties":{"kind":"park"},"geometry":{"type":"Polygon","coordinates":[[[-79.9549617,40.4441359],[-79.9546423,40.4438607],[-79.9543599,40.4438743],[-79.9548122,40.444238],[-79.9549617,40.4441359]]]}},{"type":"Feature","id":"1039983189","properties":{"kind":"park"},"geometry":{"type":"Polygon","coordinates":[[[-79.9539838,40.4433325],[-79.9539031,40.4433235],[-79.9538663,40.4433235],[-79.9538437,40.4433262],[-79.9538247,40.4433416],[-79.9538188,40.4433578],[-79.9538152,40.4433858],[-79.9538413,40.4434283],[-79.9539197,40.4435178],[-79.9541264,40.4436606],[-79.9542522,40.4437627],[-79.9542902,40.4435702],[-79.9542214,40.4435097],[-79.9542035,40.4434744],[-79.9541917,40.4434419],[-79.9540919,40.4433822],[-79.9539838,40.4433325]]]}},{"type":"Feature","id":"1047759657","properties":{"kind":"park"},"geometry":{"type":"Polygon","coordinates":[[[-79.9500012,40.4422586],[-79.9499767,40.4422415],[-79.9499536,40.4422315],[-79.9499238,40.4422205],[-79.9498989,40.4422157],[-79.9498768,40.4422116],[-79.9498641,40.4422085],[-79.949859,40.4422052],[-79.94985,40.4421937],[-79.949848,40.4421892],[-79.949847,40.4421805],[-79.9498547,40.4421721],[-79.9499077,40.4421029],[-79.9499335,40.4420626],[-79.9499496,40.4420355],[-79.9499573,40.4420151],[-79.9499653,40.4419932],[-79.94997,40.4419705],[-79.9499757,40.4419488],[-79.9499814,40.4419223],[-79.9501725,40.4420276],[-79.9502962,40.4420904],[-79.9503915,40.4421346],[-79.9503945,40.4421397],[-79.9503928,40.4421499],[-79.9503901,40.442159],[-79.9503851,40.4421636],[-79.9503576,40.4421795],[-79.9503197,40.442192],[-79.9502054,40.4422226],[-79.9500518,40.4422616],[-79.9500263,40.4422621],[-79.9500012,40.4422586]]]}},{"type":"Feature","id":"1047759658","properties":{"kind":"park"},"geometry":{"type":"Polygon","coordinates":[[[-79.9506298,40.4422244],[-79.9508434,40.4422894],[-79.9509038,40.4424185],[-79.9509805,40.4425898],[-79.9508273,40.4426295],[-79.9507985,40.442565],[-79.9509169,40.4425339],[-79.9508506,40.4423864],[-79.9506634,40.4424353],[-79.9506484,40.4424159],[-79.9506231,40.4424023],[-79.9505929,40.4423969],[-79.9505623,40.4424007],[-79.9505366,40.4424124],[-79.9505183,40.4424304],[-79.9505099,40.4424523],[-79.9505126,40.442475],[-79.9503141,40.4425279],[-79.9502796,40.4424479],[-79.9503106,40.4424416],[-79.9502451,40.4422975],[-79.9500253,40.4423504],[-79.9500067,40.4423198],[-79.949997,40.4423087],[-79.950193,40.4422552],[-79.9503697,40.4422078],[-79.9504297,40.44218],[-79.9504471,40.4421731],[-79.9504589,40.4421713],[-79.9504813,40.4421708],[-79.9505477,40.4421955],[-79.9506298,40.4422244]]]}},{"type":"Feature","id":"1047759665","properties":{"kind":"park"},"geometry":{"type":"Polygon","coordinates":[[[-79.9510067,40.4425936],[-79.9508847,40.4423185],[-79.9508873,40.4423109],[-79.9509001,40.4423076],[-79.9509118,40.4423073],[-79.9510513,40.4423458],[-79.9511529,40.4425727],[-79.9510929,40.4425886],[-79.9510885,40.4425785],[-79.9510751,40.4425742],[-79.9510624,40.4425768],[-79.9510067,40.4425936]]]}},{"type":"Feature","id":"1047759666","properties":{"kind":"park"},"geometry":{"type":"Polygon","coordinates":[[[-79.9508814,40.4427621],[-79.9509176,40.442754],[-79.9512022,40.4426803],[-79.9513048,40.4429222],[-79.9512954,40.4429286],[-79.9511137,40.4429758],[-79.9510487,40.4428295],[-79.9509328,40.4428593],[-79.9508814,40.4427621]]]}},{"type":"Feature","id":"1054312730","properties":{"kind":"building"},"geometry":{"type":"Polygon","coordinates":[[[-79.9603346,40.4390222],[-79.9605733,40.4388496],[-79.9601988,40.4385497],[-79.9599602,40.4387223],[-79.9603346,40.4390222]]]}},{"type":"Feature","id":"1097151214","properties":{"kind":"park"},"geometry":{"type":"Polygon","coordinates":[[[-79.9590316,40.4360504],[-79.9590251,40.4359856],[-79.9586945,40.4359939],[-79.9586295,40.4360109],[-79.9585859,40.4360342],[-79.9585532,40.4360736],[-79.9585423,40.4361039],[-79.9585379,40.4361467],[-79.9585532,40.4362015],[-79.9585597,40.4362156],[-79.958821,40.4364224],[-79.9592231,40.4367297],[-79.960013,40.4373719],[-79.9602063,40.4375307],[-79.96025,40.437542],[-79.9602744,40.4375407],[-79.9603185,40.4375181],[-79.9602295,40.4374485],[-79.9601694,40.4373927],[-79.9601317,40.4373443],[-79.9601059,40.4372827],[-79.9600996,40.4372367],[-79.960109,40.4371951],[-79.9601291,40.4371522],[-79.9601714,40.4371045],[-79.9602147,40.4370655],[-79.9602837,40.4370298],[-79.9603527,40.437014],[-79.9604351,40.4370089],[-79.960537,40.4370224],[-79.9605455,40.4370001],[-79.9606378,40.4370253],[-79.9606466,40.4370056],[-79.9605763,40.4369532],[-79.9606074,40.4369297],[-79.9604637,40.4368177],[-79.9604329,40.4368052],[-79.9604313,40.4368306],[-79.9602753,40.4368264],[-79.9602761,40.4368031],[-79.9602364,40.4368251],[-79.9601403,40.4368954],[-79.9601234,40.4368776],[-79.9599597,40.4369891],[-79.9599869,40.4370124],[-79.9598369,40.4371225],[-79.9593138,40.4366985],[-79.9593406,40.4366792],[-79.9593383,40.4366597],[-79.9587957,40.4362288],[-79.959007,40.4360759],[-79.9590316,40.4360504]]]}},{"type":"Feature","id":"1122696469","properties":{"kind":"park"},"geometry":{"type":"Polygon","coordinates":[[[-79.9525372,40.4485924],[-79.9526408,40.4485194],[-79.952665,40.4485213],[-79.9526912,40.4485286],[-79.9527736,40.4487104],[-79.9527423,40.448718],[-79.9527261,40.4486746],[-79.9526827,40.4486158],[-79.9526498,40.4485955],[-79.9526034,40.4485824],[-79.952569,40.4485862],[-79.9525372,40.4485924]]]}},{"type":"Feature","id":"1182895965","properties":{"kind":"park"},"geometry":{"type":"Polygon","coordinates":[[[-79.9463657,40.4412888],[-79.9463616,40.4411625],[-79.9464182,40.4411741],[-79.9464758,40.4411879],[-79.9465521,40.4412102],[-79.9466622,40.4412447],[-79.9467491,40.4412636],[-79.9468378,40.4412757],[-79.9468787,40.4412744],[-79.9469532,40.4412669],[-79.9473995,40.4411778],[-79.9474705,40.441165],[-79.9475193,40.4411616],[-79.947576,40.441165],[-79.9476027,40.4411731],[-79.9474935,40.4412528],[-79.9473453,40.4413595],[-79.9472921,40.4413912],[-79.9472265,40.4414162],[-79.9471475,40.4414358],[-79.9470978,40.4414385],[-79.947033,40.4414344],[-79.9463657,40.4412888]]]}},{"type":"Feature","id":"1182895969","properties":{"kind":"park"},"geometry":{"type":"Polygon","coordinates":[[[-79.9460241,40.438961],[-79.9461368,40.4390255],[-79.9461493,40.4390337],[-79.9461779,40.4390547],[-79.9462574,40.4391255],[-79.946288,40.4391564],[-79.9463197,40.4391951],[-79.94634,40.4392311],[-79.946367,40.4392861],[-79.9463857,40.4393541],[-79.9463854,40.4393714],[-79.9463852,40.4393865],[-79.9463852,40.4394114],[-79.9463779,40.4394344],[-79.9463665,40.439445],[-79.9463473,40.4394526],[-79.9463322,40.4394534],[-79.9463197,40.4394478],[-79.9462875,40.439428],[-79.9462236,40.4393996],[-79.9461628,40.4393802],[-79.9461025,40.4393747],[-79.946101,40.4393041],[-79.9460579,40.4392505],[-79.9460162,40.4391299],[-79.9460118,40.4390074],[-79.9460241,40.438961]]]}},{"type":"Feature","id":"1182895970","properties":{"kind":"park"},"geometry":{"type":"Polygon","coordinates":[[[-79.9460565,40.4394162],[-79.9461482,40.4394165],[-79.9462002,40.4394295],[-79.9462366,40.4394433],[-79.9462776,40.4394663],[-79.9463192,40.4394944],[-79.9463337,40.4395078],[-79.9463571,40.439545],[-79.9463991,40.439621],[-79.9463811,40.4396006],[-79.9462926,40.4395426],[-79.9461849,40.4395012],[-79.9460681,40.4394265],[-79.9460565,40.4394162]]]}},{"type":"Feature","id":"1182895972","properties":{"kind":"park"},"geometry":{"type":"Polygon","coordinates":[[[-79.9459342,40.4387979],[-79.9460054,40.4388178],[-79.9460838,40.438848],[-79.9461645,40.4388849],[-79.9462418,40.4389319],[-79.9462891,40.4389659],[-79.9463255,40.4389951],[-79.9463656,40.439038],[-79.9464096,40.4390873],[-79.9464467,40.4391412],[-79.9464778,40.4391943],[-79.9465187,40.4392975],[-79.9465683,40.4394416],[-79.9465865,40.4395071],[-79.9466028,40.4395817],[-79.94661,40.4396411],[-79.9466118,40.4396584],[-79.9466084,40.4396653],[-79.9465948,40.439672],[-79.9465781,40.439676],[-79.9465607,40.4396763],[-79.9465332,40.4396704],[-79.9465206,40.4396676],[-79.9464967,40.4396599],[-79.9464679,40.4396437],[-79.9464459,40.4396189],[-79.9464175,40.4395814],[-79.9463978,40.4395512],[-79.9463781,40.4395241],[-79.9463751,40.4395172],[-79.9463774,40.4395013],[-79.9463846,40.439484],[-79.9463914,40.439469],[-79.9464054,40.4394405],[-79.9464156,40.4394171],[-79.9464202,40.439386],[-79.9464092,40.43932],[-79.9463857,40.4392548],[-79.9463573,40.4391963],[-79.9463009,40.4391291],[-79.9462335,40.4390671],[-79.9461566,40.4390066],[-79.9460994,40.4389704],[-79.9460426,40.438944],[-79.9459937,40.4389207],[-79.9459634,40.4389089],[-79.9459342,40.4387979]]]}},{"type":"Feature","id":"1182895973","properties":{"kind":"park"},"geometry":{"type":"Polygon","coordinates":[[[-79.9477932,40.4407436],[-79.9478106,40.4407537],[-79.9478252,40.4407606],[-79.9478355,40.4407554],[-79.9478245,40.4407469],[-79.9478015,40.4407331],[-79.9476781,40.4406551],[-79.9475938,40.4406097],[-79.947403,40.4405059],[-79.9471686,40.440388],[-79.947038,40.4403212],[-79.9470018,40.4402964],[-79.9469563,40.4402602],[-79.9468985,40.4402075],[-79.946851,40.4401486],[-79.9467989,40.4400503],[-79.9467467,40.439937],[-79.9467221,40.4398773],[-79.9467003,40.4398048],[-79.9466812,40.4397151],[-79.9466694,40.4397157],[-79.9466636,40.4397201],[-79.9466589,40.4397313],[-79.946658,40.4397415],[-79.9466638,40.4397706],[-79.946687,40.4398666],[-79.9467011,40.4399067],[-79.946713,40.4399376],[-79.946724,40.4399647],[-79.9467522,40.4400295],[-79.9467826,40.4400919],[-79.9468058,40.4401303],[-79.9468386,40.4401772],[-79.9468602,40.4402071],[-79.9468762,40.4402245],[-79.9469154,40.4402602],[-79.9469601,40.4402999],[-79.9469993,40.4403264],[-79.947065,40.4403666],[-79.9471888,40.4404302],[-79.9473798,40.4405271],[-79.9475726,40.4406227],[-79.9476681,40.4406751],[-79.9477427,40.4407169],[-79.9477932,40.4407436]]]}},{"type":"Feature","id":"1192213792","properties":{"kind":"park"},"geometry":{"type":"Polygon","coordinates":[[[-79.9472266,40.4392813],[-79.9471653,40.4393242],[-79.9469887,40.4394465],[-79.9469714,40.4394506],[-79.9469549,40.4394441],[-79.9469491,40.439434],[-79.9469362,40.4394011],[-79.9466473,40.4388189],[-79.9466368,40.4387949],[-79.946644,40.4387776],[-79.9467453,40.4388146],[-79.9468473,40.4388577],[-79.9470108,40.4389483],[-79.9470845,40.4389945],[-79.9471052,40.4390098],[-79.9470326,40.4390583],[-79.9469882,40.4391211],[-79.9469843,40.4391423],[-79.9470976,40.4391719],[-79.9470488,40.4391702],[-79.9470135,40.4391718],[-79.9469816,40.4391956],[-79.9469638,40.4392305],[-79.9469791,40.4392649],[-79.9470257,40.4392453],[-79.9470762,40.4392325],[-79.9471375,40.4392287],[-79.9471982,40.4392292],[-79.9472005,40.4392429],[-79.9471505,40.439245],[-79.9470683,40.4392728],[-79.9470332,40.4392964],[-79.9470059,40.4393226],[-79.9469895,40.439352],[-79.94699,40.4393792],[-79.9470084,40.4393966],[-79.9470286,40.4394046],[-79.9470368,40.439382],[-79.9470889,40.439334],[-79.9472144,40.4392723],[-79.9472266,40.4392813]]]}},{"type":"Feature","id":"1195034199","properties":{"kind":"building"},"geometry":{"type":"Polygon","coordinates":[[[-79.9588327,40.4401159],[-79.9592914,40.4397791],[-79.9586503,40.4392657],[-79.9583922,40.4394412],[-79.9582399,40.4393126],[-79.95802,40.4394657],[-79.9588327,40.4401159]]]}},{"type":"Feature","id":"1202108283","properties":{"kind":"park"},"geometry":{"type":"Polygon","coordinates":[[[-79.9454025,40.4493358],[-79.9454824,40.4492586],[-79.9455171,40.4492251],[-79.9455531,40.4491904],[-79.9455179,40.4491691],[-79.9456359,40.4490565],[-79.9456872,40.4490877],[-79.9457385,40.44904],[-79.9457683,40.4490082],[-79.9458066,40.4489689],[-79.9457457,40.4489334],[-79.9455835,40.448839],[-79.9452015,40.4492187],[-79.9454025,40.4493358]]]}},{"type":"Feature","id":"1287932113","properties":{"kind":"building"},"geometry":{"type":"Polygon","coordinates":[[[-79.9566246,40.4381175],[-79.9565769,40.4381525],[-79.956586,40.4381597],[-79.9564899,40.4382303],[-79.9564505,40.4381992],[-79.9565947,40.4380938],[-79.9566246,40.4381175]]]}},{"type":"Feature","id":"1287932114","properties":{"kind":"building"},"geometry":{"type":"Polygon","coordinates":[[[-79.9564104,40.4381675],[-79.9563683,40.4381343],[-79.9565121,40.4380284],[-79.9565439,40.4380536],[-79.9564961,40.4380887],[-79.9565064,40.4380968],[-79.9564104,40.4381675]]]}},{"type":"Feature","id":"1306720931","properties":{"kind":"building"},"geometry":{"type":"Polygon","coordinates":[[[-79.9486043,40.4446485],[-79.948601,40.4445518],[-79.9484401,40.4445564],[-79.9484448,40.4446513],[-79.9486043,40.4446485]]]}},{"type":"Feature","id":"1363425286","properties":{"kind":"building"},"geometry":{"type":"Polygon","coordinates":[[[-79.9546906,40.43719],[-79.9546377,40.4372266],[-79.9545403,40.4371481],[-79.9545491,40.4371417],[-79.9545241,40.4371216],[-79.9545661,40.4370899],[-79.9546906,40.43719]]]}},{"type":"Feature","id":"1363425287","properties":{"kind":"building"},"geometry":{"type":"Polygon","coordinates":[[[-79.9547855,40.437168],[-79.9547486,40.437205],[-79.9547117,40.4371748],[-79.9547454,40.4371505],[-79.9547552,40.4371434],[-79.9547855,40.437168]]]}},{"type":"Feature","id":"1363425288","properties":{"kind":"building"},"geometry":{"type":"Polygon","coordinates":[[[-79.9537788,40.4378345],[-79.9537207,40.4378006],[-79.9538452,40.4376734],[-79.9539048,40.4377078],[-79.9537788,40.4378345]]]}},{"type":"Feature","id":"1363604563","properties":{"kind":"building"},"geometry":{"type":"Polygon","coordinates":[[[-79.9533879,40.4375294],[-79.9533477,40.4375055],[-79.9533547,40.4374987],[-79.9534553,40.4374002],[-79.9534926,40.4373638],[-79.9535258,40.4373834],[-79.953472,40.437436],[-79.9534791,40.4374399],[-79.9533879,40.4375294]]]}},{"type":"Feature","id":"1363604564","properties":{"kind":"building"},"geometry":{"type":"Polygon","coordinates":[[[-79.9533992,40.4369881],[-79.9535104,40.4370536],[-79.9535159,40.4370481],[-79.9535671,40.4370783],[-79.9535965,40.4370494],[-79.9534342,40.4369537],[-79.9533992,40.4369881]]]}},{"type":"Feature","id":"1363604565","properties":{"kind":"building"},"geometry":{"type":"Polygon","coordinates":[[[-79.9534342,40.4369537],[-79.9535965,40.4370494],[-79.9536222,40.4370229],[-79.9536172,40.43702],[-79.9536245,40.4370129],[-79.9536066,40.4370024],[-79.9535994,40.4370095],[-79.9535728,40.4369939],[-79.9535811,40.4369857],[-79.9535658,40.4369767],[-79.9535709,40.4369717],[-79.9535515,40.4369602],[-79.9535458,40.4369658],[-79.9534691,40.4369206],[-79.9534342,40.4369537]]]}},{"type":"Feature","id":"1363604566","properties":{"kind":"building"},"geometry":{"type":"Polygon","coordinates":[[[-79.9541139,40.4372287],[-79.9542357,40.4371412],[-79.9542069,40.4371184],[-79.9541815,40.4371367],[-79.9541711,40.4371283],[-79.9540745,40.4371977],[-79.9541139,40.4372287]]]}},{"type":"Feature","id":"1363604567","properties":{"kind":"building"},"geometry":{"type":"Polygon","coordinates":[[[-79.9541711,40.4371283],[-79.9540745,40.4371977],[-79.9540358,40.4371674],[-79.954157,40.4370789],[-79.9541879,40.4371034],[-79.9541628,40.4371217],[-79.9541711,40.4371283]]]}},{"type":"Feature","id":"1363604568","properties":{"kind":"building"},"geometry":{"type":"Polygon","coordinates":[[[-79.9540358,40.4371674],[-79.954157,40.4370789],[-79.9541278,40.4370558],[-79.9541031,40.4370741],[-79.9540943,40.437067],[-79.9539984,40.437138],[-79.9540358,40.4371674]]]}},{"type":"Feature","id":"1363604569","properties":{"kind":"building"},"geometry":{"type":"Polygon","coordinates":[[[-79.9539984,40.437138],[-79.9540943,40.437067],[-79.9540843,40.4370591],[-79.954109,40.4370409],[-79.954079,40.4370171],[-79.9539581,40.4371064],[-79.9539984,40.437138]]]}},{"type":"Feature","id":"1363604570","properties":{"kind":"building"},"geometry":{"type":"Polygon","coordinates":[[[-79.954079,40.4370171],[-79.9539581,40.4371064],[-79.9539228,40.4370787],[-79.9540032,40.4369943],[-79.9540247,40.4370115],[-79.954049,40.4369934],[-79.954079,40.4370171]]]}},{"type":"Feature","id":"1363604571","properties":{"kind":"building"},"geometry":{"type":"Polygon","coordinates":[[[-79.9538294,40.4370054],[-79.9538753,40.4370414],[-79.9539954,40.4369184],[-79.9539604,40.436897],[-79.9539286,40.4369271],[-79.9539142,40.4369192],[-79.9538294,40.4370054]]]}},{"type":"Feature","id":"1363604572","properties":{"kind":"building"},"geometry":{"type":"Polygon","coordinates":[[[-79.9538753,40.4370414],[-79.9539228,40.4370787],[-79.9540032,40.4369943],[-79.9540166,40.4369817],[-79.9540037,40.4369745],[-79.9540356,40.4369417],[-79.9539954,40.4369184],[-79.9538753,40.4370414]]]}},{"type":"Feature","id":"1363610067","properties":{"kind":"building"},"geometry":{"type":"Polygon","coordinates":[[[-79.9531305,40.4382095],[-79.9531661,40.438174],[-79.9532675,40.4382346],[-79.9532307,40.4382694],[-79.9531305,40.4382095]]]}},{"type":"Feature","id":"1363610068","properties":{"kind":"building"},"geometry":{"type":"Polygon","coordinates":[[[-79.9531661,40.438174],[-79.9532013,40.4381394],[-79.9533032,40.4382005],[-79.9532675,40.4382346],[-79.9531661,40.438174]]]}},{"type":"Feature","id":"1363610069","properties":{"kind":"building"},"geometry":{"type":"Polygon","coordinates":[[[-79.9532013,40.4381394],[-79.9532221,40.4381194],[-79.9532362,40.4381057],[-79.9533204,40.4381562],[-79.9533381,40.4381667],[-79.9533032,40.4382005],[-79.9532013,40.4381394]]]}},{"type":"Feature","id":"1363610070","properties":{"kind":"building"},"geometry":{"type":"Polygon","coordinates":[[[-79.9528675,40.4381114],[-79.9529512,40.4381611],[-79.9529547,40.4381576],[-79.9529777,40.4381713],[-79.9530139,40.4381364],[-79.9529071,40.4380728],[-79.9528675,40.4381114]]]}},{"type":"Feature","id":"1363610071","properties":{"kind":"building"},"geometry":{"type":"Polygon","coordinates":[[[-79.9529071,40.4380728],[-79.952942,40.438039],[-79.9530486,40.4381028],[-79.9530139,40.4381364],[-79.9529071,40.4380728]]]}},{"type":"Feature","id":"1363610072","properties":{"kind":"building"},"geometry":{"type":"Polygon","coordinates":[[[-79.9530486,40.4381028],[-79.952942,40.438039],[-79.9529771,40.4380049],[-79.9530838,40.4380691],[-79.9530486,40.4381028]]]}},{"type":"Feature","id":"1363610073","properties":{"kind":"building"},"geometry":{"type":"Polygon","coordinates":[[[-79.9530838,40.4380691],[-79.953105,40.4380487],[-79.953118,40.4380361],[-79.9530274,40.4379816],[-79.9530113,40.437972],[-79.9529771,40.4380049],[-79.9530838,40.4380691]]]}},{"type":"Feature","id":"1363610074","properties":{"kind":"building"},"geometry":{"type":"Polygon","coordinates":[[[-79.9532221,40.4381194],[-79.9531729,40.4380899],[-79.9531677,40.438095],[-79.9531446,40.4380812],[-79.9531502,40.4380757],[-79.953105,40.4380487],[-79.953118,40.4380361],[-79.9530274,40.4379816],[-79.9530737,40.4379366],[-79.9533664,40.4381116],[-79.9533204,40.4381562],[-79.9532362,40.4381057],[-79.9532221,40.4381194]]]}},{"type":"Feature","id":"1363610075","properties":{"kind":"building"},"geometry":{"type":"Polygon","coordinates":[[[-79.9527718,40.438082],[-79.9529818,40.4378806],[-79.9529453,40.4378592],[-79.9528433,40.4379575],[-79.9528272,40.4379592],[-79.9527273,40.4380556],[-79.9527718,40.438082]]]}},{"type":"Feature","id":"1363610076","properties":{"kind":"building"},"geometry":{"type":"Polygon","coordinates":[[[-79.9527273,40.4380556],[-79.9528272,40.4379592],[-79.9528249,40.437949],[-79.9529279,40.437849],[-79.9528936,40.4378289],[-79.9526854,40.4380307],[-79.9527273,40.4380556]]]}},{"type":"Feature","id":"1363610077","properties":{"kind":"building"},"geometry":{"type":"Polygon","coordinates":[[[-79.9526854,40.4380307],[-79.9528936,40.4378289],[-79.9528558,40.4378068],[-79.9527536,40.4379053],[-79.9527374,40.4379065],[-79.9526379,40.4380025],[-79.9526854,40.4380307]]]}},{"type":"Feature","id":"1363610078","properties":{"kind":"building"},"geometry":{"type":"Polygon","coordinates":[[[-79.9526379,40.4380025],[-79.9527374,40.4379065],[-79.9527363,40.4378924],[-79.9528355,40.4377949],[-79.9528044,40.4377768],[-79.9525986,40.4379791],[-79.9526379,40.4380025]]]}},{"type":"Feature","id":"1363610079","properties":{"kind":"building"},"geometry":{"type":"Polygon","coordinates":[[[-79.9525986,40.4379791],[-79.9528044,40.4377768],[-79.9527639,40.437753],[-79.9526658,40.4378493],[-79.9526469,40.4378522],[-79.9525482,40.4379492],[-79.9525986,40.4379791]]]}},{"type":"Feature","id":"1363610080","properties":{"kind":"building"},"geometry":{"type":"Polygon","coordinates":[[[-79.9523396,40.437732],[-79.9523878,40.4376851],[-79.9525636,40.4377871],[-79.9525167,40.4378348],[-79.9523396,40.437732]]]}},{"type":"Feature","id":"1363610082","properties":{"kind":"building"},"geometry":{"type":"Polygon","coordinates":[[[-79.9530481,40.437542],[-79.9528921,40.4376594],[-79.9529422,40.4376977],[-79.9529795,40.4376698],[-79.9529781,40.4376562],[-79.952989,40.4376648],[-79.9530992,40.4375826],[-79.9530481,40.437542]]]}},{"type":"Feature","id":"1363610083","properties":{"kind":"building"},"geometry":{"type":"Polygon","coordinates":[[[-79.9530992,40.4375826],[-79.952989,40.4376648],[-79.9530077,40.4376793],[-79.952995,40.4376776],[-79.9529638,40.4377009],[-79.9530014,40.437731],[-79.953148,40.4376214],[-79.9530992,40.4375826]]]}},{"type":"Feature","id":"1363610084","properties":{"kind":"building"},"geometry":{"type":"Polygon","coordinates":[[[-79.953148,40.4376214],[-79.9530014,40.437731],[-79.9530435,40.4377646],[-79.9530735,40.4377424],[-79.953075,40.4377317],[-79.9530913,40.4377444],[-79.9532011,40.4376635],[-79.953148,40.4376214]]]}},{"type":"Feature","id":"1363610085","properties":{"kind":"building"},"geometry":{"type":"Polygon","coordinates":[[[-79.9531368,40.4378679],[-79.9531825,40.4379055],[-79.9532241,40.4378757],[-79.9532385,40.4378874],[-79.9533431,40.4378124],[-79.9533365,40.4378071],[-79.9533529,40.4377953],[-79.9532983,40.437752],[-79.9531368,40.4378679]]]}},{"type":"Feature","id":"1363610086","properties":{"kind":"building"},"geometry":{"type":"Polygon","coordinates":[[[-79.9533318,40.4380204],[-79.9534686,40.4378822],[-79.9535062,40.4379067],[-79.9534064,40.4380082],[-79.9533928,40.4380001],[-79.9533581,40.438036],[-79.9533318,40.4380204]]]}},{"type":"Feature","id":"1363610087","properties":{"kind":"building"},"geometry":{"type":"Polygon","coordinates":[[[-79.9534064,40.4380082],[-79.9535062,40.4379067],[-79.9535449,40.4379318],[-79.9534065,40.4380647],[-79.9533809,40.4380495],[-79.9534166,40.4380143],[-79.9534064,40.4380082]]]}},{"type":"Feature","id":"1363610088","properties":{"kind":"building"},"geometry":{"type":"Polygon","coordinates":[[[-79.9534065,40.4380647],[-79.9535449,40.4379318],[-79.9535815,40.4379556],[-79.9534839,40.4380545],[-79.9534714,40.438047],[-79.9534368,40.4380826],[-79.9534065,40.4380647]]]}},{"type":"Feature","id":"1363610089","properties":{"kind":"building"},"geometry":{"type":"Polygon","coordinates":[[[-79.9534868,40.4381123],[-79.9535117,40.4380882],[-79.9536217,40.4379817],[-79.9535815,40.4379556],[-79.9534839,40.4380545],[-79.9534939,40.4380604],[-79.9534582,40.4380953],[-79.9534868,40.4381123]]]}},{"type":"Feature","id":"1363617686","properties":{"kind":"building"},"geometry":{"type":"Polygon","coordinates":[[[-79.952944,40.4384961],[-79.952929,40.4384861],[-79.9529733,40.438442],[-79.9529697,40.4384239],[-79.9529478,40.4384102],[-79.9529269,40.4384151],[-79.9529065,40.4384026],[-79.9529002,40.4383882],[-79.9528774,40.438375],[-79.9528586,40.4383783],[-79.9528125,40.4384243],[-79.9528006,40.4384174],[-79.95268,40.4385377],[-79.9527191,40.4385604],[-79.9527119,40.4385676],[-79.9527621,40.4385967],[-79.9527698,40.438589],[-79.9528093,40.4386119],[-79.9528778,40.4385437],[-79.9528903,40.4385497],[-79.952944,40.4384961]]]}},{"type":"Feature","id":"1363617687","properties":{"kind":"building"},"geometry":{"type":"Polygon","coordinates":[[[-79.9526328,40.4383043],[-79.9526448,40.4383113],[-79.9526887,40.4382676],[-79.9527126,40.4382653],[-79.9527359,40.4382777],[-79.9527353,40.4382944],[-79.9527545,40.4383075],[-79.9527766,40.4383067],[-79.9527994,40.4383198],[-79.9528003,40.4383345],[-79.9527539,40.4383808],[-79.9527657,40.4383876],[-79.9526463,40.4385068],[-79.952607,40.438484],[-79.9525998,40.4384911],[-79.9525527,40.4384637],[-79.9525605,40.438456],[-79.9525213,40.4384332],[-79.9525903,40.4383644],[-79.9525791,40.4383578],[-79.9526328,40.4383043]]]}},{"type":"Feature","id":"1363617688","properties":{"kind":"building"},"geometry":{"type":"Polygon","coordinates":[[[-79.9526328,40.4383043],[-79.9526178,40.4382943],[-79.952662,40.4382502],[-79.9526585,40.4382321],[-79.9526366,40.4382183],[-79.9526157,40.4382232],[-79.9525953,40.4382108],[-79.9525889,40.4381963],[-79.9525662,40.4381831],[-79.9525474,40.4381864],[-79.9525013,40.4382325],[-79.9524894,40.4382256],[-79.9523688,40.4383459],[-79.9524079,40.4383686],[-79.9524007,40.4383757],[-79.9524509,40.4384049],[-79.9524586,40.4383972],[-79.952498,40.4384201],[-79.9525666,40.4383519],[-79.9525791,40.4383578],[-79.9526328,40.4383043]]]}},{"type":"Feature","id":"1363617689","properties":{"kind":"building"},"geometry":{"type":"Polygon","coordinates":[[[-79.9523093,40.439493],[-79.9523821,40.4395346],[-79.9524322,40.4394844],[-79.9523594,40.4394422],[-79.9523093,40.439493]]]}},{"type":"Feature","id":"1363617690","properties":{"kind":"building"},"geometry":{"type":"Polygon","coordinates":[[[-79.9524322,40.4394844],[-79.9523594,40.4394422],[-79.9524125,40.4393883],[-79.952486,40.4394305],[-79.9524322,40.4394844]]]}},{"type":"Feature","id":"1363617691","properties":{"kind":"building"},"geometry":{"type":"Polygon","coordinates":[[[-79.9524125,40.4393883],[-79.952486,40.4394305],[-79.9525463,40.43937],[-79.9524723,40.4393277],[-79.9524125,40.4393883]]]}},{"type":"Feature","id":"1363617692","properties":{"kind":"building"},"geometry":{"type":"Polygon","coordinates":[[[-79.9520478,40.4392356],[-79.9519594,40.439184],[-79.9520228,40.439121],[-79.9520326,40.4391267],[-79.9520782,40.4390816],[-79.9521567,40.4391276],[-79.9520478,40.4392356]]]}},{"type":"Feature","id":"1363617693","properties":{"kind":"building"},"geometry":{"type":"Polygon","coordinates":[[[-79.9520782,40.4390816],[-79.9521567,40.4391276],[-79.9522677,40.4390176],[-79.9521896,40.4389722],[-79.9520782,40.4390816]]]}},{"type":"Feature","id":"1363617694","properties":{"kind":"building"},"geometry":{"type":"Polygon","coordinates":[[[-79.9521896,40.4389722],[-79.9522988,40.4388645],[-79.9523759,40.4389103],[-79.9522677,40.4390176],[-79.9521896,40.4389722]]]}},{"type":"Feature","id":"1363617695","properties":{"kind":"building"},"geometry":{"type":"Polygon","coordinates":[[[-79.9517332,40.4390537],[-79.951828,40.4391072],[-79.9518476,40.4391182],[-79.9518051,40.4391621],[-79.951711,40.4391092],[-79.9516905,40.4390977],[-79.9517332,40.4390537]]]}},{"type":"Feature","id":"1363617696","properties":{"kind":"building"},"geometry":{"type":"Polygon","coordinates":[[[-79.951711,40.4391092],[-79.9518051,40.4391621],[-79.9518257,40.4391739],[-79.9517832,40.4392178],[-79.9516889,40.439165],[-79.9516683,40.4391534],[-79.951711,40.4391092]]]}},{"type":"Feature","id":"1363617697","properties":{"kind":"building"},"geometry":{"type":"Polygon","coordinates":[[[-79.9516889,40.439165],[-79.9517832,40.4392178],[-79.9518032,40.4392292],[-79.9517606,40.439273],[-79.9516465,40.4392087],[-79.9516889,40.439165]]]}},{"type":"Feature","id":"1363617698","properties":{"kind":"building"},"geometry":{"type":"Polygon","coordinates":[[[-79.9517817,40.4389461],[-79.9518735,40.4389976],[-79.9518954,40.4390099],[-79.9518529,40.4390535],[-79.9517567,40.4389991],[-79.9517395,40.4389893],[-79.9517817,40.4389461]]]}},{"type":"Feature","id":"1363617699","properties":{"kind":"building"},"geometry":{"type":"Polygon","coordinates":[[[-79.9518015,40.4388892],[-79.9518972,40.4389435],[-79.951916,40.4389538],[-79.9518735,40.4389976],[-79.9517817,40.4389461],[-79.9517588,40.4389333],[-79.9518015,40.4388892]]]}},{"type":"Feature","id":"1363617700","properties":{"kind":"building"},"geometry":{"type":"Polygon","coordinates":[[[-79.9518265,40.4388355],[-79.95194,40.4388998],[-79.9518972,40.4389435],[-79.9518015,40.4388892],[-79.9517838,40.4388792],[-79.9518265,40.4388355]]]}},{"type":"Feature","id":"1363617701","properties":{"kind":"building"},"geometry":{"type":"Polygon","coordinates":[[[-79.9522546,40.4382728],[-79.9521984,40.4382411],[-79.9521899,40.4382498],[-79.9520967,40.4381959],[-79.9520797,40.4381876],[-79.9521185,40.4381477],[-79.9522686,40.4382324],[-79.9522849,40.4382417],[-79.9522546,40.4382728]]]}},{"type":"Feature","id":"1363617702","properties":{"kind":"building"},"geometry":{"type":"Polygon","coordinates":[[[-79.9522354,40.4381542],[-79.9522395,40.4381682],[-79.9522987,40.4382014],[-79.9522686,40.4382324],[-79.9521185,40.4381477],[-79.9520991,40.4381375],[-79.9521387,40.4380965],[-79.9522354,40.4381542]]]}},{"type":"Feature","id":"1363617703","properties":{"kind":"building"},"geometry":{"type":"Polygon","coordinates":[[[-79.9522354,40.4381542],[-79.9521387,40.4380965],[-79.952111,40.4380821],[-79.9521291,40.4380641],[-79.9521397,40.4380703],[-79.9521593,40.4380508],[-79.952325,40.4381472],[-79.9522961,40.4381761],[-79.9522438,40.4381457],[-79.9522354,40.4381542]]]}},{"type":"Feature","id":"1364338903","properties":{"kind":"building"},"geometry":{"type":"Polygon","coordinates":[[[-79.9568002,40.4384932],[-79.9568283,40.4385159],[-79.9569466,40.4384316],[-79.9569189,40.4384091],[-79.9568002,40.4384932]]]}},{"type":"Feature","id":"1364338905","properties":{"kind":"building"},"geometry":{"type":"Polygon","coordinates":[[[-79.9565776,40.4382995],[-79.9565413,40.4382709],[-79.9566872,40.4381671],[-79.9567139,40.4381882],[-79.9566657,40.4382225],[-79.9566742,40.43823],[-79.9565776,40.4382995]]]}},{"type":"Feature","id":"1364338906","properties":{"kind":"building"},"geometry":{"type":"Polygon","coordinates":[[[-79.9565413,40.4382709],[-79.9564967,40.4382356],[-79.9565932,40.4381652],[-79.9566009,40.4381713],[-79.9566486,40.4381365],[-79.9566872,40.4381671],[-79.9565413,40.4382709]]]}},{"type":"Feature","id":"1364338907","properties":{"kind":"building"},"geometry":{"type":"Polygon","coordinates":[[[-79.9568964,40.4379841],[-79.9569459,40.4380237],[-79.9567895,40.4381349],[-79.9567814,40.4381277],[-79.9567676,40.4381375],[-79.9567453,40.4381193],[-79.9567579,40.4381104],[-79.9567545,40.4381077],[-79.9567993,40.4380759],[-79.9567842,40.4380636],[-79.9568964,40.4379841]]]}},{"type":"Feature","id":"1364338908","properties":{"kind":"building"},"geometry":{"type":"Polygon","coordinates":[[[-79.9568415,40.4379401],[-79.9567299,40.4380191],[-79.9567144,40.4380064],[-79.9566579,40.4380464],[-79.9566401,40.4380318],[-79.9566521,40.4380233],[-79.9566361,40.4380103],[-79.9567917,40.4379002],[-79.9568415,40.4379401]]]}},{"type":"Feature","id":"1364338909","properties":{"kind":"building"},"geometry":{"type":"Polygon","coordinates":[[[-79.9567917,40.4379002],[-79.9566361,40.4380103],[-79.9566074,40.4379864],[-79.9566459,40.437959],[-79.9566323,40.4379478],[-79.9567482,40.4378653],[-79.9567917,40.4379002]]]}},{"type":"Feature","id":"1364338910","properties":{"kind":"building"},"geometry":{"type":"Polygon","coordinates":[[[-79.9563334,40.4375327],[-79.956226,40.4376105],[-79.9562169,40.4376032],[-79.9561646,40.4376415],[-79.9561365,40.4376192],[-79.9562959,40.4375026],[-79.9563334,40.4375327]]]}},{"type":"Feature","id":"1364338911","properties":{"kind":"building"},"geometry":{"type":"Polygon","coordinates":[[[-79.9562959,40.4375026],[-79.9561365,40.4376192],[-79.9561138,40.4376014],[-79.9561752,40.4375563],[-79.9561586,40.4375432],[-79.9562566,40.4374712],[-79.9562959,40.4375026]]]}},{"type":"Feature","id":"1364338912","properties":{"kind":"building"},"geometry":{"type":"Polygon","coordinates":[[[-79.9560486,40.4375413],[-79.9560276,40.4375246],[-79.9560886,40.43748],[-79.9560767,40.4374696],[-79.9561688,40.4374025],[-79.9562025,40.4374289],[-79.9560486,40.4375413]]]}},{"type":"Feature","id":"1364338913","properties":{"kind":"building"},"geometry":{"type":"Polygon","coordinates":[[[-79.9561688,40.4374025],[-79.9560767,40.4374696],[-79.9560693,40.4374637],[-79.956018,40.4375011],[-79.9559856,40.4374753],[-79.9561285,40.4373711],[-79.9561688,40.4374025]]]}},{"type":"Feature","id":"1364338914","properties":{"kind":"building"},"geometry":{"type":"Polygon","coordinates":[[[-79.9559516,40.4374245],[-79.9559115,40.437392],[-79.9559464,40.4373671],[-79.9559324,40.4373557],[-79.9560361,40.4372816],[-79.95609,40.4373257],[-79.9559516,40.4374245]]]}},{"type":"Feature","id":"1364338915","properties":{"kind":"building"},"geometry":{"type":"Polygon","coordinates":[[[-79.9557646,40.4372915],[-79.9559158,40.4371832],[-79.9559672,40.4372252],[-79.9558609,40.4373033],[-79.9558436,40.4372896],[-79.9558014,40.4373206],[-79.9557646,40.4372915]]]}},{"type":"Feature","id":"1364338916","properties":{"kind":"building"},"geometry":{"type":"Polygon","coordinates":[[[-79.9558686,40.4371446],[-79.955782,40.4372066],[-79.9557596,40.4372079],[-79.9556819,40.4372634],[-79.9556433,40.437232],[-79.9558206,40.4371053],[-79.9558686,40.4371446]]]}},{"type":"Feature","id":"1364338917","properties":{"kind":"building"},"geometry":{"type":"Polygon","coordinates":[[[-79.9558142,40.4371],[-79.9556382,40.4372292],[-79.9555999,40.437199],[-79.9556782,40.4371415],[-79.9556781,40.4371252],[-79.9557661,40.4370607],[-79.9558142,40.4371]]]}},{"type":"Feature","id":"1364338918","properties":{"kind":"building"},"geometry":{"type":"Polygon","coordinates":[[[-79.9557661,40.4370607],[-79.9556781,40.4371252],[-79.955657,40.4371239],[-79.9555775,40.4371824],[-79.9555414,40.4371539],[-79.9556179,40.4370977],[-79.9557216,40.4370243],[-79.9557661,40.4370607]]]}},{"type":"Feature","id":"1364338919","properties":{"kind":"building"},"geometry":{"type":"Polygon","coordinates":[[[-79.9557216,40.4370243],[-79.9556179,40.4370977],[-79.9555984,40.4370974],[-79.9555382,40.43714],[-79.9554951,40.4371047],[-79.9556693,40.4369815],[-79.9557216,40.4370243]]]}},{"type":"Feature","id":"1364338920","properties":{"kind":"building"},"geometry":{"type":"Polygon","coordinates":[[[-79.9556693,40.4369815],[-79.9554951,40.4371047],[-79.9554596,40.4370742],[-79.9555161,40.4370343],[-79.9555158,40.4370172],[-79.9556216,40.4369424],[-79.9556693,40.4369815]]]}},{"type":"Feature","id":"1364341059","properties":{"kind":"building"},"geometry":{"type":"Polygon","coordinates":[[[-79.9555686,40.4374338],[-79.9555942,40.437454],[-79.9555707,40.4374713],[-79.955601,40.4374951],[-79.9556196,40.4374814],[-79.9556253,40.4374859],[-79.9557695,40.43738],[-79.9557327,40.437351],[-79.9556731,40.4373948],[-79.9556568,40.4373963],[-79.9556397,40.4373829],[-79.9555686,40.4374338]]]}},{"type":"Feature","id":"1364341060","properties":{"kind":"building"},"geometry":{"type":"Polygon","coordinates":[[[-79.9557695,40.43738],[-79.9557974,40.4374044],[-79.9557385,40.4374463],[-79.9557361,40.4374592],[-79.9557535,40.4374733],[-79.9556795,40.4375265],[-79.9556555,40.4375069],[-79.9556363,40.4375206],[-79.9556091,40.4374985],[-79.9556293,40.4374841],[-79.9556253,40.4374859],[-79.9557695,40.43738]]]}},{"type":"Feature","id":"1364341061","properties":{"kind":"building"},"geometry":{"type":"Polygon","coordinates":[[[-79.9556875,40.4375755],[-79.9557248,40.4376056],[-79.9558343,40.4375263],[-79.9558226,40.4375178],[-79.955864,40.4374879],[-79.9558381,40.4374671],[-79.9556875,40.4375755]]]}},{"type":"Feature","id":"1364341062","properties":{"kind":"building"},"geometry":{"type":"Polygon","coordinates":[[[-79.9558343,40.4375263],[-79.9558459,40.4375355],[-79.9558861,40.4375063],[-79.9559111,40.4375253],[-79.9557601,40.4376342],[-79.9557248,40.4376056],[-79.9558343,40.4375263]]]}},{"type":"Feature","id":"1364341063","properties":{"kind":"building"},"geometry":{"type":"Polygon","coordinates":[[[-79.9557601,40.4376342],[-79.9559111,40.4375253],[-79.9559408,40.4375492],[-79.9558903,40.4375856],[-79.9559038,40.4375968],[-79.9558031,40.4376688],[-79.9557601,40.4376342]]]}},{"type":"Feature","id":"1364341064","properties":{"kind":"building"},"geometry":{"type":"Polygon","coordinates":[[[-79.9558031,40.4376688],[-79.9558409,40.4376994],[-79.9560008,40.4375822],[-79.9559727,40.4375604],[-79.9559122,40.4376036],[-79.9559038,40.4375968],[-79.9558031,40.4376688]]]}},{"type":"Feature","id":"1364341065","properties":{"kind":"building"},"geometry":{"type":"Polygon","coordinates":[[[-79.9558409,40.4376994],[-79.9558784,40.4377297],[-79.9558982,40.4377152],[-79.9559022,40.4377184],[-79.9559832,40.4376589],[-79.9559706,40.437649],[-79.9560304,40.4376051],[-79.9560008,40.4375822],[-79.9558409,40.4376994]]]}},{"type":"Feature","id":"1364341066","properties":{"kind":"building"},"geometry":{"type":"Polygon","coordinates":[[[-79.9559345,40.4377727],[-79.9559734,40.4378036],[-79.9560695,40.4377339],[-79.9560607,40.4377269],[-79.9561216,40.4376826],[-79.9560914,40.4376586],[-79.9559345,40.4377727]]]}},{"type":"Feature","id":"1364341067","properties":{"kind":"building"},"geometry":{"type":"Polygon","coordinates":[[[-79.9559734,40.4378036],[-79.9560113,40.437834],[-79.9561677,40.4377213],[-79.9561391,40.4376983],[-79.9560794,40.4377413],[-79.9560695,40.4377339],[-79.9559734,40.4378036]]]}},{"type":"Feature","id":"1364347016","properties":{"kind":"building"},"geometry":{"type":"Polygon","coordinates":[[[-79.9549133,40.4372851],[-79.9548743,40.4373142],[-79.9549327,40.4373595],[-79.9549447,40.4373593],[-79.9549733,40.4373804],[-79.9549738,40.4373906],[-79.9550001,40.437411],[-79.9550386,40.4373824],[-79.955016,40.4373649],[-79.9549133,40.4372851]]]}},{"type":"Feature","id":"1364347017","properties":{"kind":"building"},"geometry":{"type":"Polygon","coordinates":[[[-79.9552008,40.4374041],[-79.9550612,40.4375047],[-79.9550292,40.437479],[-79.9550691,40.4374502],[-79.9550595,40.4374427],[-79.955159,40.4373705],[-79.9552008,40.4374041]]]}},{"type":"Feature","id":"1364347018","properties":{"kind":"building"},"geometry":{"type":"Polygon","coordinates":[[[-79.9552366,40.4374328],[-79.9551217,40.4375148],[-79.9551144,40.4375089],[-79.9550725,40.4375388],[-79.9550443,40.4375159],[-79.9550612,40.4375047],[-79.9552008,40.4374041],[-79.9552366,40.4374328]]]}},{"type":"Feature","id":"1364347019","properties":{"kind":"building"},"geometry":{"type":"Polygon","coordinates":[[[-79.9552685,40.4374583],[-79.9551143,40.4375684],[-79.9550903,40.4375489],[-79.9551293,40.437521],[-79.9551217,40.4375148],[-79.9552366,40.4374328],[-79.9552685,40.4374583]]]}},{"type":"Feature","id":"1364347020","properties":{"kind":"building"},"geometry":{"type":"Polygon","coordinates":[[[-79.9556122,40.4377373],[-79.955662,40.4377787],[-79.9555565,40.4378523],[-79.9555066,40.4378107],[-79.9556122,40.4377373]]]}},{"type":"Feature","id":"1364347021","properties":{"kind":"building"},"geometry":{"type":"Polygon","coordinates":[[[-79.9561461,40.4381526],[-79.9561861,40.4381849],[-79.95608,40.4382609],[-79.95604,40.4382286],[-79.9560642,40.4382113],[-79.9561461,40.4381526]]]}},{"type":"Feature","id":"1364347022","properties":{"kind":"building"},"geometry":{"type":"Polygon","coordinates":[[[-79.9561861,40.4381849],[-79.95608,40.4382609],[-79.9560606,40.4382749],[-79.956112,40.4383164],[-79.9562373,40.4382263],[-79.9561861,40.4381849]]]}},{"type":"Feature","id":"1364347023","properties":{"kind":"building"},"geometry":{"type":"Polygon","coordinates":[[[-79.9562817,40.4382749],[-79.95618,40.4383481],[-79.9561444,40.4383744],[-79.9561767,40.4384001],[-79.9563134,40.4383006],[-79.9562817,40.4382749]]]}},{"type":"Feature","id":"1364347024","properties":{"kind":"building"},"geometry":{"type":"Polygon","coordinates":[[[-79.9563218,40.4382945],[-79.9563134,40.4383006],[-79.9561767,40.4384001],[-79.9562294,40.4384417],[-79.9563745,40.4383366],[-79.9563218,40.4382945]]]}},{"type":"Feature","id":"1364347025","properties":{"kind":"building"},"geometry":{"type":"Polygon","coordinates":[[[-79.9565916,40.4385175],[-79.9565387,40.4384743],[-79.9565091,40.4384952],[-79.9564198,40.4385585],[-79.9564726,40.4386017],[-79.9565319,40.4385597],[-79.9565916,40.4385175]]]}},{"type":"Feature","id":"1364347026","properties":{"kind":"building"},"geometry":{"type":"Polygon","coordinates":[[[-79.956735,40.4386303],[-79.956634,40.4387038],[-79.9566643,40.4387278],[-79.9566749,40.43872],[-79.956765,40.4386543],[-79.956735,40.4386303]]]}},{"type":"Feature","id":"1364347027","properties":{"kind":"building"},"geometry":{"type":"Polygon","coordinates":[[[-79.956765,40.4386543],[-79.9568109,40.4386902],[-79.9567215,40.4387565],[-79.9566749,40.43872],[-79.956765,40.4386543]]]}},{"type":"Feature","id":"1364352495","properties":{"kind":"building"},"geometry":{"type":"Polygon","coordinates":[[[-79.9580302,40.4371123],[-79.9580633,40.437139],[-79.9582143,40.43703],[-79.958191,40.4370113],[-79.9581556,40.4370368],[-79.9581469,40.437029],[-79.9580302,40.4371123]]]}},{"type":"Feature","id":"1364352496","properties":{"kind":"building"},"geometry":{"type":"Polygon","coordinates":[[[-79.9580633,40.437139],[-79.9581014,40.4371698],[-79.958218,40.4370854],[-79.9582052,40.4370751],[-79.9582395,40.4370503],[-79.9582143,40.43703],[-79.9580633,40.437139]]]}},{"type":"Feature","id":"1364352497","properties":{"kind":"building"},"geometry":{"type":"Polygon","coordinates":[[[-79.9588388,40.4374554],[-79.9588023,40.437482],[-79.9587481,40.437439],[-79.9587846,40.4374124],[-79.9588388,40.4374554]]]}},{"type":"Feature","id":"1364352498","properties":{"kind":"building"},"geometry":{"type":"Polygon","coordinates":[[[-79.95888,40.4374144],[-79.9589198,40.4373855],[-79.9587866,40.43728],[-79.9587614,40.4372984],[-79.9587977,40.4373275],[-79.958784,40.4373375],[-79.95888,40.4374144]]]}},{"type":"Feature","id":"1364352499","properties":{"kind":"building"},"geometry":{"type":"Polygon","coordinates":[[[-79.9587866,40.43728],[-79.9589198,40.4373855],[-79.9589573,40.4373584],[-79.9588603,40.4372816],[-79.9588527,40.4372876],[-79.958816,40.4372585],[-79.9587866,40.43728]]]}},{"type":"Feature","id":"1364352500","properties":{"kind":"building"},"geometry":{"type":"Polygon","coordinates":[[[-79.9588603,40.4372816],[-79.9589573,40.4373584],[-79.9590008,40.4373268],[-79.9588447,40.437202],[-79.9588189,40.4372209],[-79.9588786,40.4372682],[-79.9588603,40.4372816]]]}},{"type":"Feature","id":"1364352501","properties":{"kind":"building"},"geometry":{"type":"Polygon","coordinates":[[[-79.9590441,40.4372955],[-79.9590008,40.4373268],[-79.9588447,40.437202],[-79.958888,40.4371706],[-79.9590441,40.4372955]]]}},{"type":"Feature","id":"1364363882","properties":{"kind":"building"},"geometry":{"type":"Polygon","coordinates":[[[-79.9598588,40.438011],[-79.9599023,40.4380474],[-79.9597419,40.4381586],[-79.9596985,40.4381224],[-79.9598588,40.438011]]]}},{"type":"Feature","id":"1364363883","properties":{"kind":"building"},"geometry":{"type":"Polygon","coordinates":[[[-79.9596014,40.4379355],[-79.9597038,40.4378629],[-79.9596675,40.4378336],[-79.9596449,40.4378497],[-79.9596401,40.437846],[-79.9595605,40.4379026],[-79.9596014,40.4379355]]]}},{"type":"Feature","id":"1364363884","properties":{"kind":"building"},"geometry":{"type":"Polygon","coordinates":[[[-79.9596401,40.437846],[-79.9595605,40.4379026],[-79.9595211,40.437871],[-79.9596226,40.4377973],[-79.9596574,40.4378254],[-79.9596349,40.4378418],[-79.9596401,40.437846]]]}},{"type":"Feature","id":"1364363885","properties":{"kind":"building"},"geometry":{"type":"Polygon","coordinates":[[[-79.9595211,40.437871],[-79.9594805,40.4378384],[-79.9595592,40.4377811],[-79.9595649,40.4377857],[-79.9595878,40.4377691],[-79.9596226,40.4377973],[-79.9595211,40.437871]]]}},{"type":"Feature","id":"1364363886","properties":{"kind":"building"},"geometry":{"type":"Polygon","coordinates":[[[-79.9595592,40.4377811],[-79.9594805,40.4378384],[-79.9594407,40.4378065],[-79.9595422,40.4377323],[-79.9595764,40.43776],[-79.9595536,40.4377767],[-79.9595592,40.4377811]]]}},{"type":"Feature","id":"1364363887","properties":{"kind":"building"},"geometry":{"type":"Polygon","coordinates":[[[-79.9594407,40.4378065],[-79.9593983,40.4377725],[-79.959477,40.4377153],[-79.9594858,40.4377224],[-79.9595091,40.4377055],[-79.9595422,40.4377323],[-79.9594407,40.4378065]]]}},{"type":"Feature","id":"1364363888","properties":{"kind":"building"},"geometry":{"type":"Polygon","coordinates":[[[-79.9590414,40.4375473],[-79.9591416,40.4376277],[-79.9591572,40.4376397],[-79.9592068,40.4376037],[-79.9591952,40.4375944],[-79.959091,40.4375112],[-79.9590414,40.4375473]]]}},{"type":"Feature","id":"1364363889","properties":{"kind":"building"},"geometry":{"type":"Polygon","coordinates":[[[-79.959091,40.4375112],[-79.9591952,40.4375944],[-79.9592459,40.4375585],[-79.9591428,40.4374743],[-79.959091,40.4375112]]]}},{"type":"Feature","id":"1364364853","properties":{"kind":"building"},"geometry":{"type":"Polygon","coordinates":[[[-79.9587976,40.4377669],[-79.9588471,40.4378071],[-79.9589386,40.4377412],[-79.9589267,40.4377316],[-79.9589625,40.4377058],[-79.9589237,40.4376759],[-79.9587976,40.4377669]]]}},{"type":"Feature","id":"1364364854","properties":{"kind":"building"},"geometry":{"type":"Polygon","coordinates":[[[-79.9588471,40.4378071],[-79.9588943,40.4378453],[-79.9590235,40.4377516],[-79.9589856,40.4377214],[-79.9589479,40.4377487],[-79.9589386,40.4377412],[-79.9588471,40.4378071]]]}},{"type":"Feature","id":"1364364855","properties":{"kind":"building"},"geometry":{"type":"Polygon","coordinates":[[[-79.9589744,40.4379103],[-79.9590379,40.4379617],[-79.9591573,40.4378759],[-79.9591428,40.4378642],[-79.9591447,40.4378515],[-79.9591316,40.4378404],[-79.9591139,40.4378404],[-79.9590929,40.4378235],[-79.9589744,40.4379103]]]}},{"type":"Feature","id":"1364364856","properties":{"kind":"building"},"geometry":{"type":"Polygon","coordinates":[[[-79.9593112,40.4381821],[-79.9593807,40.4382374],[-79.9595038,40.4381455],[-79.9594703,40.4381194],[-79.9594556,40.4381304],[-79.9594181,40.4381022],[-79.9593112,40.4381821]]]}},{"type":"Feature","id":"1364364857","properties":{"kind":"building"},"geometry":{"type":"Polygon","coordinates":[[[-79.9594878,40.4383226],[-79.9595496,40.4383717],[-79.9596736,40.438281],[-79.9596425,40.4382564],[-79.9596469,40.4382532],[-79.9596146,40.4382276],[-79.9594878,40.4383226]]]}},{"type":"Feature","id":"1364364858","properties":{"kind":"building"},"geometry":{"type":"Polygon","coordinates":[[[-79.9596652,40.4384638],[-79.9596036,40.4384148],[-79.9596162,40.4384056],[-79.959609,40.4383998],[-79.9596877,40.4383424],[-79.959693,40.4383466],[-79.9597465,40.4383076],[-79.9598095,40.4383575],[-79.9597975,40.4383664],[-79.9596652,40.4384638]]]}},{"type":"Feature","id":"1364500588","properties":{"kind":"building"},"geometry":{"type":"Polygon","coordinates":[[[-79.9586924,40.4379065],[-79.9587405,40.4379454],[-79.9586419,40.4380159],[-79.9586315,40.4380075],[-79.9586046,40.4380268],[-79.9585888,40.438014],[-79.9585827,40.4380184],[-79.958548,40.4379895],[-79.9586589,40.4379131],[-79.9586703,40.4379223],[-79.9586924,40.4379065]]]}},{"type":"Feature","id":"1364500589","properties":{"kind":"building"},"geometry":{"type":"Polygon","coordinates":[[[-79.9588872,40.4380756],[-79.9587929,40.438145],[-79.9587637,40.438122],[-79.9587386,40.4381405],[-79.9587047,40.4381131],[-79.9588234,40.4380259],[-79.9588872,40.4380756]]]}},{"type":"Feature","id":"1364500590","properties":{"kind":"building"},"geometry":{"type":"Polygon","coordinates":[[[-79.9589835,40.4381589],[-79.9588728,40.438244],[-79.9589067,40.4382699],[-79.9589027,40.4382729],[-79.9589323,40.4382955],[-79.9590484,40.4382074],[-79.9589835,40.4381589]]]}},{"type":"Feature","id":"1364500591","properties":{"kind":"building"},"geometry":{"type":"Polygon","coordinates":[[[-79.9590419,40.43838],[-79.9590588,40.4383947],[-79.9590557,40.438397],[-79.9591022,40.4384334],[-79.959219,40.4383472],[-79.9591552,40.4382974],[-79.9590419,40.43838]]]}},{"type":"Feature","id":"1364500592","properties":{"kind":"building"},"geometry":{"type":"Polygon","coordinates":[[[-79.9591971,40.4385308],[-79.9592206,40.43855],[-79.9592095,40.438558],[-79.9592417,40.4385838],[-79.9592548,40.4385743],[-79.9592618,40.4385799],[-79.9593946,40.4384839],[-79.959332,40.4384336],[-79.9591971,40.4385308]]]}},{"type":"Feature","id":"1364500593","properties":{"kind":"building"},"geometry":{"type":"Polygon","coordinates":[[[-79.9593695,40.43867],[-79.9593981,40.4386942],[-79.9594113,40.4386847],[-79.9594469,40.4387133],[-79.9595709,40.4386238],[-79.959506,40.4385722],[-79.9593695,40.43867]]]}},{"type":"Feature","id":"1364508609","properties":{"kind":"building"},"geometry":{"type":"Polygon","coordinates":[[[-79.9547294,40.4375438],[-79.9547777,40.4375827],[-79.9548888,40.437503],[-79.9548754,40.4374922],[-79.9549197,40.4374603],[-79.9548844,40.4374316],[-79.9547294,40.4375438]]]}},{"type":"Feature","id":"1364508610","properties":{"kind":"building"},"geometry":{"type":"Polygon","coordinates":[[[-79.9550552,40.4378006],[-79.9550635,40.4378072],[-79.9550597,40.43781],[-79.9551034,40.4378452],[-79.9552137,40.4377658],[-79.9552012,40.4377557],[-79.9552433,40.4377254],[-79.9552469,40.4377284],[-79.9552742,40.4377087],[-79.9552384,40.4376799],[-79.9552152,40.4376966],[-79.955208,40.4376907],[-79.9550552,40.4378006]]]}},{"type":"Feature","id":"1364508611","properties":{"kind":"building"},"geometry":{"type":"Polygon","coordinates":[[[-79.955153,40.4378961],[-79.9551651,40.4379062],[-79.9551782,40.4379055],[-79.9552108,40.4379317],[-79.9553205,40.4378532],[-79.9553087,40.4378437],[-79.9553521,40.4378126],[-79.9553131,40.4377814],[-79.955153,40.4378961]]]}},{"type":"Feature","id":"1364508612","properties":{"kind":"building"},"geometry":{"type":"Polygon","coordinates":[[[-79.9552625,40.4379829],[-79.9552841,40.4379999],[-79.9552901,40.4379956],[-79.955321,40.4380206],[-79.9554294,40.4379429],[-79.9554351,40.4379476],[-79.955477,40.4379175],[-79.9554592,40.4379031],[-79.9554626,40.4379007],[-79.9554229,40.4378681],[-79.9552625,40.4379829]]]}},{"type":"Feature","id":"1364508613","properties":{"kind":"building"},"geometry":{"type":"Polygon","coordinates":[[[-79.9553829,40.4380704],[-79.9554289,40.4381075],[-79.9554496,40.4380926],[-79.9554558,40.4380976],[-79.9555443,40.438034],[-79.9555292,40.4380219],[-79.9555759,40.4379884],[-79.9555388,40.4379583],[-79.9553829,40.4380704]]]}},{"type":"Feature","id":"1364508614","properties":{"kind":"building"},"geometry":{"type":"Polygon","coordinates":[[[-79.9554931,40.4381592],[-79.955537,40.4381946],[-79.9555547,40.438182],[-79.9555599,40.4381862],[-79.9556649,40.4381107],[-79.9556522,40.4381005],[-79.9557065,40.4380614],[-79.9557035,40.438059],[-79.9557189,40.4380479],[-79.955697,40.4380303],[-79.9556831,40.4380403],[-79.9556715,40.438031],[-79.9554931,40.4381592]]]}},{"type":"Feature","id":"1364508615","properties":{"kind":"building"},"geometry":{"type":"Polygon","coordinates":[[[-79.9556583,40.4382924],[-79.9557038,40.4383291],[-79.9558107,40.4382541],[-79.9558115,40.4382452],[-79.9558046,40.4382395],[-79.95584,40.4382147],[-79.955808,40.438187],[-79.9556583,40.4382924]]]}},{"type":"Feature","id":"1364508616","properties":{"kind":"building"},"geometry":{"type":"Polygon","coordinates":[[[-79.9558992,40.4383991],[-79.9559368,40.4384282],[-79.9559426,40.4384239],[-79.9559561,40.4384258],[-79.9559685,40.4384173],[-79.9559721,40.4384061],[-79.9559757,40.4384035],[-79.9559917,40.438416],[-79.9560378,40.4383817],[-79.9560195,40.4383674],[-79.9560256,40.438363],[-79.9560159,40.4383554],[-79.9560629,40.4383206],[-79.9560346,40.4382985],[-79.9560305,40.4383015],[-79.9558992,40.4383991]]]}},{"type":"Feature","id":"1364508617","properties":{"kind":"building"},"geometry":{"type":"Polygon","coordinates":[[[-79.9559792,40.4385401],[-79.9560322,40.4385826],[-79.9561414,40.4385039],[-79.9561281,40.4384932],[-79.9561805,40.4384554],[-79.9561408,40.4384235],[-79.9561336,40.4384287],[-79.9559792,40.4385401]]]}},{"type":"Feature","id":"1364770377","properties":{"kind":"building"},"geometry":{"type":"Polygon","coordinates":[[[-79.9546059,40.4377478],[-79.9546257,40.4377625],[-79.9546415,40.437763],[-79.9546569,40.4377725],[-79.9546561,40.437787],[-79.954665,40.4377944],[-79.9545713,40.4378599],[-79.9545544,40.437846],[-79.9545168,40.4378723],[-79.9544768,40.4378392],[-79.9546059,40.4377478]]]}},{"type":"Feature","id":"1364770378","properties":{"kind":"building"},"geometry":{"type":"Polygon","coordinates":[[[-79.9543991,40.4379108],[-79.9544696,40.4379682],[-79.9545176,40.437934],[-79.954447,40.4378766],[-79.9543991,40.4379108]]]}},{"type":"Feature","id":"1364770379","properties":{"kind":"building"},"geometry":{"type":"Polygon","coordinates":[[[-79.9546195,40.437953],[-79.954651,40.4379781],[-79.9546815,40.4379559],[-79.9546966,40.4379679],[-79.9547362,40.4379391],[-79.9547401,40.4379423],[-79.9547586,40.4379289],[-79.9547534,40.4379248],[-79.9547929,40.4378962],[-79.9547822,40.4378877],[-79.9547833,40.4378756],[-79.9547709,40.4378652],[-79.9547541,40.4378653],[-79.9547473,40.4378599],[-79.9546195,40.437953]]]}},{"type":"Feature","id":"1364770380","properties":{"kind":"building"},"geometry":{"type":"Polygon","coordinates":[[[-79.9554265,40.4383696],[-79.9554749,40.438408],[-79.9552904,40.4385392],[-79.9552517,40.4385077],[-79.9553408,40.4384444],[-79.9553324,40.4384376],[-79.9554265,40.4383696]]]}},{"type":"Feature","id":"1364770381","properties":{"kind":"building"},"geometry":{"type":"Polygon","coordinates":[[[-79.9555915,40.4385039],[-79.9556265,40.4385338],[-79.9556087,40.4385464],[-79.9556237,40.4385587],[-79.955542,40.4386163],[-79.9555269,40.4386039],[-79.9554769,40.4386392],[-79.9554404,40.4386108],[-79.9555915,40.4385039]]]}},{"type":"Feature","id":"1364770382","properties":{"kind":"building"},"geometry":{"type":"Polygon","coordinates":[[[-79.9560635,40.4388933],[-79.9559088,40.4390024],[-79.9558605,40.4389628],[-79.9558963,40.4389379],[-79.9560164,40.4388537],[-79.9560635,40.4388933]]]}},{"type":"Feature","id":"1364770383","properties":{"kind":"building"},"geometry":{"type":"Polygon","coordinates":[[[-79.9561223,40.4389425],[-79.9560775,40.4389065],[-79.9559233,40.4390176],[-79.9559682,40.4390536],[-79.9559929,40.4390358],[-79.9560165,40.4390188],[-79.9561223,40.4389425]]]}},{"type":"Feature","id":"1364770384","properties":{"kind":"building"},"geometry":{"type":"Polygon","coordinates":[[[-79.9562299,40.4390341],[-79.9562774,40.4390736],[-79.9561652,40.4391546],[-79.9561548,40.4391463],[-79.9560951,40.4391894],[-79.9560562,40.4391582],[-79.9560863,40.4391371],[-79.9562299,40.4390341]]]}},{"type":"Feature","id":"1364770385","properties":{"kind":"building"},"geometry":{"type":"Polygon","coordinates":[[[-79.9562406,40.43932],[-79.9561867,40.439359],[-79.9561612,40.4393386],[-79.9562151,40.4392996],[-79.9562406,40.43932]]]}},{"type":"Feature","id":"1364777199","properties":{"kind":"building"},"geometry":{"type":"Polygon","coordinates":[[[-79.9541258,40.4381384],[-79.9541387,40.4381484],[-79.9541676,40.4381484],[-79.954195,40.4381697],[-79.9543267,40.4380717],[-79.9542698,40.4380275],[-79.9541258,40.4381384]]]}},{"type":"Feature","id":"1364777200","properties":{"kind":"building"},"geometry":{"type":"Polygon","coordinates":[[[-79.9542242,40.4382318],[-79.9542733,40.4382706],[-79.954365,40.4382036],[-79.9543645,40.4381878],[-79.9544391,40.4381332],[-79.9544022,40.4381039],[-79.9543498,40.4381421],[-79.9543276,40.4381579],[-79.9542242,40.4382318]]]}},{"type":"Feature","id":"1364777201","properties":{"kind":"building"},"geometry":{"type":"Polygon","coordinates":[[[-79.9542733,40.4382706],[-79.954365,40.4382036],[-79.9543842,40.4382037],[-79.9544476,40.4381566],[-79.9544792,40.4381812],[-79.9543147,40.4383034],[-79.9542733,40.4382706]]]}},{"type":"Feature","id":"1364777202","properties":{"kind":"building"},"geometry":{"type":"Polygon","coordinates":[[[-79.9543147,40.4383034],[-79.9544792,40.4381812],[-79.954509,40.4382063],[-79.9544458,40.4382533],[-79.954444,40.4382685],[-79.9543546,40.438335],[-79.9543147,40.4383034]]]}},{"type":"Feature","id":"1364777203","properties":{"kind":"building"},"geometry":{"type":"Polygon","coordinates":[[[-79.9543546,40.438335],[-79.954444,40.4382685],[-79.9544663,40.4382699],[-79.9545498,40.438207],[-79.9545788,40.4382293],[-79.9544902,40.4382992],[-79.9544098,40.4383573],[-79.9543954,40.4383673],[-79.9543546,40.438335]]]}},{"type":"Feature","id":"1364777204","properties":{"kind":"building"},"geometry":{"type":"Polygon","coordinates":[[[-79.9544509,40.4384111],[-79.9545811,40.4383172],[-79.9545476,40.4382896],[-79.9545111,40.438316],[-79.9544902,40.4382992],[-79.9544098,40.4383573],[-79.9544175,40.4383635],[-79.9544168,40.4383713],[-79.95444,40.4383899],[-79.9544314,40.438396],[-79.9544509,40.4384111]]]}},{"type":"Feature","id":"1364777205","properties":{"kind":"building"},"geometry":{"type":"Polygon","coordinates":[[[-79.9544509,40.4384111],[-79.9545811,40.4383172],[-79.9546293,40.4383559],[-79.9545148,40.4384363],[-79.9545112,40.4384334],[-79.9544965,40.438433],[-79.9544754,40.4384161],[-79.9544658,40.438423],[-79.9544509,40.4384111]]]}},{"type":"Feature","id":"1364777206","properties":{"kind":"building"},"geometry":{"type":"Polygon","coordinates":[[[-79.9544901,40.4384537],[-79.954544,40.4384982],[-79.9547487,40.4383544],[-79.9546948,40.4383099],[-79.9546293,40.4383559],[-79.9545148,40.4384363],[-79.9544901,40.4384537]]]}},{"type":"Feature","id":"1364777207","properties":{"kind":"building"},"geometry":{"type":"Polygon","coordinates":[[[-79.9548335,40.43871],[-79.9548885,40.4387544],[-79.9548932,40.4387511],[-79.9550241,40.4386577],[-79.9550802,40.4386176],[-79.9550512,40.438594],[-79.9550154,40.4386196],[-79.9549965,40.4386043],[-79.9549546,40.4386342],[-79.9549478,40.4386285],[-79.9548335,40.43871]]]}},{"type":"Feature","id":"1364777208","properties":{"kind":"building"},"geometry":{"type":"Polygon","coordinates":[[[-79.9551595,40.4389882],[-79.9552064,40.4390258],[-79.955359,40.4389158],[-79.955462,40.4388414],[-79.9554157,40.4388043],[-79.9551595,40.4389882]]]}},{"type":"Feature","id":"1364777209","properties":{"kind":"building"},"geometry":{"type":"Polygon","coordinates":[[[-79.9558012,40.4395119],[-79.9559263,40.4394203],[-79.9559636,40.4394499],[-79.9559324,40.4394726],[-79.9559489,40.4394857],[-79.9558662,40.439546],[-79.9558436,40.4395625],[-79.95579,40.4395199],[-79.9558012,40.4395119]]]}},{"type":"Feature","id":"1364777210","properties":{"kind":"building"},"geometry":{"type":"Polygon","coordinates":[[[-79.9560896,40.4393574],[-79.9561607,40.4394168],[-79.9560747,40.4394766],[-79.9560033,40.4394173],[-79.9560896,40.4393574]]]}},{"type":"Feature","id":"1364780168","properties":{"kind":"building"},"geometry":{"type":"Polygon","coordinates":[[[-79.9543165,40.4385529],[-79.9543658,40.4385928],[-79.9542666,40.438664],[-79.9542465,40.4386675],[-79.9541979,40.4387025],[-79.9541902,40.4386962],[-79.9541831,40.4387013],[-79.9541558,40.4386793],[-79.9541612,40.4386755],[-79.9541538,40.4386695],[-79.9543165,40.4385529]]]}},{"type":"Feature","id":"1364780169","properties":{"kind":"building"},"geometry":{"type":"Polygon","coordinates":[[[-79.9544151,40.4386354],[-79.9544544,40.438666],[-79.9543191,40.4387663],[-79.9542852,40.4387397],[-79.9543247,40.4387104],[-79.9543195,40.4387061],[-79.9544151,40.4386354]]]}},{"type":"Feature","id":"1364780170","properties":{"kind":"building"},"geometry":{"type":"Polygon","coordinates":[[[-79.9544544,40.438666],[-79.9544948,40.4386976],[-79.9543976,40.4387698],[-79.9543918,40.4387653],[-79.9543538,40.4387935],[-79.9543191,40.4387663],[-79.9544544,40.438666]]]}},{"type":"Feature","id":"1364780171","properties":{"kind":"building"},"geometry":{"type":"Polygon","coordinates":[[[-79.9545428,40.4387382],[-79.9545837,40.4387705],[-79.9544846,40.4388411],[-79.9544797,40.4388371],[-79.95444,40.4388654],[-79.9544052,40.4388367],[-79.9545428,40.4387382]]]}},{"type":"Feature","id":"1364780172","properties":{"kind":"building"},"geometry":{"type":"Polygon","coordinates":[[[-79.9545837,40.4387705],[-79.9544846,40.4388411],[-79.9544919,40.4388475],[-79.9544316,40.4388913],[-79.954464,40.4389172],[-79.9546222,40.4388022],[-79.9545837,40.4387705]]]}},{"type":"Feature","id":"1364780173","properties":{"kind":"building"},"geometry":{"type":"Polygon","coordinates":[[[-79.9546718,40.4388633],[-79.9547277,40.4389077],[-79.9546327,40.4389749],[-79.954621,40.4389653],[-79.9545822,40.4389927],[-79.9545398,40.4389569],[-79.9546718,40.4388633]]]}},{"type":"Feature","id":"1364780174","properties":{"kind":"building"},"geometry":{"type":"Polygon","coordinates":[[[-79.9549458,40.4392008],[-79.9550397,40.4391341],[-79.955076,40.4391628],[-79.9549377,40.4392641],[-79.9549081,40.4392406],[-79.9549539,40.4392071],[-79.9549458,40.4392008]]]}},{"type":"Feature","id":"1364780175","properties":{"kind":"building"},"geometry":{"type":"Polygon","coordinates":[[[-79.9549207,40.439277],[-79.9549377,40.4392641],[-79.955076,40.4391628],[-79.9550941,40.4391489],[-79.9551363,40.439182],[-79.9550255,40.4392638],[-79.9550147,40.4392554],[-79.9549704,40.4392882],[-79.9549755,40.4392922],[-79.9549572,40.4393057],[-79.9549207,40.439277]]]}},{"type":"Feature","id":"1364780176","properties":{"kind":"building"},"geometry":{"type":"Polygon","coordinates":[[[-79.9551822,40.4392171],[-79.9552269,40.4392522],[-79.9551106,40.4393356],[-79.9550999,40.439327],[-79.9550539,40.43936],[-79.9550211,40.4393325],[-79.9551822,40.4392171]]]}},{"type":"Feature","id":"1364780177","properties":{"kind":"building"},"geometry":{"type":"Polygon","coordinates":[[[-79.9552269,40.4392522],[-79.955265,40.4392826],[-79.9551037,40.4393983],[-79.955073,40.4393734],[-79.9551174,40.4393416],[-79.9551106,40.4393356],[-79.9552269,40.4392522]]]}},{"type":"Feature","id":"1364780178","properties":{"kind":"building"},"geometry":{"type":"Polygon","coordinates":[[[-79.9553611,40.4393691],[-79.9554078,40.4394073],[-79.9553178,40.4394713],[-79.955301,40.4394577],[-79.9552652,40.4394831],[-79.9552504,40.439471],[-79.9552448,40.439475],[-79.9552295,40.4394634],[-79.9553611,40.4393691]]]}},{"type":"Feature","id":"1364780179","properties":{"kind":"building"},"geometry":{"type":"Polygon","coordinates":[[[-79.955294,40.4395737],[-79.9554365,40.439468],[-79.9554481,40.4394606],[-79.9554955,40.4394981],[-79.9553965,40.4395708],[-79.9553827,40.4395599],[-79.9553381,40.4395927],[-79.9553166,40.4395757],[-79.9553063,40.4395833],[-79.955294,40.4395737]]]}},{"type":"Feature","id":"1365075664","properties":{"kind":"park"},"geometry":{"type":"Polygon","coordinates":[[[-79.9442819,40.4404602],[-79.9441816,40.440585],[-79.9440383,40.4406202],[-79.9439188,40.4406044],[-79.9437691,40.4405802],[-79.9436322,40.4405511],[-79.9435112,40.4405523],[-79.9432899,40.4405463],[-79.9430955,40.4405239],[-79.942961,40.4404999],[-79.9428539,40.4404919],[-79.9427194,40.4404911],[-79.9426511,40.4404663],[-79.9425586,40.4404908],[-79.9424419,40.4404665],[-79.9424497,40.4404565],[-79.9424755,40.4404496],[-79.942609,40.4404529],[-79.9427414,40.4404255],[-79.9429904,40.4404591],[-79.9432384,40.4404719],[-79.9433886,40.4404367],[-79.9434832,40.4403887],[-79.9436366,40.4403128],[-79.9437826,40.4402192],[-79.943852,40.4401688],[-79.943926,40.440155],[-79.9439959,40.4401664],[-79.9440989,40.4402008],[-79.9441766,40.4402536],[-79.9442565,40.4403759],[-79.9442859,40.4404303],[-79.9442819,40.4404602]]]}},{"type":"Feature","id":"1365075670","properties":{"kind":"park"},"geometry":{"type":"Polygon","coordinates":[[[-79.9441725,40.4401795],[-79.9441177,40.4401568],[-79.9440401,40.4401346],[-79.9439403,40.4401167],[-79.9439445,40.4401051],[-79.9439777,40.440065],[-79.9440332,40.4399875],[-79.9440879,40.4399083],[-79.9441316,40.4398598],[-79.9441593,40.4398334],[-79.9441725,40.4398418],[-79.9441739,40.4398761],[-79.9441677,40.439921],[-79.9441697,40.4399727],[-79.9441746,40.4400323],[-79.9441746,40.4400861],[-79.9441801,40.4401288],[-79.9441787,40.4401673],[-79.9441725,40.4401795]]]}},{"type":"Feature","id":"1365326247","properties":{"kind":"park"},"geometry":{"type":"Polygon","coordinates":[[[-79.9503452,40.4387373],[-79.9509367,40.4385545],[-79.9508024,40.4383028],[-79.9502109,40.4384855],[-79.9503452,40.4387373]]]}},{"type":"Feature","id":"1365326248","properties":{"kind":"building"},"geometry":{"type":"Polygon","coordinates":[[[-79.950854,40.4385872],[-79.9509195,40.4387058],[-79.9510702,40.4386576],[-79.9510048,40.438539],[-79.950854,40.4385872]]]}},{"type":"Feature","id":"1365326249","properties":{"kind":"building"},"geometry":{"type":"Polygon","coordinates":[[[-79.9505441,40.4390586],[-79.9505725,40.4391082],[-79.9506881,40.4390705],[-79.9506835,40.4390623],[-79.9507101,40.4390536],[-79.9506862,40.4390116],[-79.9505441,40.4390586]]]}},{"type":"Feature","id":"1365326250","properties":{"kind":"building"},"geometry":{"type":"Polygon","coordinates":[[[-79.951075,40.4392431],[-79.9510604,40.4392479],[-79.9510643,40.4392544],[-79.9510538,40.439258],[-79.9510827,40.4393071],[-79.951065,40.4393131],[-79.9510924,40.4393597],[-79.9511057,40.4393551],[-79.951109,40.4393608],[-79.9511865,40.4393343],[-79.9511914,40.4393426],[-79.9512121,40.4393356],[-79.9512071,40.439327],[-79.9512847,40.4393005],[-79.9512571,40.4392537],[-79.9512393,40.4392596],[-79.9512272,40.4392385],[-79.9511955,40.4392493],[-79.9511721,40.4392098],[-79.951075,40.4392431]]]}},{"type":"Feature","id":"1365335765","properties":{"kind":"park"},"geometry":{"type":"Polygon","coordinates":[[[-79.9484763,40.4404816],[-79.9484614,40.4404482],[-79.948452,40.4404077],[-79.9484597,40.4403836],[-79.948494,40.4403627],[-79.9485206,40.4403431],[-79.948548,40.4403164],[-79.948572,40.4402792],[-79.948572,40.4402485],[-79.9485447,40.4402022],[-79.9486835,40.4402314],[-79.9486972,40.44024],[-79.9486826,40.4402635],[-79.9486518,40.4403007],[-79.9485952,40.4403614],[-79.9485317,40.4404254],[-79.9484983,40.4404554],[-79.9484763,40.4404816]]]}},{"type":"Feature","id":"1365335766","properties":{"kind":"park"},"geometry":{"type":"Polygon","coordinates":[[[-79.9482247,40.4403024],[-79.9483002,40.4404515],[-79.9483116,40.4404473],[-79.9483079,40.4404414],[-79.9483083,40.4404286],[-79.9483242,40.440413],[-79.9483383,40.4403878],[-79.9483383,40.4403683],[-79.9483212,40.4403422],[-79.9482976,40.4403223],[-79.9482933,40.4403164],[-79.9482701,40.4403164],[-79.9482538,40.4403121],[-79.9482247,40.4403024]]]}},{"type":"Feature","id":"1365335767","properties":{"kind":"park"},"geometry":{"type":"Polygon","coordinates":[[[-79.9483044,40.4401996],[-79.9482714,40.440211],[-79.9482303,40.4402165],[-79.948181,40.4402165],[-79.9482157,40.4402844],[-79.9482504,40.4402971],[-79.9482963,40.440303],[-79.9482883,40.4402871],[-79.9482854,40.4402672],[-79.9482916,40.440234],[-79.9483044,40.4401996]]]}},{"type":"Feature","id":"1384782057","properties":{"kind":"building"},"geometry":{"type":"Polygon","coordinates":[[[-79.9537424,40.4385758],[-79.9536983,40.43854],[-79.9536626,40.4385654],[-79.9536524,40.4385572],[-79.9535637,40.4386205],[-79.9535634,40.4386373],[-79.9535783,40.4386478],[-79.9535794,40.4386591],[-79.9536031,40.4386766],[-79.9537424,40.4385758]]]}},{"type":"Feature","id":"1384782058","properties":{"kind":"building"},"geometry":{"type":"Polygon","coordinates":[[[-79.9538693,40.4386706],[-79.9539191,40.4387103],[-79.9537509,40.4388333],[-79.9537008,40.4387946],[-79.9538693,40.4386706]]]}},{"type":"Feature","id":"1391071888","properties":{"kind":"building"},"geometry":{"type":"Polygon","coordinates":[[[-79.9496305,40.4413388],[-79.9499245,40.4409819],[-79.9498575,40.4409499],[-79.9498807,40.4409217],[-79.9498066,40.4408864],[-79.9495144,40.4412409],[-79.9495768,40.4412707],[-79.9495517,40.4413012],[-79.9496305,40.4413388]]]}},{"type":"Feature","id":"1425503093","properties":{"kind":"building"},"geometry":{"type":"Polygon","coordinates":[[[-79.9510498,40.4375313],[-79.9510309,40.4375776],[-79.9508524,40.4375351],[-79.9508714,40.4374889],[-79.9510498,40.4375313]]]}},{"type":"Feature","id":"1425503094","properties":{"kind":"building"},"geometry":{"type":"Polygon","coordinates":[[[-79.9510309,40.4375776],[-79.9510115,40.4376247],[-79.950833,40.4375821],[-79.9508524,40.4375351],[-79.9510309,40.4375776]]]}},{"type":"Feature","id":"1425503095","properties":{"kind":"building"},"geometry":{"type":"Polygon","coordinates":[[[-79.9510115,40.4376247],[-79.9509923,40.4376716],[-79.9509678,40.4376657],[-79.9508137,40.4376288],[-79.950833,40.4375821],[-79.9510115,40.4376247]]]}},{"type":"Feature","id":"1425503096","properties":{"kind":"building"},"geometry":{"type":"Polygon","coordinates":[[[-79.9509678,40.4376657],[-79.9509477,40.4377146],[-79.9507936,40.4376778],[-79.9508137,40.4376288],[-79.9509678,40.4376657]]]}},{"type":"Feature","id":"1425506134","properties":{"kind":"building"},"geometry":{"type":"Polygon","coordinates":[[[-79.9515818,40.4375373],[-79.9515794,40.4375427],[-79.9516215,40.4375535],[-79.9516472,40.4374955],[-79.951605,40.4374847],[-79.9515818,40.4375373]]]}},{"type":"Feature","id":"1425506135","properties":{"kind":"building"},"geometry":{"type":"Polygon","coordinates":[[[-79.9518357,40.4374757],[-79.951904,40.4374927],[-79.9519528,40.4373794],[-79.9518845,40.4373624],[-79.9518357,40.4374757]]]}},{"type":"Feature","id":"1425506136","properties":{"kind":"building"},"geometry":{"type":"Polygon","coordinates":[[[-79.951542,40.4372804],[-79.9514671,40.4372627],[-79.9514028,40.4374208],[-79.9514595,40.4374342],[-79.9514808,40.4373819],[-79.951499,40.4373862],[-79.951542,40.4372804]]]}},{"type":"Feature","id":"1444791398","properties":{"kind":"building"},"geometry":{"type":"Polygon","coordinates":[[[-79.9470022,40.4431996],[-79.9464705,40.4430869],[-79.9464872,40.4430393],[-79.9464263,40.4430269],[-79.9464599,40.4429346],[-79.9464958,40.4428358],[-79.9465192,40.4428409],[-79.9465607,40.4427288],[-79.9465806,40.4427372],[-79.9467045,40.442816],[-79.9470952,40.4429454],[-79.9470022,40.4431996]]]}},{"type":"Feature","id":"1450679447","properties":{"kind":"building"},"geometry":{"type":"Polygon","coordinates":[[[-79.9585477,40.4402702],[-79.9584529,40.4402698],[-79.9583836,40.4402147],[-79.9583834,40.4401946],[-79.958383,40.4401453],[-79.9584638,40.4400896],[-79.9585522,40.4400905],[-79.9586241,40.4401489],[-79.9586225,40.4402163],[-79.9585477,40.4402702]]]}},{"type":"Feature","id":"1498150497","properties":{"kind":"building"},"geometry":{"type":"Polygon","coordinates":[[[-79.9545913,40.4476584],[-79.9545268,40.4477009],[-79.9545852,40.4477523],[-79.9546497,40.4477098],[-79.9545913,40.4476584]]]}},{"type":"Feature","id":"1511149576","properties":{"kind":"park"},"geometry":{"type":"Polygon","coordinates":[[[-79.9494461,40.4431495],[-79.9494312,40.4431155],[-79.9494123,40.4430975],[-79.9493849,40.4430876],[-79.9493528,40.443089],[-79.949328,40.4430998],[-79.9493111,40.4431202],[-79.9493091,40.4431421],[-79.9493248,40.443179],[-79.9493429,40.4431948],[-79.9493726,40.4432056],[-79.9494042,40.443203],[-79.9494285,40.4431911],[-79.9494435,40.4431749],[-79.9494461,40.4431495]]]}},{"type":"Feature","id":"1511149577","properties":{"kind":"building"},"geometry":{"type":"Polygon","coordinates":[[[-79.9475243,40.4435912],[-79.9471691,40.4441056],[-79.9476982,40.4443208],[-79.9483551,40.4442219],[-79.9482551,40.4439299],[-79.9480377,40.4437994],[-79.9475243,40.4435912]]]}},{"type":"Feature","id":"1520261266","properties":{"kind":"park"},"geometry":{"type":"Polygon","coordinates":[[[-79.9450321,40.4418873],[-79.9449476,40.4421246],[-79.9449422,40.4421323],[-79.9449348,40.4421323],[-79.9445567,40.4420532],[-79.9445573,40.442047],[-79.9450321,40.4418873]]]}},{"type":"Feature","id":"1520261267","properties":{"kind":"park"},"geometry":{"type":"Polygon","coordinates":[[[-79.9450193,40.4418694],[-79.9446398,40.4417919],[-79.9446183,40.4417995],[-79.9445352,40.4420251],[-79.9445533,40.4420271],[-79.9450193,40.4418694]]]}},{"type":"Feature","id":"1520261268","properties":{"kind":"park"},"geometry":{"type":"Polygon","coordinates":[[[-79.9443374,40.4420302],[-79.94433,40.4420532],[-79.9442308,40.4420654],[-79.9441148,40.4420894],[-79.9439934,40.4421139],[-79.9439458,40.442121],[-79.9439029,40.4421169],[-79.9439585,40.4419572],[-79.9443374,40.4420302]]]}},{"type":"Feature","id":"1520261269","properties":{"kind":"park"},"geometry":{"type":"Polygon","coordinates":[[[-79.9445895,40.4417934],[-79.9445754,40.4417786],[-79.9440812,40.441674],[-79.9440571,40.4416816],[-79.9439706,40.4419297],[-79.9444862,40.4420378],[-79.944493,40.4420373],[-79.944501,40.4420353],[-79.9445895,40.4417934]]]}},{"type":"Feature","id":"1537228572","properties":{"kind":"building"},"geometry":{"type":"Polygon","coordinates":[[[-79.9598339,40.4443512],[-79.9595053,40.44459],[-79.9593631,40.4446635],[-79.959288,40.4446941],[-79.9589601,40.4444361],[-79.9586752,40.4442078],[-79.9588947,40.4440585],[-79.9592263,40.4438239],[-79.9595751,40.4440864],[-79.9597493,40.4442255],[-79.9597295,40.4442726],[-79.9598339,40.4443512]]]}},{"type":"Feature","id":"1537228573","properties":{"kind":"building"},"geometry":{"type":"Polygon","coordinates":[[[-79.9623411,40.4451031],[-79.9624668,40.4449671],[-79.9625145,40.444992],[-79.9626225,40.4448701],[-79.9624986,40.4447927],[-79.9622677,40.4446701],[-79.9620704,40.4445631],[-79.9618713,40.4444681],[-79.9617306,40.4444089],[-79.9616306,40.4443684],[-79.9616023,40.4443934],[-79.9614192,40.4443355],[-79.9614492,40.444219],[-79.9610918,40.444188],[-79.9608465,40.4441721],[-79.9607009,40.4442055],[-79.96058,40.4442593],[-79.9605252,40.444361],[-79.9604816,40.4445174],[-79.9604715,40.4446169],[-79.9604674,40.4447303],[-79.9612215,40.4447823],[-79.9612616,40.4447996],[-79.9612732,40.4447867],[-79.9618698,40.4451054],[-79.9620187,40.4449296],[-79.9623411,40.4451031]]]}},{"type":"Feature","id":"1537237907","properties":{"kind":"building"},"geometry":{"type":"Polygon","coordinates":[[[-79.9588116,40.4389862],[-79.959138,40.4387474],[-79.9588157,40.4384922],[-79.9587222,40.4385606],[-79.9583372,40.4382558],[-79.9583646,40.4382357],[-79.9582669,40.4381584],[-79.9580066,40.4383487],[-79.9588116,40.4389862]]]}},{"type":"Feature","id":"1537282110","properties":{"kind":"building"},"geometry":{"type":"Polygon","coordinates":[[[-79.9627715,40.4384876],[-79.9625801,40.4383357],[-79.9625421,40.4383619],[-79.9625223,40.438349],[-79.9624838,40.4383752],[-79.9624756,40.4383699],[-79.9624155,40.4384192],[-79.9623565,40.438377],[-79.962325,40.4383943],[-79.9623045,40.4383819],[-79.9617529,40.4387742],[-79.961942,40.4389217],[-79.961966,40.4389057],[-79.962102,40.4390088],[-79.9621831,40.4389472],[-79.9621831,40.4389355],[-79.9622468,40.4388848],[-79.9622561,40.4388888],[-79.9627715,40.4384876]]]}},{"type":"Feature","id":"1544182720","properties":{"kind":"building"},"geometry":{"type":"Polygon","coordinates":[[[-79.9519262,40.4400591],[-79.9518154,40.4401747],[-79.951682,40.4401007],[-79.9517928,40.439985],[-79.9519262,40.4400591]]]}},{"type":"Feature","id":"1544182721","properties":{"kind":"building"},"geometry":{"type":"Polygon","coordinates":[[[-79.9515946,40.439578],[-79.9516797,40.4396231],[-79.9516028,40.4397071],[-79.9515178,40.439662],[-79.9515946,40.439578]]]}},{"type":"Feature","id":"1544182722","properties":{"kind":"building"},"geometry":{"type":"Polygon","coordinates":[[[-79.951493,40.4395171],[-79.951578,40.4395622],[-79.9515011,40.4396461],[-79.9514161,40.439601],[-79.951493,40.4395171]]]}},{"type":"Feature","id":"1544182723","properties":{"kind":"building"},"geometry":{"type":"Polygon","coordinates":[[[-79.9515061,40.4393236],[-79.9515911,40.4393687],[-79.9515142,40.4394526],[-79.9514292,40.4394075],[-79.9515061,40.4393236]]]}},{"type":"Feature","id":"1544182724","properties":{"kind":"building"},"geometry":{"type":"Polygon","coordinates":[[[-79.9516247,40.4393846],[-79.9517097,40.4394297],[-79.9516329,40.4395136],[-79.9515478,40.4394685],[-79.9516247,40.4393846]]]}},{"type":"Feature","id":"1544182725","properties":{"kind":"building"},"geometry":{"type":"Polygon","coordinates":[[[-79.9517233,40.4394426],[-79.9518083,40.4394877],[-79.9517314,40.4395716],[-79.9516464,40.4395265],[-79.9517233,40.4394426]]]}}]}
